shader,000_SKY_1ST,000_SKY_2ND,Light_Directional_use_implicit_lighting,PLANARMAP0AXIS,PLANARMAP1AXIS,PLANARMAP2AXIS,SPECULARMODE,SWITCH_ALPHATEST,SWITCH_BILLBOARD,SWITCH_BILLBOARDY,SWITCH_BILLBOARDY_PAT,SWITCH_BILLBOARDY_PAT_S,SWITCH_CHRLIGHT,SWITCH_CRYSTAL,SWITCH_DEPTHALPHA,SWITCH_DIFFUSEMAP0,SWITCH_DIFFUSEMAP1,SWITCH_DIFFUSEMAP1EDGEALPHA,SWITCH_DIFFUSEMAP2,SWITCH_DIFFUSEMAPCOLOR0,SWITCH_DIFFUSEMAPCOLOR1,SWITCH_DIFFUSEMAPCOLOR2,SWITCH_DISSOLVE,SWITCH_DITHERDISABLE,SWITCH_DOUBLESIDE,SWITCH_DUDVENABLE0,SWITCH_DUDVENABLE1,SWITCH_DUDVENABLE2,SWITCH_DUDVMAP,SWITCH_EDGEBIAS_TEX0_ALPHA,SWITCH_ENVMAP0,SWITCH_FACE_LIGHT_ADJUST,SWITCH_FAKE_SPECULAR,SWITCH_GEOMETRYMORPH,SWITCH_GLOW,SWITCH_GLOWMAP0,SWITCH_GLOWMAP0EDGEALPHA,SWITCH_GLOWMAP1,SWITCH_GLOWMAP_FOGINT,SWITCH_GRENDEL,SWITCH_HEIGHTMAPBLEND,SWITCH_HIGHLIGHT,SWITCH_LOD,SWITCH_MASKMAP0,SWITCH_MASKMAP1,SWITCH_MASKMAP2,SWITCH_METAL,SWITCH_MULTIPASS_SRC,SWITCH_MULTIPASS_TGT,SWITCH_NEARFADE,SWITCH_NOLIGHT,SWITCH_NORMALMAP0,SWITCH_NORMALMAP1,SWITCH_NORMALMAP2,SWITCH_OUTLINE,SWITCH_PARALLAXMAP0,SWITCH_PARALLAXMAP1,SWITCH_PARALLAXMAP2,SWITCH_PLANARMAP0,SWITCH_PLANARMAP0_ROTATE,SWITCH_PLANARMAP1,SWITCH_PLANARMAP1_ROTATE,SWITCH_PLANARMAP1_SINGLESIDE,SWITCH_PLANARMAP2,SWITCH_PLANARMAP2_SINGLESIDE,SWITCH_PLANTGROW,SWITCH_PRE_TRANSPARENT,SWITCH_RAYMARCH_SHADOW,SWITCH_REFRACTION,SWITCH_RIMALPHA,SWITCH_SCALE_UV_SYNC0,SWITCH_SCALE_UV_SYNC1,SWITCH_SCALE_UV_SYNC2,SWITCH_SHADOWONLY,SWITCH_SHADOWRECEIVE,SWITCH_SHAKING,SWITCH_SHAKINGVCOLOR,SWITCH_SPECULAR_MASK_BY_COLOR0_B,SWITCH_SPECULAR_PITCH_ADJUST,SWITCH_SPHEREMAP,SWITCH_SSR,SWITCH_TONEMAPPING,SWITCH_TOONMAP,SWITCH_TOONMASK,SWITCH_TRANSLUCENTMAP,SWITCH_VERTEXCOLOR,SWITCH_VERTEXCOLOR0,SWITCH_VERTEXCOLOR1,SWITCH_WATER_RIPPLE,SWITCH_WATER_RIPPLE_SOURCE,SWITCH_ZPREPASS,Switch_AlphaTest,Switch_Billboard,Switch_BillboardY,Switch_BillboardY_Pat,Switch_BillboardY_Pat_S,Switch_ChrLight,Switch_Crystal,Switch_DUDVEnable0,Switch_DUDVEnable1,Switch_DUDVEnable2,Switch_DUDVMap,Switch_DepthAlpha,Switch_DiffuseMap0,Switch_DiffuseMap1,Switch_DiffuseMap1EdgeAlpha,Switch_DiffuseMap2,Switch_DiffuseMap2EdgeAlpha,Switch_DiffuseMapColor0,Switch_DiffuseMapColor1,Switch_DiffuseMapColor2,Switch_Dissolve,Switch_DitherDisable,Switch_DitherTransparent,Switch_DoubleSide,Switch_EdgeBias_Tex0_Alpha,Switch_EnvMap0,Switch_Face_Light_Adjust,Switch_Fake_Specular,Switch_GeometryMorph,Switch_Glow,Switch_GlowMap0,Switch_GlowMap0EdgeAlpha,Switch_GlowMap1,Switch_GlowMap1EdgeAlpha,Switch_GlowMap_FogInt,Switch_Grendel,Switch_HeightMapBlend,Switch_HighLight,Switch_InteriorMap,Switch_Lod,Switch_MaskMap0,Switch_MaskMap1,Switch_MaskMap2,Switch_Metal,Switch_Mirror,Switch_MultiPass_Src,Switch_MultiPass_Tgt,Switch_NearFade,Switch_NoLight,Switch_NormalMap0,Switch_NormalMap1,Switch_NormalMap2,Switch_Outline,Switch_ParallaxMap0,Switch_ParallaxMap1,Switch_ParallaxMap2,Switch_PlanarMap0,Switch_PlanarMap0_Rotate,Switch_PlanarMap1,Switch_PlanarMap1_Rotate,Switch_PlanarMap1_SingleSide,Switch_PlanarMap2,Switch_PlanarMap2_Rotate,Switch_PlanarMap2_SingleSide,Switch_PlantGrow,Switch_Pre_Transparent,Switch_RayMarch_Shadow,Switch_Refraction,Switch_RimAlpha,Switch_SSR,Switch_Scale_UV_Sync0,Switch_Scale_UV_Sync1,Switch_Scale_UV_Sync2,Switch_ShadowOnly,Switch_ShadowReceive,Switch_Shaking,Switch_ShakingVColor,Switch_ShardSearch,Switch_Specular_Mask_By_Color0_B,Switch_Specular_Pitch_Adjust,Switch_SphereMap,Switch_ToneMapping,Switch_ToonMap,Switch_ToonMask,Switch_TranslucentMap,Switch_VertexColor,Switch_VertexColor0,Switch_VertexColor1,Switch_WaterMulti,Switch_Water_Ripple,Switch_Water_Ripple_Source,Switch_ZPrePass,TEX1BLENDMODE,TEX2BLENDMODE,TEX4BLENDMODE,frozen,isShadowEnable_g,isSwatchRender_g,lightEnable_g,noOutputMrt_g,postTransparent_g
chr_cloth#01904eac366ab935,,equ0209.mdl,1,,,,1,,,,,,,,,-1,,,,,,,,,-1,,,,,-1,,,,,-1,,,,,,,,,,,,,,,,,,,,,,,,,,,,,,,,,,,,,,,,-1,,,,,,,,-1,,,,,,,,,0,,,,,,0,,,,,,1,0,,0,,,,,,,,1,1,,,,,1,0,,0,,,,,,,0,0,0,,0,,0,0,0,,0,0,,,,,,,,,,,,,,,,,,,,,,,0,1,,,,,,,,1,0,,0,,,,,,,0,0,,0,0,0,0,,
chr_cloth#01fe73a04c3610ff,etc0002.mdl,equ8110.mdl,1,,,,0,,,,,,,,,,,,,,,,,,,,,,,-1,,,,,,,,,,,,,,,,,,,,,,,,,,,,,,,,,,,,,,,,,,,,-1,,,,,,,,,,,,,,,,,,0,,,,,,0,,,,,,0,0,,0,,,,,,,,0,1,,,,,0,0,,0,,,,,,,,0,0,,0,,,,0,,0,0,,,,,,,,,,,,,,,,,,,,,,,1,0,,,,,,,,0,0,,0,,,,,,,0,0,,0,0,0,0,,
chr_cloth#021ddbef0aaa6e6f,,ef_obj_n031.mdl,1,,,,1,,,,,,,-1,,-1,,,,,,,,,,,,,,-1,,,,,,,,,,,,,,,,,,,,,,,,,,,,,,,,,,,,,,,,,,,,,-1,,,,,,,,,,,,,,,,,0,,,,,,1,,,,,,1,0,,0,,,,,,,,0,1,,,,,0,0,,0,,,,,,,0,0,0,,0,,0,0,0,,0,0,,,,,,,,,,,,,,,,,,,,,,,0,1,,,,,,,,0,0,,0,,,,,,,0,0,,0,0,0,0,,
chr_cloth#02e17252e7482281,,ef_obj_g005.mdl,1,,,,1,,,,,,,,,-1,,,,,,,,,,,,,,,,,,,,,,,,,,,,-1,,,,,,,,,,,,,,,,,,,,,,,,,,,,,,,-1,,,,,,,,,,,,,,,,,0,,,,,,0,,,,,,1,0,,0,,,,,,,,0,0,,,,,0,0,,0,,,,,,,0,1,0,,0,,0,0,0,,0,0,,,,,,,,,,,,,,,,,,,,,,,0,1,,,,,,,,0,0,,0,,,,,,,0,0,,0,0,0,0,,
chr_cloth#030cf40212231216,equ0303.mdl,equ0303.mdl,1,,,,1,,,,,,,,,-1,,,,,,,,,,,,,,,,,,,-1,-1,,,,,,,,-1,,,-1,,,,,,,,,,,,,,,,,,,,,,,,,,,,-1,,,,,,,,-1,,,,,,,,,0,,,,,,0,,,,,,1,0,,0,,,,,,,,0,0,,,,,1,1,,0,,,,,,,0,1,0,,1,,,,0,,0,0,,,,,,,,,,,,,,,,,,,,,,,0,1,,,,,,,,1,0,,0,,,,,,,0,0,,0,0,0,0,,
chr_cloth#036bbceea37a2898,,chr0103_c10.mdl,1,,,,1,,,,,,,,,-1,,,,,,,,,-1,,,,,-1,,,,,,,,,,,,,,,,,-1,,,,,,,,,,,,,,,,,,,,,,,,,,,,-1,,,,,,,,,,,,,,,,,0,,,,,,0,,,,,,1,0,,0,,,,,,,,1,1,,,,,0,0,,0,,,,,,,0,0,0,,1,,0,0,0,,0,0,,,,,,,,,,,,,,,,,,,,,,,0,1,,,,,,,,0,0,,0,,,,,,,0,0,,0,0,0,0,,
chr_cloth#03a4501a4e8f98bf,etc0001.mdl,etc0001.mdl,1,,,,0,,,,,,,,,-1,,,,,,,,,-1,,,,,-1,,,,,,,,,,,,,,,-1,,,,,,,-1,,,,,,,,,,,,,,,,,,,,,,,-1,,,,,,,,-1,,,,,,,,,0,,,,,,0,,,,,,1,0,,0,,,,,,,,1,1,,,,,0,0,,0,,,,,,,,0,1,,0,,,,0,,1,0,,,,,,,,,,,,,,,,,,,,,,,0,1,,,,,,,,1,0,,0,,,,,,,0,0,,0,0,0,0,,
chr_cloth#045020dbf928f50e,equ0015.mdl,equ0015.mdl,1,,,,1,,,,,,,,,-1,,,,,,,,,-1,,,,,-1,,,,,-1,,,,,,,,,-1,,,-1,,,,,,,,,,,,,,,,,,,,,,,,,,,,-1,,,,,,,,-1,-1,,,,,,,,0,,,,,,0,,,,,,1,0,,0,,,,,,,,1,1,,,,,1,0,,0,,,,,,,0,1,0,,1,,,,0,,0,0,,,,,,,,,,,,,,,,,,,,,,,0,1,,,,,,,,1,1,,0,,,,,,,0,0,,0,0,0,0,,
chr_cloth#046d3226e8dde19e,ef_obj_m001.mdl,ef_obj_m001.mdl,1,,,,1,,,,,,,,,-1,,,,,,,,,,,,,,-1,,,,,-1,,,,,,,,,-1,,,,,,,,-1,,,,,,,,,,,,,,,,,,,,,,,-1,,,,,,,,-1,-1,,,,,,,,0,,,,,,0,,,,,,1,0,,0,,,,,,,,0,1,,,,,1,0,,0,,,,,,,0,1,0,,0,,,,0,,1,0,,,,,,,,,,,,,,,,,,,,,,,0,1,,,,,,,,1,1,,0,,,,,,,0,0,,0,0,0,0,,
chr_cloth#06f8d441b1011b2c,equ0010_l.mdl,equ0010_l.mdl,1,,,,2,,,,,,,,,-1,,,,,,,,,,,,,,,,,,,,,,,,,,,,-1,,,-1,,,,,-1,,,,,,,,,,,,,,,,,,,,,,,-1,,,,,,,,-1,,,,,,,,,0,,,,,,0,,,,,,1,0,,0,,,,,,,0,0,,,,,,0,0,,0,,,0,,,,,1,0,,1,,,,0,,1,0,,,,,,,,,,,,,,,,,,,,,,,0,1,,,,,,,,1,,,0,,,,,,,0,0,,0,0,,0,,
chr_cloth#07e57f9c9e9dc4af,,equ0144.mdl,1,,,,1,-1,,,,,,,,-1,,,,,,,,,,,,,,,,,,,,,,,,,,,,-1,,,,,,,,-1,,,,,,,,,,,,,,,,,,,,,,,-1,,,,,,,,-1,,,,,,,,,1,,,,,,0,,,,,,1,0,,0,,,,,,,,0,0,,,,,0,0,,0,,,,,,,0,1,0,,0,,0,0,0,,1,0,,,,,,,,,,,,,,,,,,,,,,,0,1,,,,,,,,1,0,,0,,,,,,,0,0,,0,0,0,0,,
chr_cloth#092db73ecb36160f,equ0505.mdl,equ0505.mdl,1,,,,1,-1,,,,,,,,-1,,,,,,,,,-1,,,,,,,,,,,,,,,,,,,,,,-1,,,,,-1,,,,,,,,,,,,,,,,,,,,,,,-1,,,,,,,,-1,,,,,,,,,1,,,,,,0,,,,,,1,0,,0,,,,,,,,1,0,,,,,0,0,,0,,,,,,,,0,0,,1,,,,0,,1,0,,,,,,,,,,,,,,,,,,,,,,,0,1,,,,,,,,1,0,,0,,,,,,,0,0,,0,0,0,0,,
chr_cloth#0ce4a40fbc577d11,,orbment_slot_color1.mdl,1,,,,1,,,,,,,,,-1,,,,,,,,,-1,,,,,,,,,,-1,,,,,,,,,,,,,,,,,,,,,,,,,,,,,,,,,,,,,,,,-1,,,,,,,,-1,-1,,,,,,,,0,,,,,,0,,,,,,1,0,,0,,,,,,,,1,0,,,,,1,0,,0,,,,,,,0,0,0,,0,,0,0,0,,0,0,,,,,,,,,,,,,,,,,,,,,,,0,1,,,,,,,,1,1,,0,,,,,,,0,0,,0,0,0,0,,
chr_cloth#0e2ba7cedaab88d4,,equ0035.mdl,1,,,,1,,,,,,,,,-1,,,,,,,,,,,,,,,,,,,-1,,,,,,,,,,,,,,,-1,,,,,,,,,,,,,,,,,,,,,,,,,-1,,,,,,,,,,,,,,,,,0,,,,,,0,,,,,,1,0,,0,,,,,,,,0,0,,,,,1,0,,0,,,,,,,0,0,0,,0,,0,0,1,,0,0,,,,,,,,,,,,,,,,,,,,,,,0,1,,,,,,,,0,0,,0,,,,,,,0,0,,0,0,0,0,,
chr_cloth#132ef973b0e7c8ae,,equ0026.mdl,1,,,,1,,,,,,,,,-1,,,,,,,,,,,,,,-1,,,,,-1,,,,,,,,,-1,,,-1,,,,,,,,,,,,,,,,,,,,,,,,,,,,-1,,,,,,,,-1,-1,,,,,,,,0,,,,,,0,,,,,,1,0,,0,,,,,,,,0,1,,,,,1,0,,0,,,,,,,0,1,0,,1,,0,0,0,,0,0,,,,,,,,,,,,,,,,,,,,,,,0,1,,,,,,,,1,1,,0,,,,,,,0,0,,0,0,0,0,,
chr_cloth#13a1f016865fcfb0,,equ8104.mdl,1,,,,1,,,,,,,,,-1,,,,,,,,,-1,,,,,-1,,,,,-1,,,,,,,,,,,,,,,,,,,,,,,,,,,,,,,,,,,,,,,,,,,,,,,,-1,,,,,,,,,0,,,,,,0,,,,,,1,0,,0,,,,,,,,1,1,,,,,1,0,,0,,,,,,,0,0,0,,0,,0,0,0,,0,0,,,,,,,,,,,,,,,,,,,,,,,0,0,,,,,,,,1,0,,0,,,,,,,0,0,,0,0,0,0,,
chr_cloth#15ea4e1c907ff48f,chr5001_c03.mdl,chr5001_c03.mdl,1,,,,1,,,,,,,,,-1,-1,,,,,,,,-1,,,,,,,,,,,,,,,,,,,-1,,,,,,,,-1,-1,,,,,,,,,,,,,,,,,,,,,,-1,,,,,,,,-1,,,,,,,,,0,,,,,,0,,,,,,1,1,,0,,,,,,,0,1,,,,,,0,0,,0,,,0,,,,,1,0,,0,,,,0,,1,1,,,,,,,,,,,,,,,,,,,,,,,0,1,,,,,,,,1,,,0,,,,,,,0,0,,0,0,,0,,
chr_cloth#16689e86ce435c94,equ8023.mdl,equ8023.mdl,1,,,,0,,,,,,,,,-1,,,,,,,,,,,,,,,,,,,-1,-1,,,,,,,,,,,,,,,,,,,,,,,,,,,,,,,,,,,,,,,-1,,,,,,,,-1,,,,,,,,,0,,,,,,0,,,,,,1,0,,0,,,,,,,,0,0,,,,,1,1,,0,,,,,,,0,0,0,,0,,,,0,,0,0,,,,,,,,,,,,,,,,,,,,,,,0,1,,,,,,,,1,0,,0,,,,,,,0,0,,0,0,0,0,,
chr_cloth#18d2884a77ce6582,equ0502.mdl,equ0502.mdl,1,,,,2,,,,,,,,,-1,,,,,,,,,,,,,,,,,,,,,,,,,,,,,,,,,,,,,,,,,,,,,,,,,,,,,,,,,,,-1,,,,,,,,-1,,,,,,,,,0,,,,,,0,,,,,,1,0,,0,,,,,,,,0,0,,,,,0,0,,0,,,,,,,,0,0,,0,,,,0,,0,0,,,,,,,,,,,,,,,,,,,,,,,0,1,,,,,,,,1,0,,0,,,,,,,0,0,,0,0,0,0,,
chr_cloth#1a4bbde467cbe12c,ef_shp_y001.mdl,ef_shp_y001.mdl,1,,,,1,,,,,,,,,,,,,,,,,,,,,,,,,,,,,,,,,,,,,,,,,,,,,,,,,,,,,,,,,,,,,,,,,,,,,,,,,,,,,,,,,,,,,0,,,,,,0,,,,,,0,0,,0,,,,,,,0,0,,,,,,0,0,,0,,,0,,,,,0,0,,0,,,,0,,0,0,,,,,,,,,,,,,,,,,,,,,,,0,0,,,,,,,,0,,,0,,,,,,,0,0,,0,0,,0,,
chr_cloth#1a4de796d5b78b95,equ0202.mdl,equ0202.mdl,1,,,,1,,,,,,,,,-1,,,,,,,,,-1,,,,,-1,,,,,-1,,,,,,,,,-1,,,,,,,,,,,,,,,,,,,,,,,,,,,,,,,-1,,,,,,,,-1,-1,,,,,,,,0,,,,,,0,,,,,,1,0,,0,,,,,,,,1,1,,,,,1,0,,0,,,,,,,0,1,0,,0,,,,0,,0,0,,,,,,,,,,,,,,,,,,,,,,,0,1,,,,,,,,1,1,,0,,,,,,,0,0,,0,0,0,0,,
chr_cloth#1c2e1be852ba23e3,,ef_obj_a356b.mdl,1,,,,2,,,,,,,,,-1,,,,,,,,,,,,,,-1,,,,,,,,,,,,,,-1,,,,,,,,,,,,,,,,,,,,,,,,,,,,,,,-1,,,,,,,,-1,,,,,,,,,0,,,,,,0,,,,,,1,0,,0,,,,,,,,0,1,,,,,0,0,,0,,,,,,,0,1,0,,0,,0,0,0,,0,0,,,,,,,,,,,,,,,,,,,,,,,0,1,,,,,,,,1,0,,0,,,,,,,0,0,,0,0,0,0,,
chr_cloth#1d50650b6051f66c,chr0104.mdl,chr0104.mdl,1,,,,1,,,,,,,,,-1,,,,,,,,,,,,,,-1,,,,,,,,,,,,,,,,,-1,,,,,-1,,,,,,,,,,,,,,,,,,,,,,,-1,,,,,,,,-1,,,,,,,,,0,,,,,,0,,,,,,1,0,,0,,,,,,,,0,1,,,,,0,0,,0,,,,,,,0,0,0,,1,,,,0,,1,0,,,,,,,,,,,,,,,,,,,,,,,0,1,,,,,,,,1,0,,0,,,,,,,0,0,,0,0,0,0,,
chr_cloth#1e09b679e7a67316,,equ2034.mdl,1,,,,1,,,,,,,,,-1,,,,,,,,,,,,,,-1,,,,,,,,,,,,,,,,,,,,,,-1,,,,,,,,,,,,,,,,,,,,,,,-1,,,,,,,,-1,,,,,,,,,0,,,,,,0,,,,,,1,0,,0,,,,,,,,0,1,,,,,0,0,,0,,,,,,,0,0,0,,0,,0,0,0,,1,0,,,,,,,,,,,,,,,,,,,,,,,0,1,,,,,,,,1,0,,0,,,,,,,0,0,,0,0,0,0,,
chr_cloth#1f4f55b2bdc2d78b,ef_obj_a080.mdl,equ0310.mdl,1,,,,1,,,,,,,,,-1,,,,,,,,,,,,,,,,,,,,,,,,,,,,-1,,,-1,,,,,,,,,,,,,,,,,,,,,,,,,,,,-1,,,,,,,,-1,,,,,,,,,0,,,,,,0,,,,,,1,0,,0,,,,,,,0,0,,,,,,0,0,,0,,,0,,,,,1,0,,1,,,,0,,0,0,,,,,,,,,,,,,,,,,,,,,,,0,1,,,,,,,,1,,,0,,,,,,,0,0,,0,0,,0,,
chr_cloth#20d5bef377baae41,equ0509.mdl,equ0509.mdl,0,,,,1,,,,,,,,,-1,,,,,,,,,-1,,,,,-1,,,,,,,,,,,,,,,,,,,,,,,,,,,,,,,,,,,,,,,,,,,,,-1,,,,,,,,-1,-1,,,,,,,,0,,,,,,0,,,,,,1,0,,0,,,,,,,,1,1,,,,,0,0,,0,,,,,,,0,0,0,,0,,,,0,,0,0,,,,,,,,,,,,,,,,,,,,,,,0,1,,,,,,,,1,1,,0,,,,,,,0,0,,0,0,0,0,,
chr_cloth#222c0207827fefb8,chr5000_c50.mdl,chr5000_c50.mdl,1,,,,1,,,,,,,,,-1,,,,,,,,,-1,,,,,-1,,,,,,,,,,,,,,-1,,,-1,,,,,,,,,,,,,,,,,,,,,,,,,,,,-1,,,,,,,,-1,-1,,,,,,,,0,,,,,,0,,,,,,1,0,,0,,,,,,,,1,1,,,,,0,0,,0,,,,,,,0,1,0,,1,,,,0,,0,0,,,,,,,,,,,,,,,,,,,,,,,0,1,,,,,,,,1,1,,0,,,,,,,0,0,,0,0,0,0,,
chr_cloth#223366b1cd88591d,ef_obj_a168.mdl,,1,,,,1,,,,,,,-1,,-1,,,,,,,,,,,,,,,,,,,-1,,,,,,,,,-1,,,,,,,,-1,,,,,,,,,,,,,,,,,,,,,,,-1,,,,,,,,-1,,,,,,,,,0,,,,,,1,,,,,,1,0,,0,,,,,,,0,0,,,,,,1,0,,0,,,0,,,,,1,0,,0,,,,0,,1,0,,,,,,,,,,,,,,,,,,,,,,,0,1,,,,,,,,1,,,0,,,,,,,0,0,,0,0,,0,,
chr_cloth#228027a45ad9923f,,ef_obj_a393.mdl,1,,,,1,,,,,,,,,-1,,,,,,,,,,,,,,,,,,,-1,,,,,,,,,,,,,,,,,,,,,,,,,,,,,,,,,,,,,,,,,,,,,,,,,,,,,,,,,0,,,,,,0,,,,,,1,0,,0,,,,,,,,0,0,,,,,1,0,,0,,,,,,,0,0,0,,0,,0,0,0,,0,0,,,,,,,,,,,,,,,,,,,,,,,0,0,,,,,,,,0,0,,0,,,,,,,0,0,,0,0,0,0,,
chr_cloth#22970bd277c040a7,ob_e04_003b.mdl,ob_e04_003b.mdl,1,,,,1,-1,,,,,,,,-1,,,,,,,,,-1,,,,,,,,,,,,,,,,,,,-1,,,,,,,,-1,,,,,,,,,,,,,,,,,,,,,,,-1,,,,,,,,,,,,,,,,,1,,,,,,0,,,,,,1,0,,0,,,,,,,,1,0,,,,,0,0,,0,,,,,,,0,1,0,,0,,,,0,,1,0,,,,,,,,,,,,,,,,,,,,,,,0,1,,,,,,,,0,0,,0,,,,,,,0,0,,0,0,0,0,,
chr_cloth#2354d82d3aa1ddf2,chr0001_c51.mdl,chr0001_c51.mdl,1,,,,1,,,,,,,,,-1,,,,,,,,,,,,,,-1,,,,,,,,,,,,,,,,,-1,,,,,-1,,,,,,,,,,,,,,,,,,,,,,,-1,,,,,,,,-1,-1,,,,,,,,0,,,,,,0,,,,,,1,0,,0,,,,,,,,0,1,,,,,0,0,,0,,,,,,,0,0,0,,1,,,,0,,1,0,,,,,,,,,,,,,,,,,,,,,,,0,1,,,,,,,,1,1,,0,,,,,,,0,0,,0,0,0,0,,
chr_cloth#25706ae7485b0442,equ0520.mdl,equ0520.mdl,0,,,,2,,,,,,,,,-1,,,,,,,,,-1,,,,,,,,,,,,,,,,,,,,,,-1,,,,,,,,,,,,,,,,,,,,,,,,,,,,-1,,,,,,,,-1,,,,,,,,,0,,,,,,0,,,,,,1,0,,0,,,,,,,,1,0,,,,,0,0,,0,,,,,,,0,0,0,,1,,,,0,,0,0,,,,,,,,,,,,,,,,,,,,,,,0,1,,,,,,,,1,0,,0,,,,,,,0,0,,0,0,0,0,,
chr_cloth#2575292eaaa9bff3,ef_obj_a034.mdl,chr5004_c75.mdl,1,,,,1,,,,,,,,,-1,,,,,,,,,,,,,,,,,,,,,,,,,,,,,,,,,,,,-1,,,,,,,,,,,,,,,,,,,,,,,-1,,,,,,,,-1,,,,,,,,,0,,,,,,0,,,,,,1,0,,0,,,,,,,0,0,,,,,,0,0,,0,,,0,,,,,0,0,,0,,,,0,,1,0,,,,,,,,,,,,,,,,,,,,,,,0,1,,,,,,,,1,,,0,,,,,,,0,0,,0,0,,0,,
chr_cloth#276e283ca6dbf4c7,,etc1110.mdl,1,,,,1,,,,,,,,,-1,,,,,,,,,,,,,,,,,,,,,,,,,,,,,,,,,,-1,,,,,,,,,,,,,,,,,,,,,,,,,-1,,,,,,,,-1,,,,,,,,,0,,,,,,0,,,,,,1,0,,0,,,,,,,,0,0,,,,,0,0,,0,,,,,,,0,0,0,,0,,,,1,,0,0,,,,,,,,,,,,,,,,,,,,,,,0,1,,,,,,,,1,0,,0,,,,,,,0,0,,0,0,0,0,,
chr_cloth#285b4688270e7d88,chr5000_c51.mdl,chr5000_c51.mdl,1,,,,1,,,,,,,,,-1,,,,,,,,,-1,,,,,-1,,,,,,,,,,,,,,,,,-1,,,,,-1,,,,,,,,,,,,,,,,,,,,,,,-1,,,,,,,,-1,-1,,,,,,,,0,,,,,,0,,,,,,1,0,,0,,,,,,,,1,1,,,,,0,0,,0,,,,,,,0,0,0,,1,,,,0,,1,0,,,,,,,,,,,,,,,,,,,,,,,0,1,,,,,,,,1,1,,0,,,,,,,0,0,,0,0,0,0,,
chr_cloth#286b4f4510116fe8,chr5007_c03.mdl,chr5007_c03.mdl,1,,,,1,,,,,,,,,-1,,,,,,,,,,,,,,,,,,,,,,,,,,,,-1,,,,,,,,,,,,,,,,,,,,,,,,,,,,,,,-1,,,,,,,,-1,,,,,,,,,0,,,,,,0,,,,,,1,0,,0,,,,,,,0,0,,,,,,0,0,,0,,,0,,,,,1,0,,0,,,,0,,0,0,,,,,,,,,,,,,,,,,,,,,,,0,1,,,,,,,,1,,,0,,,,,,,0,0,,0,0,,0,,
chr_cloth#2916c5b3795263be,chr5007_c08.mdl,chr5007_c08.mdl,1,,,,1,,,,,,,,,-1,,,,,,,,,,,,,,,,,,,,,,,,-1,,,,-1,,,,,,,,-1,,,,,,,,,,,,,,,,,,,,,,,-1,,,,,,,,-1,,,,,,,,,0,,,,,,0,,,,,,1,0,,0,,,,,,,0,0,,,,,,0,0,,0,,,1,,,,,1,0,,0,,,,0,,1,0,,,,,,,,,,,,,,,,,,,,,,,0,1,,,,,,,,1,,,0,,,,,,,0,0,,0,0,,0,,
chr_cloth#2ab43196333af485,,equ0030_c00.mdl,1,,,,1,,,,,,,,,-1,,,,,,,,,-1,,,,,,,,,,-1,,,,,,,,,-1,,,-1,,,,,,,,,,,,,,,,,,,,,,,,,,,,-1,,,,,,,,-1,-1,,,,,,,,0,,,,,,0,,,,,,1,0,,0,,,,,,,,1,0,,,,,1,0,,0,,,,,,,0,1,0,,1,,0,0,0,,0,0,,,,,,,,,,,,,,,,,,,,,,,0,1,,,,,,,,1,1,,0,,,,,,,0,0,,0,0,0,0,,
chr_cloth#2c8a27517139dcf1,,equ8085.mdl,1,,,,0,-1,,,,,,,,-1,-1,,,,,,,,-1,,,,,,,,,,,,,,,,,,,,,,,,,,,,,,,,,,,,,,,,,,,,,,,,,,-1,,,,,,,,-1,-1,,,,,,,,1,,,,,,0,,,,,,1,1,,0,,,,,,,,1,0,,,,,0,0,,0,,,,,,,0,0,0,,0,,0,0,0,,0,0,,,,,,,,,,,,,,,,,,,,,,,0,1,,,,,,,,1,1,,0,,,,,,,0,0,,0,0,0,0,,
chr_cloth#2ccc5bdcc6a48eb1,ef_obj_m011.mdl,,1,,,,1,,,,,,,,,-1,,,,,,,,,,,,,,,,,,,-1,-1,,,,-1,,,,,,,,,,,,,,,,,,,,,,,,,,,,,,,,,,,-1,,,,,,,,,,,,,,,,,0,,,,,,0,,,,,,1,0,,0,,,,,,,0,0,,,,,,1,1,,0,,,1,,,,,0,0,,0,,,,0,,0,0,,,,,,,,,,,,,,,,,,,,,,,0,1,,,,,,,,0,,,0,,,,,,,1,0,,0,0,,0,,
chr_cloth#2deb5cf072b17511,chr0110.mdl,chr0110.mdl,1,,,,1,,,,,,,,,-1,,,,,,,,,-1,,,,,-1,,,,,,,,,,,,,,-1,,,-1,,,,,,,,,,,,,,,,,,,,,,,,,,,,-1,,,,,,,,-1,,,,,,,,,0,,,,,,0,,,,,,1,0,,0,,,,,,,,1,1,,,,,0,0,,0,,,,,,,0,1,0,,1,,,,0,,0,0,,,,,,,,,,,,,,,,,,,,,,,0,1,,,,,,,,1,0,,0,,,,,,,0,0,,0,0,0,0,,
chr_cloth#2e8c5046ec8b12ff,chr9999.mdl,chr9999.mdl,1,,,,0,,,,,,,,,-1,,,,,,,,,,,,,,,,,,,,,,,,,,,,,,,,,,,,,,,,,,,,,,,,,,,,,,,,,,,-1,,,,,,,,-1,,,,,,,,,0,,,,,,0,,,,,,1,0,,0,,,,,,,,0,,,,,,0,0,,0,,,,,,,,0,0,,0,,,,0,,0,0,,,,,,,,,,,,,,,,,,,,,,,0,1,,,,,,,,1,0,,0,,,,,,,0,0,,0,0,0,0,,
chr_cloth#2fb7081cbc89e33f,,equ0003.mdl,1,,,,1,,,,,,,-1,,-1,,,,,,,,,,,,,,-1,,,,,,,,,,,,,,,,,,,,,,-1,,,,,,,,,,,,,,,,,,,,,,,-1,,,,,,,,,,,,,,,,,0,,,,,,1,,,,,,1,0,,0,,,,,,,,0,1,,,,,0,0,,0,,,,,,,0,0,0,,0,,0,0,0,,1,0,,,,,,,,,,,,,,,,,,,,,,,0,1,,,,,,,,0,0,,0,,,,,,,0,0,,0,0,0,0,,
chr_cloth#302496997acbb24b,,equ8105.mdl,1,,,,1,,,,,,,,,-1,,,,,,,,,,,,,,,,,,,,,,,,,,,,,,,,,,,,,,,,,,,,,,,,,,,,,,,,,,,,,,,,,,,,,,,,,,,,0,,,,,,0,,,,,,1,0,,0,,,,,,,,0,0,,,,,0,0,,0,,,,,,,0,0,0,,0,,0,0,0,,0,0,,,,,,,,,,,,,,,,,,,,,,,0,0,,,,,,,,0,0,,0,,,,,,,0,0,,0,0,0,0,,
chr_cloth#30c600bb264917ac,ef_obj_a070.mdl,,1,,,,1,,,,,,,,,-1,,,,,,,,,-1,,,,,,,,,,,,,,,-1,,,,-1,,,,,,,,-1,,,,,,,,,,,,,,,,,,,,,,,-1,,,,,,,,-1,,,,,,,,,0,,,,,,0,,,,,,1,0,,0,,,,,,,0,1,,,,,,0,0,,0,,,1,,,,,1,0,,0,,,,0,,1,0,,,,,,,,,,,,,,,,,,,,,,,0,1,,,,,,,,1,,,0,,,,,,,0,0,,0,0,,0,,
chr_cloth#32abbf6a86d0c627,,ef_obj_a389a.mdl,1,,,,0,,,,,,,,,-1,,,,,,,,,,,,,,-1,,,,,,,,,,,,,,,,,,,,,,-1,,,,,,,,,,,,,,,,,,,,,,,-1,,,,,,,,-1,,,,,,,,,0,,,,,,0,,,,,,1,0,,0,,,,,,,,0,1,,,,,0,0,,0,,,,,,,0,0,0,,0,,0,0,0,,1,0,,,,,,,,,,,,,,,,,,,,,,,0,1,,,,,,,,1,0,,0,,,,,,,0,0,,0,0,0,0,,
chr_cloth#330e6f4a3784a55e,,chr5000_c72.mdl,0,,,,1,,,,,,,,,-1,,,,,,,,,,,,,,-1,,,,,,,,,,,,,,,,,-1,,,,,,,,,,,,,,,,,,,,,,,,,,,,-1,,,,,,,,-1,,,,,,,,,0,,,,,,0,,,,,,1,0,,0,,,,,,,,0,1,,,,,0,0,,0,,,,,,,0,0,0,,1,,0,0,0,,0,0,,,,,,,,,,,,,,,,,,,,,,,0,1,,,,,,,,1,0,,0,,,,,,,0,0,,0,0,0,0,,
chr_cloth#3336d95630daf9da,,equ0141.mdl,1,,,,1,,,,,,,-1,,-1,,,,,,,,,,,,,,,,,,,-1,,,,,,,,,,,,,,,,,,,,,,,,,,,,,,,,,,,,,,,,-1,,,,,,,,-1,,,,,,,,,0,,,,,,1,,,,,,1,0,,0,,,,,,,,0,0,,,,,1,0,,0,,,,,,,0,0,0,,0,,0,0,0,,0,0,,,,,,,,,,,,,,,,,,,,,,,0,1,,,,,,,,1,0,,0,,,,,,,0,0,,0,0,0,0,,
chr_cloth#33c952f4581366bf,chr5001_c55.mdl,chr5001_c55.mdl,1,,,,1,-1,,,,,,,,-1,,,,,,,,,-1,,,,,,,,,,,,,,,,,,,-1,,,,,,,,-1,,,,,,,,,,,,,,,,,,,,,,,-1,,,,,,,,-1,,,,,,,,,1,,,,,,0,,,,,,1,0,,0,,,,,,,0,1,,,,,,0,0,,0,,,0,,,,,1,0,,0,,,,0,,1,0,,,,,,,,,,,,,,,,,,,,,,,0,1,,,,,,,,1,,,0,,,,,,,0,0,,0,0,,0,,
chr_cloth#33ff3581583de3dc,etc0002.mdl,etc0002.mdl,1,,,,0,,,,,,,,,-1,,,,,,,,,-1,,,,,-1,,,,,,,,,,,,,,-1,,,,,,,,-1,,,,,,,,,,,,,,,,,,,,,,,-1,,,,,,,,-1,,,,,,,,,0,,,,,,0,,,,,,1,0,,0,,,,,,,,1,1,,,,,0,0,,0,,,,,,,,1,0,,0,,,,0,,1,0,,,,,,,,,,,,,,,,,,,,,,,0,1,,,,,,,,1,0,,0,,,,,,,0,0,,0,0,0,0,,
chr_cloth#343c6b6b197125f6,,equ2027.mdl,1,,,,1,,,,,,,-1,,-1,,,,,,,,,,,,,,,,,,,,,,,,,,,,,,,,,,,,-1,,,,,,,,,,,,,,,,,,,,,,,-1,,,,,,,,-1,,,,,,,,,0,,,,,,1,,,,,,1,0,,0,,,,,,,,0,0,,,,,0,0,,0,,,,,,,0,0,0,,0,,0,0,0,,1,0,,,,,,,,,,,,,,,,,,,,,,,0,1,,,,,,,,1,0,,0,,,,,,,0,0,,0,0,0,0,,
chr_cloth#34bcc767be7a12de,,equ0534.mdl,1,,,,1,,,,,,,-1,,-1,,,,,,,,,,,,,,-1,,,,,,,,,,,,,,,,,,,,,,,,,,,,,,,,,,,,,,,,,,,,,-1,,,,,,,,-1,,,,,,,,,0,,,,,,1,,,,,,1,0,,0,,,,,,,,0,1,,,,,0,0,,0,,,,,,,0,0,0,,0,,0,0,0,,0,0,,,,,,,,,,,,,,,,,,,,,,,0,1,,,,,,,,1,0,,0,,,,,,,0,0,,0,0,0,0,,
chr_cloth#34f960af590893a6,,equ8102.mdl,1,,,,1,,,,,,,,,-1,,,,,,,,,,,,,,,,,,,,,,,,,,,,,,,-1,,,,,,,,,,,,,,,,,,,,,,,,,,,,-1,,,,,,,,-1,-1,,,,,,,,0,,,,,,0,,,,,,1,0,,0,,,,,,,,0,0,,,,,0,0,,0,,,,,,,0,0,0,,1,,0,0,0,,0,0,,,,,,,,,,,,,,,,,,,,,,,0,1,,,,,,,,1,1,,0,,,,,,,0,0,,0,0,0,0,,
chr_cloth#3636fcbc3f3d94da,chr0327.mdl,chr0327.mdl,1,,,,1,,,,,,,,,-1,,,,,,,,,-1,,,,,,,,,,,,,,,,,,,-1,,,-1,,,,,-1,,,,,,,,,,,,,,,,,,,,,,,-1,,,,,,,,-1,-1,,,,,,,,0,,,,,,0,,,,,,1,0,,0,,,,,,,,1,0,,,,,0,0,,0,,,,,,,0,1,0,,1,,,,0,,1,0,,,,,,,,,,,,,,,,,,,,,,,0,1,,,,,,,,1,1,,0,,,,,,,0,0,,0,0,0,0,,
chr_cloth#36cdb919a6f05142,equ8006.mdl,equ8006.mdl,1,,,,1,,,,,,,,,,,,,,,,,,,,,,,-1,,,,,,,,,,,,,,,,,,,,,,,,,,,,,,,,,,,,,,,,,,,,-1,,,,,,,,,,,,,,,,,,0,,,,,,0,,,,,,0,0,,0,,,,,,,,0,1,,,,,0,0,,0,,,,,,,0,0,0,,0,,,,0,,0,0,,,,,,,,,,,,,,,,,,,,,,,1,0,,,,,,,,0,0,,0,,,,,,,0,0,,0,0,0,0,,
chr_cloth#3a2b18d4c9b228d7,ob_e00_000b.mdl,ob_e00_000b.mdl,1,,,,1,,,,,,,,,-1,,,,,,,,,,,,,,,,,,,,,,,,,,,,-1,,,,,,,,-1,,,,,,,,,,,,,,,,,,,,,,,-1,,,,,,,,,,,,,,,,,0,,,,,,0,,,,,,1,0,,0,,,,,,,,0,0,,,,,0,0,,0,,,,,,,0,1,0,,0,,,,0,,1,0,,,,,,,,,,,,,,,,,,,,,,,0,1,,,,,,,,0,0,,0,,,,,,,0,0,,0,0,0,0,,
chr_cloth#3af2731c535c9236,chr0001_c62.mdl,chr0001_c62.mdl,1,,,,2,,,,,,,,,-1,,,,,,,,,,,,,,,,,,,,,,,,,,,,-1,,,-1,,,,,-1,,,,,,,,,,,,,,,,,,,,,,,-1,,,,,,,,-1,-1,,,,,,,,0,,,,,,0,,,,,,1,0,,0,,,,,,,,0,0,,,,,0,0,,0,,,,,,,0,1,0,,1,,,,0,,1,0,,,,,,,,,,,,,,,,,,,,,,,0,1,,,,,,,,1,1,,0,,,,,,,0,0,,0,0,0,0,,
chr_cloth#3b2a261c7170d19b,,ef_obj_o027.mdl,1,,,,1,,,,,,,-1,,-1,-1,,,,,,,,,,,,,,,,,,-1,,,-1,,,,,,,,,,,,,,-1,,,,,,,,,,,,,,,,,,,,,,,-1,,,,,,,,-1,,,,,,,,,0,,,,,,1,,,,,,1,1,,0,,,,,,,,0,0,,,,,1,0,,1,,,,,,,0,0,0,,0,,0,0,0,,1,0,,,,,,,,,,,,,,,,,,,,,,,0,1,,,,,,,,1,0,,0,,,,,,,2,0,,0,0,0,0,,
chr_cloth#3b540bc1dd812b83,chr0001_c51.mdl,chr0001_c51.mdl,1,,,,1,,,,,,,,,-1,,,,,,,,,-1,,,,,,,,,,,,,,,,,,,,,,-1,,,,,-1,,,,,,,,,,,,,,,,,,,,,,,-1,,,,,,,,-1,-1,,,,,,,,0,,,,,,0,,,,,,1,0,,0,,,,,,,,1,0,,,,,0,0,,0,,,,,,,0,0,0,,1,,,,0,,1,0,,,,,,,,,,,,,,,,,,,,,,,0,1,,,,,,,,1,1,,0,,,,,,,0,0,,0,0,0,0,,
chr_cloth#3d37608583dc0553,ef_obj_a337.mdl,ef_obj_a337.mdl,1,,,,1,,,,,,,,,-1,,,,,,,,,,,,,,,,,,,-1,,,,,,,,,-1,,,-1,,,,,-1,,,,,,,,,,,,,,,,,,,,,,,-1,,,,,,,,-1,,,,,,,,,0,,,,,,0,,,,,,1,0,,0,,,,,,,,0,0,,,,,1,0,,0,,,,,,,,1,0,,1,,,,0,,1,0,,,,,,,,,,,,,,,,,,,,,,,0,1,,,,,,,,1,0,,0,,,,,,,0,0,,0,0,0,0,,
chr_cloth#3dc22e3100df1530,etc0000.mdl,equ8110.mdl,1,,,,0,,,,,,,,,-1,,,,,,,,,-1,,,,,,,,,,,,,,,,,,,-1,,,,,,,,-1,,,,,,,,,,,,,,,,,,,,,,,-1,,,,,,,,-1,,,,,,,,,0,,,,,,0,,,,,,1,0,,0,,,,,,,,1,0,,,,,0,0,,0,,,,,,,0,1,0,,0,,,,0,,1,0,,,,,,,,,,,,,,,,,,,,,,,0,1,,,,,,,,1,0,,0,,,,,,,0,0,,0,0,0,0,,
chr_cloth#3f7099a1e87a6156,ob_e01_016.mdl,ob_e01_016.mdl,0,,,,1,,,,,,,-1,,-1,,,,,,,,,,,,,,-1,,,,,,,,,,,,,,,,,,,,,,,,,,,,,,,,,,,,,,,,,,,,,-1,,,,,,,,-1,-1,,,,,,,,0,,,,,,1,,,,,,1,0,,0,,,,,,,,0,1,,,,,0,0,,0,,,,,,,0,0,0,,0,,,,0,,0,0,,,,,,,,,,,,,,,,,,,,,,,0,1,,,,,,,,1,1,,0,,,,,,,0,0,,0,0,0,0,,
chr_cloth#41a46cd3f96cfecc,ef_obj_a100.mdl,,1,,,,0,-1,,,,,,,,-1,,,,,,,,,-1,,,,,,,,,,,,,,,-1,,,,,,,,,,,,,,,,,,,,,,,,,,,,,,,,,,,,,,,,,,,,,,,,,,,,1,,,,,,0,,,,,,1,0,,0,,,,,,,0,1,,,,,,0,0,,0,,,1,,,,,0,0,,0,,,,0,,0,0,,,,,,,,,,,,,,,,,,,,,,,0,0,,,,,,,,0,,,0,,,,,,,0,0,,0,0,,0,,
chr_cloth#41ef7e2be51a638f,chr0001.mdl,chr0001.mdl,1,,,,1,,,,,,,,,-1,,,,,,,,,,,,,,-1,,,,,,,,,,,,,,-1,,,-1,,,,,-1,,,,,,,,,,,,,,,,,,,,,,,-1,,,,,,,,-1,-1,,,,,,,,0,,,,,,0,,,,,,1,0,,0,,,,,,,,0,1,,,,,0,0,,0,,,,,,,0,1,0,,1,,,,0,,1,0,,,,,,,,,,,,,,,,,,,,,,,0,1,,,,,,,,1,1,,0,,,,,,,0,0,,0,0,0,0,,
chr_cloth#420d967562ff0c39,,ef_obj_o027.mdl,1,,,,1,,,,,,,,,-1,-1,,,,,,,,,,,,,,,,,,,,,,,,,,,,,,-1,,,,,-1,,,,,,,,,,,,,,,,,,,,,,,-1,,,,,,,,-1,-1,,-1,,,,,,0,,,,,,0,,,,,,1,1,,0,,,,,,,,0,0,,,,,0,0,,0,,,,,,,0,0,0,,1,,0,0,0,,1,0,,,,,,,,,,,,,,,,,,,,,,,0,1,,,,,,,,1,1,,1,,,,,,,2,0,,0,0,0,0,,
chr_cloth#422987802b4e2403,equ0501.mdl,equ0501.mdl,1,,,,1,-1,,,,,,,,-1,,,,,,,,,-1,,,,,-1,,,,,,,,,,,,,,-1,,,,,,,,-1,,,,,,,,,,,,,,,,,,,,,,,-1,,,,,,,,-1,-1,,,,,,,,1,,,,,,0,,,,,,1,0,,0,,,,,,,,1,1,,,,,0,0,,0,,,,,,,0,1,0,,0,,,,0,,1,0,,,,,,,,,,,,,,,,,,,,,,,0,1,,,,,,,,1,1,,0,,,,,,,0,0,,0,0,0,0,,
chr_cloth#46b6f741f0e3c685,equ8023.mdl,equ8023.mdl,1,,,,0,,,,,,,,,-1,,,,,,,,,-1,,,,,-1,,,,,-1,-1,,,,,,,,-1,,,,,,,,,,,,,,,,,,,,,,,,,,,,,,,,,,,,,,,-1,,,,,,,,,0,,,,,,0,,,,,,1,0,,0,,,,,,,,1,1,,,,,1,1,,0,,,,,,,0,1,0,,0,,,,0,,0,0,,,,,,,,,,,,,,,,,,,,,,,0,0,,,,,,,,1,0,,0,,,,,,,0,0,,0,0,0,0,,
chr_cloth#486fbe3880afa6d6,,ef_obj_a375.mdl,0,,,,0,,,,,,,,,-1,,,,,,,,,,,,,,,,,,,,,,,,,,,,,,,,,,,,-1,,,,,,,,,,,,,,,,,,,,,,,-1,,,,,,,,-1,,,-1,,,,,,0,,,,,,0,,,,,,1,0,,0,,,,,,,,0,0,,,,,0,0,,0,,,,,,,0,0,0,,0,,0,0,0,,1,0,,,,,,,,,,,,,,,,,,,,,,,0,1,,,,,,,,1,0,,1,,,,,,,0,0,,0,0,0,0,,
chr_cloth#4972b9c8faca0fcd,etc0010.mdl,etc0010.mdl,1,,,,0,,,,,,,,,,,,,,,,,,,,,,,,,,,,,,,,,,,,,,,,,,,,,,,,,,,,,,,,,,,,,,,,,,,-1,-1,,,,,,,,,,,,,,,,,0,,,,,,0,,,,,,0,0,,0,,,,,,,,0,0,,,,,0,0,,0,,,,,,,0,0,0,,0,,,,0,,0,0,,,,,,,,,,,,,,,,,,,,,,,1,1,,,,,,,,0,0,,0,,,,,,,0,0,,0,0,0,0,,
chr_cloth#49be271b0240c90b,equ2005.mdl,chr5002_c72.mdl,1,,,,1,,,,,,,-1,,-1,,,,,,,,,,,,,,-1,,,,,,,,,,,,,,,,,,,,,,-1,,,,,,,,,,,,,,,,,,,,,,,-1,,,,,,,,-1,-1,,,,,,,,0,,,,,,1,,,,,,1,0,,0,,,,,,,,0,1,,,,,0,0,,0,,,,,,,0,0,0,,0,,,,0,,1,0,,,,,,,,,,,,,,,,,,,,,,,0,1,,,,,,,,1,1,,0,,,,,,,0,0,,0,0,0,0,,
chr_cloth#4bff801d0d1e3bc2,ef_obj_z054.mdl,,1,,,,2,-1,,,,,,,,-1,,,,,,,,,,,,,,,,,,,,,,,,,,,,-1,,,,,,,,-1,,,,,,,,,,,,,,,,,,,,,,,-1,,,,,,,,-1,,,,,,,,,1,,,,,,0,,,,,,1,0,,0,,,,,,,0,0,,,,,,0,0,,0,,,0,,,,,1,0,,0,,,,0,,1,0,,,,,,,,,,,,,,,,,,,,,,,0,1,,,,,,,,1,,,0,,,,,,,0,0,,0,0,,0,,
chr_cloth#4c16709de19bf21f,,equ8082.mdl,1,,,,0,-1,,,,,,,,-1,,,,,,,,,,,,,,,,,,,,,,,,,,,,-1,,,,,,,,-1,,,,,,,,,,,,,,,,,,,,,,,-1,,,,,,,,-1,,,,,,,,,1,,,,,,0,,,,,,1,0,,0,,,,,,,,0,0,,,,,0,0,,0,,,,,,,0,1,0,,0,,0,0,0,,1,0,,,,,,,,,,,,,,,,,,,,,,,0,1,,,,,,,,1,0,,0,,,,,,,0,0,,0,0,0,0,,
chr_cloth#4fe484239062cde7,,equ8104.mdl,1,,,,1,,,,,,,,,-1,-1,,,,,,,,,,,,,,,,,,-1,,,,,,,,,,,,,,,,,,,,,,,,,,,,,,,,,,,,,,,,-1,,,,,,,,-1,,,,,,,,,0,,,,,,0,,,,,,1,1,,0,,,,,,,,0,0,,,,,1,0,,0,,,,,,,0,0,0,,0,,0,0,0,,0,0,,,,,,,,,,,,,,,,,,,,,,,0,1,,,,,,,,1,0,,0,,,,,,,0,0,,0,0,0,0,,
chr_cloth#518c1273a9b53411,chr0112_c00.mdl,chr0112_c00.mdl,1,,,,1,,,,,,,,,-1,,,,,,,,,,,,,,,,,,,,,,,,,,,,-1,,,,,,,,-1,,,,,,,,,,,,,,,,,,,,,,,-1,,,,,,,,-1,,,,,,,,,0,,,,,,0,,,,,,1,0,,0,,,,,,,0,0,,,,,,0,0,,0,,,0,,,,,1,0,,0,,,,0,,1,0,,,,,,,,,,,,,,,,,,,,,,,0,1,,,,,,,,1,,,0,,,,,,,0,0,,0,0,,0,,
chr_cloth#5360d85d9b625ae1,chr0001.mdl,chr0001.mdl,1,,,,1,,,,,,,,,,,,,,,,,,,,,,,,,,,,,,,,,,,,,,,,,,,,,,,,,,,,,,,,,,,,,,,,,,,-1,,,,,,,,,,,,,,,,,,0,,,,,,0,,,,,,0,0,,0,,,,,,,,0,0,,,,,0,0,,0,,,,,,,0,0,0,,0,,,,0,,0,0,,,,,,,,,,,,,,,,,,,,,,,1,0,,,,,,,,0,0,,0,,,,,,,0,0,,0,0,0,0,,
chr_cloth#53b99aca505c886c,chr0003.mdl,chr0001_c74.mdl,1,,,,0,,,,,,,,,,,,,,,,,,,,,,,,,,,,,,,,,,,,,,,,,,,,,,,,,,,,,,,,,,,,,,,,,,,-1,,,,,,,,,,,,,,,,,,0,,,,,,0,,,,,,0,0,,0,,,,,,,,0,0,,,,,0,0,,0,,,,,,,0,0,0,,0,,,,0,,0,0,,,,,,,,,,,,,,,,,,,,,,,1,0,,,,,,,,0,0,,0,,,,,,,0,0,,0,0,0,0,,
chr_cloth#53ea785a717cd2dd,ef_obj_a334.mdl,ef_obj_a334.mdl,1,,,,0,-1,,,,,,,,-1,,,,,,,,,-1,,,,,,,,,,,,,,,,,,,,,,,,,,,,,,,,,,,,,,,,,,,,,,,,,,-1,,,,,,,,,,,,,,,,,1,,,,,,0,,,,,,1,0,,0,,,,,,,,1,0,,,,,0,0,,0,,,,,,,0,0,0,,0,,,,0,,0,0,,,,,,,,,,,,,,,,,,,,,,,0,1,,,,,,,,0,0,,0,,,,,,,0,0,,0,0,0,0,,
chr_cloth#546d6e9599928aaf,,equ8105.mdl,1,,,,1,,,,,,,-1,,-1,,,,,,,,,,,,,,-1,,,,,-1,,,,,,,,,-1,,,,,,,,-1,,,,,,,,,,,,,,,,,,,,,,,-1,,,,,,,,-1,,,,,,,,,0,,,,,,1,,,,,,1,0,,0,,,,,,,,0,1,,,,,1,0,,0,,,,,,,0,1,0,,0,,0,0,0,,1,0,,,,,,,,,,,,,,,,,,,,,,,0,1,,,,,,,,1,0,,0,,,,,,,0,0,,0,0,0,0,,
chr_cloth#557a798d68ed4714,,chr0706.mdl,1,,,,0,,,,,,,,,-1,,,,,,,,,-1,,,,,,,,,,,,,,,,,,,-1,,,,,,,,-1,,,,,,,,,,,,,,,,,,,,,,,-1,,,,,,,,-1,-1,,,,,,,,0,,,,,,0,,,,,,1,0,,0,,,,,,,,1,0,,,,,0,0,,0,,,,,,,0,1,0,,0,,0,0,0,,1,0,,,,,,,,,,,,,,,,,,,,,,,0,1,,,,,,,,1,1,,0,,,,,,,0,0,,0,0,0,0,,
chr_cloth#55c78db9ebf2454e,equ0322.mdl,equ0322.mdl,0,,,,1,,,,,,,,,-1,,,,,,,,,,,,,,-1,,,,,,,,,,,,,,-1,,,,,,,,-1,,,,,,,,,,,,,,,,,,,,,,,,,,,,,,,-1,,,,,,,,,0,,,,,,0,,,,,,1,0,,0,,,,,,,,0,1,,,,,0,0,,0,,,,,,,0,1,0,,0,,,,0,,1,0,,,,,,,,,,,,,,,,,,,,,,,0,0,,,,,,,,1,0,,0,,,,,,,0,0,,0,0,0,0,,
chr_cloth#5723f388606a1674,ef_obj_a230.mdl,,1,,,,1,,,,,,,,,-1,,,,,,,,,-1,,,,,,,,,,,,,,,,,,,-1,,,,,,,,-1,,,,,,,,,,,,,,,,,,,,,,,,,,,,,,,-1,,,,,,,,,0,,,,,,0,,,,,,1,0,,0,,,,,,,0,1,,,,,,0,0,,0,,,0,,,,,1,0,,0,,,,0,,1,0,,,,,,,,,,,,,,,,,,,,,,,0,0,,,,,,,,1,,,0,,,,,,,0,0,,0,0,,0,,
chr_cloth#586d414b6582fe7b,equ0510.mdl,equ0510.mdl,1,,,,1,,,,,,,,,-1,,,,,,,,,-1,,,,,,,,,,,,,,,,,,,,,,-1,,,,,,,,,,,,,,,,,,,,,,,,,,,,-1,,,,,,,,,,,,,,,,,0,,,,,,0,,,,,,1,0,,0,,,,,,,,1,0,,,,,0,0,,0,,,,,,,0,0,0,,1,,,,0,,0,0,,,,,,,,,,,,,,,,,,,,,,,0,1,,,,,,,,0,0,,0,,,,,,,0,0,,0,0,0,0,,
chr_cloth#5a7062bda52c2617,etc0040.mdl,etc0040.mdl,1,,,,0,,,,,,,,,-1,,,,,,,,,-1,,,,,-1,,,,,,,,,,,,,,,,,,,,,,-1,,,,,,,,,,,,,,,,,,,,,,,-1,,,,,,,,-1,,,,,,,,,0,,,,,,0,,,,,,1,0,,0,,,,,,,,1,1,,,,,0,0,,0,,,,,,,,0,0,,0,,,,0,,1,0,,,,,,,,,,,,,,,,,,,,,,,0,1,,,,,,,,1,0,,0,,,,,,,0,0,,0,0,0,0,,
chr_cloth#5af00195bdfa100e,,chr0117_c11.mdl,1,,,,1,,,,,,,,,-1,,,,,,,,,-1,,,,,-1,,,,,,,,,,,,,,-1,,,-1,,-1,,,-1,,,,,,,,,,,,,,,,,,,,,,,-1,,,,,,,,-1,-1,,-1,,,,,,0,,,,,,0,,,,,,1,0,,0,,,,,,,,1,1,,,,,0,0,,0,,,,,,,0,1,0,,1,,0,1,0,,1,0,,,,,,,,,,,,,,,,,,,,,,,0,1,,,,,,,,1,1,,1,,,,,,,0,0,,0,0,0,0,,
chr_cloth#5b52aa8d9b196bcb,chr5003_c50.mdl,chr5003_c50.mdl,1,,,,1,-1,,,,,,,,-1,,,,,,,,,-1,,,,,,,,,,,,,,,,,,,-1,,,-1,,,,,-1,,,,,,,,,,,,,,,,,,,,,,,-1,,,,,,,,-1,,,,,,,,,1,,,,,,0,,,,,,1,0,,0,,,,,,,0,1,,,,,,0,0,,0,,,0,,,,,1,0,,1,,,,0,,1,0,,,,,,,,,,,,,,,,,,,,,,,0,1,,,,,,,,1,,,0,,,,,,,0,0,,0,0,,0,,
chr_cloth#5c0581e2ac33e23d,,ef_obj_o026.mdl,1,,,,1,,,,,,,,,-1,,,,,,,,,,,,,,,,,,,-1,-1,,,,,,,,-1,,,-1,,,,,-1,,,,,,,,,,,,,,,,,,,,,,,-1,,,,,,,,-1,,,,,,,,,0,,,,,,0,,,,,,1,0,,0,,,,,,,,0,0,,,,,1,1,,0,,,,,,,0,1,0,,1,,0,0,0,,1,0,,,,,,,,,,,,,,,,,,,,,,,0,1,,,,,,,,1,0,,0,,,,,,,0,0,,0,0,0,0,,
chr_cloth#5f52e2ed791cfed9,equ0304.mdl,equ0304.mdl,1,,,,1,,,,,,,-1,,-1,,,,,,,,,,,,,,-1,,,,,,,,,,,,,,-1,,,,,,,,-1,,,,,,,,,,,,,,,,,,,,,,,-1,,,,,,,,-1,,,,,,,,,0,,,,,,1,,,,,,1,0,,0,,,,,,,,0,1,,,,,0,0,,0,,,,,,,0,1,0,,0,,,,0,,1,0,,,,,,,,,,,,,,,,,,,,,,,0,1,,,,,,,,1,0,,0,,,,,,,0,0,,0,0,0,0,,
chr_cloth#5fe4ae146be1e4d6,ef_obj_a071.mdl,,1,,,,1,,,,,,,-1,,-1,,,,,,,,,,,,,,,,,,,-1,,,,,-1,,,,-1,,,,,,,,-1,,,,,,,,,,,,,,,,,,,,,,,-1,,,,,,,,-1,,,,,,,,,0,,,,,,1,,,,,,1,0,,0,,,,,,,0,0,,,,,,1,0,,0,,,1,,,,,1,0,,0,,,,0,,1,0,,,,,,,,,,,,,,,,,,,,,,,0,1,,,,,,,,1,,,0,,,,,,,0,0,,0,0,,0,,
chr_cloth#60ae2f206b3e4b1a,chr0309.mdl,chr0309.mdl,1,,,,1,,,,,,,,,-1,,,,,,,,,-1,,,,,,,,,,,,,,,,,,,-1,,,,,,,,-1,,,,,,,,,,,,,,,,,,,,,,,-1,,,,,,,,-1,-1,,,,,,,,0,,,,,,0,,,,,,1,0,,0,,,,,,,,1,0,,,,,0,0,,0,,,,,,,0,1,0,,0,,,,0,,1,0,,,,,,,,,,,,,,,,,,,,,,,0,1,,,,,,,,1,1,,0,,,,,,,0,0,,0,0,0,0,,
chr_cloth#616d816a342578ef,ef_obj_g003.mdl,ob_s05_006.mdl,1,,,,1,,,,,,,,,-1,,,,,,,,,,,,,,,,,,,,,,,,,,,,,,,,,,,,,,,,,,,,,,,,,,,,,,,,,,,-1,,,,,,,,,,,,,,,,,0,,,,,,0,,,,,,1,0,,0,,,,,,,0,0,,,,,,0,0,,0,,,0,,,,,0,0,,0,,,,0,,0,0,,,,,,,,,,,,,,,,,,,,,,,0,1,,,,,,,,0,,,0,,,,,,,0,0,,0,0,,0,,
chr_cloth#63e5bd4604a2f7b7,chr0117_l1.mdl,chr0117_l1.mdl,1,,,,1,,,,,,,,,-1,,,,,,,,,,,,,,,,,,,,,,,,,,,-1,,,,,,,,,,,,,,,,,,,,,,,,,,,,,,,,-1,,,,,,,,-1,,,,,,,,,0,,,,,,0,,,,,,1,0,,0,,,,,,,,0,0,,,,,0,0,,0,,,,,,,1,0,0,,0,,,,0,,0,0,,,,,,,,,,,,,,,,,,,,,,,0,1,,,,,,,,1,0,,0,,,,,,,0,0,,0,0,0,0,,
chr_cloth#6469a15a38a7a144,equ0319.mdl,equ0135.mdl,0,,,,1,,,,,,,,,-1,,,,,,,,,-1,,,,,-1,,,,,,,,,,,,,,-1,,,,,,,,,,,,,,,,,,,,,,,,,,,,,,,-1,,,,,,,,-1,-1,,,,,,,,0,,,,,,0,,,,,,1,0,,0,,,,,,,,1,1,,,,,0,0,,0,,,,,,,0,1,0,,0,,,,0,,0,0,,,,,,,,,,,,,,,,,,,,,,,0,1,,,,,,,,1,1,,0,,,,,,,0,0,,0,0,0,0,,
chr_cloth#64b538cff127f43a,ef_obj_a033.mdl,,1,,,,1,,,,,,,,,-1,,,,,,,,,,,,,,,,,,,-1,,,,,,,,,,,,-1,,,,,-1,,,,,,,,,,,,,,,,,,,,,,,-1,,,,,,,,-1,,,,,,,,,0,,,,,,0,,,,,,1,0,,0,,,,,,,0,0,,,,,,1,0,,0,,,0,,,,,0,0,,1,,,,0,,1,0,,,,,,,,,,,,,,,,,,,,,,,0,1,,,,,,,,1,,,0,,,,,,,0,0,,0,0,,0,,
chr_cloth#64d6993dd286aa44,,equ8104.mdl,1,,,,1,,,,,,,,,-1,,,,,,,,,-1,,,,,,,,,,-1,,,,,,,,,,,,,,,,,,,,,,,,,,,,,,,,,,,,,,,,,,,,,,,,-1,,,,,,,,,0,,,,,,0,,,,,,1,0,,0,,,,,,,,1,0,,,,,1,0,,0,,,,,,,0,0,0,,0,,0,0,0,,0,0,,,,,,,,,,,,,,,,,,,,,,,0,0,,,,,,,,1,0,,0,,,,,,,0,0,,0,0,0,0,,
chr_cloth#64e9f72302ed0606,equ2004.mdl,equ2004.mdl,1,,,,1,,,,,,,-1,,-1,,,,,,,,,,,,,,-1,,,,,,,,,,,,,,-1,,,,,,,,-1,,,,,,,,,,,,,,,,,,,,,,,-1,,,,,,,,-1,-1,,,,,,,,0,,,,,,1,,,,,,1,0,,0,,,,,,,,0,1,,,,,0,0,,0,,,,,,,0,1,0,,0,,,,0,,1,0,,,,,,,,,,,,,,,,,,,,,,,0,1,,,,,,,,1,1,,0,,,,,,,0,0,,0,0,0,0,,
chr_cloth#663275fb0322acb1,equ8028.mdl,equ8028.mdl,0,,,,1,,,,,,,,,-1,-1,,,,,,,,,,,,,-1,,,,,,,,,,,,,,-1,-1,,,,,,,-1,,,,,,,,,,,,,,,,,,,,,,,-1,,,,,,,,-1,-1,,,,,,,,0,,,,,,0,,,,,,1,1,,0,,,,,,,,0,1,,,,,0,0,,0,,,,,,,0,1,1,,0,,,,0,,1,0,,,,,,,,,,,,,,,,,,,,,,,0,1,,,,,,,,1,1,,0,,,,,,,2,0,,0,0,0,0,,
chr_cloth#67bfaf2e352fc400,,equ2027.mdl,1,,,,1,,,,,,,,,-1,,,,,,,,,,,,,,,,,,,,,,,,,,,,,,,-1,,,,,-1,,,,,,,,,,,,,,,,,,,,,,,-1,,,,,,,,-1,-1,,,,,,,,0,,,,,,0,,,,,,1,0,,0,,,,,,,,0,0,,,,,0,0,,0,,,,,,,0,0,0,,1,,0,0,0,,1,0,,,,,,,,,,,,,,,,,,,,,,,0,1,,,,,,,,1,1,,0,,,,,,,0,0,,0,0,0,0,,
chr_cloth#6af223484d787441,chr5005_c05.mdl,chr5005_c05.mdl,1,,,,1,,,,,,,,,-1,-1,,,,,,,,,,,,,,,,,,,,,,,,,,,-1,,,,,,,,-1,,,,,,,,,,,,,,,,,,,,,,,-1,,,,,,,,-1,,,,,,,,,0,,,,,,0,,,,,,1,1,,0,,,,,,,0,0,,,,,,0,0,,0,,,0,,,,,1,0,,0,,,,0,,1,0,,,,,,,,,,,,,,,,,,,,,,,0,1,,,,,,,,1,,,0,,,,,,,2,0,,0,0,,0,,
chr_cloth#6b9cf8a54f94b5d0,equ2000.mdl,equ2000.mdl,0,,,,1,,,,,,,,,-1,,,,,,,,,,,,,,-1,,,,,,,,,,,,,,,,,,,,,,-1,,,,,,,,,,,,,,,,,,,,,,,-1,,,,,,,,-1,-1,,-1,,,,,,0,,,,,,0,,,,,,1,0,,0,,,,,,,,0,1,,,,,0,0,,0,,,,,,,0,0,0,,0,,,,0,,1,0,,,,,,,,,,,,,,,,,,,,,,,0,1,,,,,,,,1,1,,1,,,,,,,0,0,,0,0,0,0,,
chr_cloth#6bbcca53148d5e5f,,orbment_levelslot_01.mdl,1,,,,1,,,,,,,,,-1,,,,,,,,,-1,,,,,,,,,,-1,,,,,,,,,,,,-1,,,,,-1,,,,,,,,,,,,,,,,,,,,,,,-1,,,,,,,,-1,-1,,,,,,,,0,,,,,,0,,,,,,1,0,,0,,,,,,,,1,0,,,,,1,0,,0,,,,,,,0,0,0,,1,,0,0,0,,1,0,,,,,,,,,,,,,,,,,,,,,,,0,1,,,,,,,,1,1,,0,,,,,,,0,0,,0,0,0,0,,
chr_cloth#6cb48de68cbd4c6a,chr0105.mdl,chr0001_c10.mdl,1,,,,1,,,,,,,,,-1,,,,,,,,,,,,,,-1,,,,,,,,,,,,,,-1,,,-1,,,,,-1,,,,,,,,,,,,,,,,,,,,,,,-1,,,,,,,,-1,,,,,,,,,0,,,,,,0,,,,,,1,0,,0,,,,,,,,0,1,,,,,0,0,,0,,,,,,,0,1,0,,1,,,,0,,1,0,,,,,,,,,,,,,,,,,,,,,,,0,1,,,,,,,,1,0,,0,,,,,,,0,0,,0,0,0,0,,
chr_cloth#6d164574dd25d2a7,equ0033.mdl,equ0033.mdl,1,,,,1,,,,,,,,,-1,-1,,,,,,,,,,,,,,,,,,,,,,,,,,,-1,,,,,,,,-1,,,,,,,,,,,,,,,,,,,,,,,-1,,,,,,,,-1,,,,,,,,,0,,,,,,0,,,,,,1,1,,0,,,,,,,,0,0,,,,,0,0,,0,,,,,,,0,1,0,,0,,,,0,,1,0,,,,,,,,,,,,,,,,,,,,,,,0,1,,,,,,,,1,0,,0,,,,,,,0,0,,0,0,0,0,,
chr_cloth#6e492ee69b8f0306,,chr0001_c72.mdl,1,,,,2,,,,,,,,,-1,,,,,,,,,,,,,,,,,,,,,,,,,,,,,,,-1,,,,,,,,,,,,,,,,,,,,,,,,,,,,-1,,,,,,,,,,,,,,,,,0,,,,,,0,,,,,,1,0,,0,,,,,,,,0,0,,,,,0,0,,0,,,,,,,0,0,0,,1,,0,0,0,,0,0,,,,,,,,,,,,,,,,,,,,,,,0,1,,,,,,,,0,0,,0,,,,,,,0,0,,0,0,0,0,,
chr_cloth#6e6b081376a8ce26,ef_obj_z102.mdl,,1,,,,1,,,,,,,,,-1,,,,,,,,,,,,,,,,,,,-1,,,,,,,,,-1,,,,,,,,-1,,,,,,,,,,,,,,,,,,,,,,,-1,,,,,,,,-1,,,,,,,,,0,,,,,,0,,,,,,1,0,,0,,,,,,,0,0,,,,,,1,0,,0,,,0,,,,,1,0,,0,,,,0,,1,0,,,,,,,,,,,,,,,,,,,,,,,0,1,,,,,,,,1,,,0,,,,,,,0,0,,0,0,,0,,
chr_cloth#6ec1ebdb3b32a2b3,ef_obj_a230.mdl,,1,,,,1,,,,,,,,,-1,,,,,,,,,,,,,,,,,,,,,,,,,,,,-1,,,,,,,,-1,,,,,,,,,,,,,,,,,,,,,,,,,,,,,,,-1,,,,,,,,,0,,,,,,0,,,,,,1,0,,0,,,,,,,0,0,,,,,,0,0,,0,,,0,,,,,1,0,,0,,,,0,,1,0,,,,,,,,,,,,,,,,,,,,,,,0,0,,,,,,,,1,,,0,,,,,,,0,0,,0,0,,0,,
chr_cloth#6f7161226bfadee5,ob2071eat11.mdl,ob2071eat11.mdl,0,,,,1,-1,,,,,,,,-1,,,,,,,,,-1,,,,,-1,,,,,,,,,,,,,,,,,,,,,,,,,,,,,,,,,,,,,,,,,,,,,-1,,,,,,,,-1,-1,,,,,,,,1,,,,,,0,,,,,,1,0,,0,,,,,,,,1,1,,,,,0,0,,0,,,,,,,0,0,0,,0,,,,0,,0,0,,,,,,,,,,,,,,,,,,,,,,,0,1,,,,,,,,1,1,,0,,,,,,,0,0,,0,0,0,0,,
chr_cloth#7064eba56c946377,chr0502_c01_l1.mdl,chr0502_c01_l1.mdl,1,,,,1,,,,,,,,,-1,,,,,,,,,-1,,,,,,,,,,,,,,,,,,-1,,,,,,,,,,,,,,,,,,,,,,,,,,,,,,,,-1,,,,,,,,-1,,,,,,,,,0,,,,,,0,,,,,,1,0,,0,,,,,,,,1,0,,,,,0,0,,0,,,,,,,1,0,0,,0,,,,0,,0,0,,,,,,,,,,,,,,,,,,,,,,,0,1,,,,,,,,1,0,,0,,,,,,,0,0,,0,0,0,0,,
chr_cloth#739e40a21cec5ed9,ob_e04_003e.mdl,equ0546.mdl,1,,,,1,,,,,,,,,-1,,,,,,,,,-1,,,,,,,,,,,,,,,,,,,-1,,,,,,,,-1,,,,,,,,,,,,,,,,,,,,,,,-1,,,,,,,,,,,,,,,,,0,,,,,,0,,,,,,1,0,,0,,,,,,,,1,0,,,,,0,0,,0,,,,,,,0,1,0,,0,,,,0,,1,0,,,,,,,,,,,,,,,,,,,,,,,0,1,,,,,,,,0,0,,0,,,,,,,0,0,,0,0,0,0,,
chr_cloth#74727ffcab9ff628,equ2010.mdl,equ2010.mdl,1,,,,1,-1,,,,,,,,-1,,,,,,,,,-1,,,,,-1,,,,,,,,,,,,,,,,,,,,,,-1,,,,,,,,,,,,,,,,,,,,,,,-1,,,,,,,,-1,-1,,,,,,,,1,,,,,,0,,,,,,1,0,,0,,,,,,,,1,1,,,,,0,0,,0,,,,,,,0,0,0,,0,,,,0,,1,0,,,,,,,,,,,,,,,,,,,,,,,0,1,,,,,,,,1,1,,0,,,,,,,0,0,,0,0,0,0,,
chr_cloth#76a68ffdd5b2d0ca,ef_obj_a071.mdl,,1,,,,1,,,,,,,,,-1,,,,,,,,,-1,,,,,,,,,,,,,,,-1,,,,-1,,,-1,,,,,-1,,,,,,,,,,,,,,,,,,,,,,,-1,,,,,,,,-1,,,,,,,,,0,,,,,,0,,,,,,1,0,,0,,,,,,,0,1,,,,,,0,0,,0,,,1,,,,,1,0,,1,,,,0,,1,0,,,,,,,,,,,,,,,,,,,,,,,0,1,,,,,,,,1,,,0,,,,,,,0,0,,0,0,,0,,
chr_cloth#77c33d2c9c5e6540,ef_obj_a256.mdl,ef_obj_a256.mdl,1,,,,0,,,,,,,,,-1,-1,,,,,,,,,,,,,,,,,,,,,,,,,,,-1,,,-1,,,,,-1,,,,,,,,,,,,,,,,,,,,,,,,,,,,,,,-1,,,,,,,,,0,,,,,,0,,,,,,1,1,,0,,,,,,,,0,,,,,,0,0,,0,,,,,,,,1,0,,1,,,,0,,1,0,,,,,,,,,,,,,,,,,,,,,,,0,0,,,,,,,,1,0,,0,,,,,,,1,0,,0,0,0,0,,
chr_cloth#7a200d08dd720324,,equ8084.mdl,1,,,,0,,,,,,,,,-1,-1,,,,,,,,,,,,,,,,,,,,,,,,,,,,,,,,,,,,,,,,,,,,,,,,,,,,,,,,,,-1,,,,,,,,-1,-1,,,,,,,,0,,,,,,0,,,,,,1,1,,0,,,,,,,,0,0,,,,,0,0,,0,,,,,,,0,0,0,,0,,0,0,0,,0,0,,,,,,,,,,,,,,,,,,,,,,,0,1,,,,,,,,1,1,,0,,,,,,,0,0,,0,0,0,0,,
chr_cloth#7c4fe0629a1f32cb,chr5005_c05.mdl,chr5005_c05.mdl,1,,,,1,,,,,,,,,-1,-1,,,,,,,,-1,,,,,,,,,,,,,,,,,,,-1,,,,,,,,-1,,,,,,,,,,,,,,,,,,,,,,,-1,,,,,,,,-1,,,,,,,,,0,,,,,,0,,,,,,1,1,,0,,,,,,,0,1,,,,,,0,0,,0,,,0,,,,,1,0,,0,,,,0,,1,0,,,,,,,,,,,,,,,,,,,,,,,0,1,,,,,,,,1,,,0,,,,,,,2,0,,0,0,,0,,
chr_cloth#7fb93e90cc5de705,,ef_obj_a363.mdl,1,,,,1,,,,,,,,,-1,,,,,,,,,,,,,,,,,,,-1,,,,,,,,,,,,-1,,,,,,,,,,,,,,,,,,,,,,,,,,,,-1,,,,,,,,,,,,,,,,,0,,,,,,0,,,,,,1,0,,0,,,,,,,,0,0,,,,,1,0,,0,,,,,,,0,0,0,,1,,,,0,,0,0,,,,,,,,,,,,,,,,,,,,,,,0,1,,,,,,,,0,0,,0,,,,,,,0,0,,0,0,0,0,,
chr_cloth#817ce3433baeebd0,chr5007_c08.mdl,chr5007_c08.mdl,1,,,,1,,,,,,,,,-1,,,,,,,,,-1,,,,,,,,,,-1,,,,,-1,,,,-1,,,,,,,,-1,,,,,,,,,,,,,,,,,,,,,,,-1,,,,,,,,-1,,,,,,,,,0,,,,,,0,,,,,,1,0,,0,,,,,,,0,1,,,,,,1,0,,0,,,1,,,,,1,0,,0,,,,0,,1,0,,,,,,,,,,,,,,,,,,,,,,,0,1,,,,,,,,1,,,0,,,,,,,0,0,,0,0,,0,,
chr_cloth#83f8e2dec49defba,chr0001_c05.mdl,chr0001_c05.mdl,1,,,,1,,,,,,,,,-1,,,,,,,,,-1,,,,,-1,,,,,,,,,,,,,,-1,,,,,,,,-1,,,,,,,,,,,,,,,,,,,,,,,-1,,,,,,,,-1,-1,,,,,,,,0,,,,,,0,,,,,,1,0,,0,,,,,,,,1,1,,,,,0,0,,0,,,,,,,0,1,0,,0,,,,0,,1,0,,,,,,,,,,,,,,,,,,,,,,,0,1,,,,,,,,1,1,,0,,,,,,,0,0,,0,0,0,0,,
chr_cloth#86c70853ea4edc6b,,ef_obj_a389b.mdl,1,,,,0,,,,,,,,,-1,-1,,,,,,,,,,,,,-1,,,,,,,,,,,,,,,,,,,,,,-1,,,,,,,,,,,,,,,,,,,,,,,-1,,,,,,,,-1,,,,,,,,,0,,,,,,0,,,,,,1,1,,0,,,,,,,,0,1,,,,,0,0,,0,,,,,,,0,0,0,,0,,0,0,0,,1,0,,,,,,,,,,,,,,,,,,,,,,,0,1,,,,,,,,1,0,,0,,,,,,,0,0,,0,0,0,0,,
chr_cloth#86f94e4926dcf4e9,,ob_e21_012.mdl,1,,,,1,-1,,,,,,,,-1,,,,,,,,,,,,,,-1,,,,,,,,,,,,,,-1,,,,,,,,-1,,,,,,,,,,,,,,,,,,,,,,,-1,,,,,,,,-1,-1,,,,,,,,1,,,,,,0,,,,,,1,0,,0,,,,,,,,0,1,,,,,0,0,,0,,,,,,,0,1,0,,0,,0,0,0,,1,0,,,,,,,,,,,,,,,,,,,,,,,0,1,,,,,,,,1,1,,0,,,,,,,0,0,,0,0,0,0,,
chr_cloth#888f403254bf09bf,ob_e04_003c.mdl,ob_e04_003c.mdl,1,,,,0,,,,,,,,,-1,,,,,,,,,,,,,,,,,,,,,,,,,,,,,,,-1,,,,,,,,,,,,,,,,,,,,,,,,,,,,-1,,,,,,,,,,,,,,,,,0,,,,,,0,,,,,,1,0,,0,,,,,,,,0,0,,,,,0,0,,0,,,,,,,0,0,0,,1,,,,0,,0,0,,,,,,,,,,,,,,,,,,,,,,,0,1,,,,,,,,0,0,,0,,,,,,,0,0,,0,0,0,0,,
chr_cloth#890fc9df72be9272,,ef_obj_a389.mdl,1,,,,0,,,,,,,,,,,,,,,,,,,,,,,,,,,,,,,,,,,,,,,,,,,,,,,,,,,,,,,,,,,,,,,,,,,,-1,,,,,,,,,,,,,,,,,0,,,,,,0,,,,,,0,0,,0,,,,,,,,0,0,,,,,0,0,,0,,,,,,,0,0,0,,0,,0,0,0,,0,0,,,,,,,,,,,,,,,,,,,,,,,0,1,,,,,,,,0,0,,0,,,,,,,0,0,,0,0,0,0,,
chr_cloth#8afe2c338e359adc,equ0322.mdl,equ0322.mdl,0,,,,1,,,,,,,,,-1,,,,,,,,,,,,,,-1,,,,,,,,,,,,,,-1,,,-1,,,,,-1,,,,,,,,,,,,,,,,,,,,,,,,,,,,,,,-1,,,,,,,,,0,,,,,,0,,,,,,1,0,,0,,,,,,,,0,1,,,,,0,0,,0,,,,,,,0,1,0,,1,,,,0,,1,0,,,,,,,,,,,,,,,,,,,,,,,0,0,,,,,,,,1,0,,0,,,,,,,0,0,,0,0,0,0,,
chr_cloth#8ba6490e0b76c294,,chr0720.mdl,1,,,,1,,,,,,,,,-1,,,,,,,,,-1,,,,,-1,,,,,,,,,,,,,,,,,-1,,,,,,,,,,,,,,,,,,,,,,,,,,,,-1,,,,,,,,-1,,,,,,,,,0,,,,,,0,,,,,,1,0,,0,,,,,,,,1,1,,,,,0,0,,0,,,,,,,0,0,0,,1,,0,0,0,,0,0,,,,,,,,,,,,,,,,,,,,,,,0,1,,,,,,,,1,0,,0,,,,,,,0,0,,0,0,0,0,,
chr_cloth#8c18ae8853b9fd74,,equ8104.mdl,1,,,,0,,,,,,,,,-1,,,,,,,,,,,,,,,,,,,-1,,,,,,,,,,,,,,,,,,,,,,,,,,,,,,,,,,,,,,,,,,,,,,,,,,,,,,,,,0,,,,,,0,,,,,,1,0,,0,,,,,,,,0,0,,,,,1,0,,0,,,,,,,0,0,0,,0,,0,0,0,,0,0,,,,,,,,,,,,,,,,,,,,,,,0,0,,,,,,,,0,0,,0,,,,,,,0,0,,0,0,0,0,,
chr_cloth#8c66bfa656f8bb55,chr0104.mdl,chr0104.mdl,1,,,,1,,,,,,,,,-1,,,,,,,,,,,,,,,,,,,,,,,,,,,,,,,-1,,,,,,,,,,,,,,,,,,,,,,,,,,,,-1,,,,,,,,-1,,,,,,,,,0,,,,,,0,,,,,,1,0,,0,,,,,,,,0,0,,,,,0,0,,0,,,,,,,0,0,0,,1,,,,0,,0,0,,,,,,,,,,,,,,,,,,,,,,,0,1,,,,,,,,1,0,,0,,,,,,,0,0,,0,0,0,0,,
chr_cloth#92099420084247e4,,chr0117_c11.mdl,1,,,,1,,,,,,,,,-1,,,,,,,,,,,,,,-1,,,,,,,,,,,,,,-1,,,,,-1,,,-1,,,,,,,,,,,,,,,,,,,,,,,-1,,,,,,,,-1,-1,,-1,,,,,,0,,,,,,0,,,,,,1,0,,0,,,,,,,,0,1,,,,,0,0,,0,,,,,,,0,1,0,,0,,0,1,0,,1,0,,,,,,,,,,,,,,,,,,,,,,,0,1,,,,,,,,1,1,,1,,,,,,,0,0,,0,0,0,0,,
chr_cloth#93039cf9bd635447,equ0025.mdl,equ0025.mdl,1,,,,1,,,,,,,,,-1,,,,,,,,,,,,,,,,,,,-1,,,,,,,,,-1,,,-1,,,,,,,,,,,,,,,,,,,,,,,,,,,,-1,,,,,,,,-1,-1,,,,,,,,0,,,,,,0,,,,,,1,0,,0,,,,,,,,0,0,,,,,1,0,,0,,,,,,,0,1,0,,1,,,,0,,0,0,,,,,,,,,,,,,,,,,,,,,,,0,1,,,,,,,,1,1,,0,,,,,,,0,0,,0,0,0,0,,
chr_cloth#93e9deaf8cc9a278,ef_obj_m007.mdl,ef_obj_m007.mdl,1,,,,1,-1,,,,,,,,-1,,,,,,,,,,,,,,,,,,,,,,,,,,,,,,,,,,,,,,,,,,,,,,,,,,,,,,,,,,,-1,,,,,,,,,,,,,,,,,1,,,,,,0,,,,,,1,0,,0,,,,,,,,0,0,,,,,0,0,,0,,,,,,,,0,0,,0,,,,0,,0,0,,,,,,,,,,,,,,,,,,,,,,,0,1,,,,,,,,0,0,,0,,,,,,,0,0,,0,0,0,0,,
chr_cloth#944ccd0873d57396,ef_obj_p005.mdl,,1,,,,1,,,,,,,,,-1,,,,,,,,,,,,,,,,,,,,,,,,,,,,-1,,,,,,,,,,,,,,,,,,,,,,,,,,,,,,,,,,,,,,,-1,,,,,,,,,0,,,,,,0,,,,,,1,0,,0,,,,,,,0,0,,,,,,0,0,,0,,,0,,,,,1,0,,0,,,,0,,0,0,,,,,,,,,,,,,,,,,,,,,,,0,0,,,,,,,,1,,,0,,,,,,,0,0,,0,0,,0,,
chr_cloth#94f048c9331dfb05,chr5007_c08.mdl,chr5007_c08.mdl,1,,,,1,,,,,,,,,-1,,,,,,,,,,,,,,,,,,,-1,-1,,,,-1,,,,-1,,,,,,,,-1,,,,,,,,,,,,,,,,,,,,,,,-1,,,,,,,,-1,,,,,,,,,0,,,,,,0,,,,,,1,0,,0,,,,,,,0,0,,,,,,1,1,,0,,,1,,,,,1,0,,0,,,,0,,1,0,,,,,,,,,,,,,,,,,,,,,,,0,1,,,,,,,,1,,,0,,,,,,,0,0,,0,0,,0,,
chr_cloth#95cff9fe497bc872,ef_obj_a230.mdl,,1,,,,1,,,,,,,,,-1,,,,,,,,,,,,,,,,,,,,,,,,,,,,-1,,,-1,,,,,-1,,,,,,,,,,,,,,,,,,,,,,,,,,,,,,,-1,,,,,,,,,0,,,,,,0,,,,,,1,0,,0,,,,,,,0,0,,,,,,0,0,,0,,,0,,,,,1,0,,1,,,,0,,1,0,,,,,,,,,,,,,,,,,,,,,,,0,0,,,,,,,,1,,,0,,,,,,,0,0,,0,0,,0,,
chr_cloth#95e83bac3a1da108,ef_obj_a051.mdl,equ0025_c01.mdl,1,,,,1,,,,,,,,,-1,,,,,,,,,,,,,,,,,,,,,,,,,,,,,,,-1,,,,,-1,,,,,,,,,,,,,,,,,,,,,,,-1,,,,,,,,-1,,,,,,,,,0,,,,,,0,,,,,,1,0,,0,,,,,,,0,0,,,,,,0,0,,0,,,0,,,,,0,0,,1,,,,0,,1,0,,,,,,,,,,,,,,,,,,,,,,,0,1,,,,,,,,1,,,0,,,,,,,0,0,,0,0,,0,,
chr_cloth#9653e68ba20c1756,ef_obj_o001.mdl,ef_obj_o001.mdl,1,,,,1,-1,,,,,,,,-1,,,,,,,,,-1,,,,,,,,,,,,,,,,,,,,,,-1,,,,,,,,,,,,,,,,,,,,,,,,,,,,,,,,,,,,-1,,,,,,,,,1,,,,,,0,,,,,,1,0,,0,,,,,,,,1,0,,,,,0,0,,0,,,,,,,,0,0,,1,,,,0,,0,0,,,,,,,,,,,,,,,,,,,,,,,0,0,,,,,,,,1,0,,0,,,,,,,0,0,,0,0,0,0,,
chr_cloth#9715a457a9309f3a,,chr5710.mdl,1,,,,1,,,,,,,-1,,-1,,,,,,,,,,,,,,-1,,,,,,,,,,,,,,,,,-1,,,,,,,,,,,,,,,,,,,,,,,,,,,,-1,,,,,,,,-1,,,,,,,,,0,,,,,,1,,,,,,1,0,,0,,,,,,,,0,1,,,,,0,0,,0,,,,,,,0,0,0,,1,,0,0,0,,0,0,,,,,,,,,,,,,,,,,,,,,,,0,1,,,,,,,,1,0,,0,,,,,,,0,0,,0,0,0,0,,
chr_cloth#9b659e5e0feda302,,equ0161.mdl,1,,,,1,,,,,,,,,-1,,,,,,,,,,,,,,-1,,,,,-1,,,,,,,,,,,,-1,,,,,-1,,,,,,,,,,,,,,,,,,,,,,,-1,,,,,,,,,,,,,,,,,0,,,,,,0,,,,,,1,0,,0,,,,,,,,0,1,,,,,1,0,,0,,,,,,,0,0,0,,1,,0,0,0,,1,0,,,,,,,,,,,,,,,,,,,,,,,0,1,,,,,,,,0,0,,0,,,,,,,0,0,,0,0,0,0,,
chr_cloth#9bdd8b823ba654ee,,equ8107.mdl,1,,,,1,,,,,,,,,-1,,,,,,,,,-1,,,,,-1,,,,,-1,,,,,,,,,,,,-1,,,,,,,,,,,,,,,,,,,,,,,,,,,,-1,,,,,,,,-1,,,,,,,,,0,,,,,,0,,,,,,1,0,,0,,,,,,,,1,1,,,,,1,0,,0,,,,,,,0,0,0,,1,,0,0,0,,0,0,,,,,,,,,,,,,,,,,,,,,,,0,1,,,,,,,,1,0,,0,,,,,,,0,0,,0,0,0,0,,
chr_cloth#9d3a2fa6eed4eb6e,ob_e09_001.mdl,ob_e09_001.mdl,1,,,,1,,,,,,,,,-1,,,,,,,,,-1,,,,,,,,,,,,,,,,,,,,,,,,,,,,,,,,,,,,,,,,,,,,,,,,,,-1,,,,,,,,-1,-1,,,,,,,,0,,,,,,0,,,,,,1,0,,0,,,,,,,,1,0,,,,,0,0,,0,,,,,,,0,0,0,,0,,,,0,,0,0,,,,,,,,,,,,,,,,,,,,,,,0,1,,,,,,,,1,1,,0,,,,,,,0,0,,0,0,0,0,,
chr_cloth#9f7d7fba1b3c5d24,ef_obj_m009.mdl,,1,,,,1,-1,,,,,,,,-1,,,,,,,,,-1,,,,,,,,,,,,,,,,,,,,,,,,,,,,,,,,,,,,,,,,,,,,,,,,,,-1,,,,,,,,,,,,,,,,,1,,,,,,0,,,,,,1,0,,0,,,,,,,0,1,,,,,,0,0,,0,,,0,,,,,0,0,,0,,,,0,,0,0,,,,,,,,,,,,,,,,,,,,,,,0,1,,,,,,,,0,,,0,,,,,,,1,3,,0,0,,0,,
chr_cloth#9f913931b89978ad,ef_obj_o000.mdl,ef_obj_o000.mdl,1,,,,1,,,,,,,,,-1,,,,,,,,,-1,,,,,,,,,,,,,,,,,,,,,,,,,,,,,,,,,,,,,,,,,,,,,,,,,,,,,,,,,,-1,,,,,,,,,0,,,,,,0,,,,,,1,0,,0,,,,,,,,1,0,,,,,0,0,,0,,,,,,,,0,0,,0,,,,0,,0,0,,,,,,,,,,,,,,,,,,,,,,,0,0,,,,,,,,1,0,,0,,,,,,,0,0,,0,0,0,0,,
chr_cloth#a02110203a42279d,etc0000.mdl,equ8110.mdl,1,,,,0,,,,,,,,,-1,,,,,,,,,,,,,,-1,,,,,,,,,,,,,,-1,,,,,,,,-1,,,,,,,,,,,,,,,,,,,,,,,-1,,,,,,,,-1,,,,,,,,,0,,,,,,0,,,,,,1,0,,0,,,,,,,,0,1,,,,,0,0,,0,,,,,,,0,1,0,,0,,,,0,,1,0,,,,,,,,,,,,,,,,,,,,,,,0,1,,,,,,,,1,0,,0,,,,,,,0,0,,0,0,0,0,,
chr_cloth#a32062ce43a09fee,chr5001_c12.mdl,chr0607.mdl,1,,,,1,,,,,,,,,-1,,,,,,,,,-1,,,,,,,,,,,,,,,,,,,-1,,,-1,,,,,-1,,,,,,,,,,,,,,,,,,,,,,,-1,,,,,,,,-1,,,,,,,,,0,,,,,,0,,,,,,1,0,,0,,,,,,,0,1,,,,,,0,0,,0,,,0,,,,,1,0,,1,,,,0,,1,0,,,,,,,,,,,,,,,,,,,,,,,0,1,,,,,,,,1,,,0,,,,,,,0,0,,0,0,,0,,
chr_cloth#a4036d7e63575e21,orbment_slot_color1.mdl,,1,,,,1,,,,,,,,,-1,,,,,,,,,-1,,,,,-1,,,,,-1,,,,,,,,,,,,,,,,,,,,,,,,,,,,,,,,,,,,,,,,-1,,,,,,,,-1,-1,,,,,,,,0,,,,,,0,,,,,,1,0,,0,,,,,,,,1,1,,,,,1,0,,0,,,,,,,0,0,0,,0,,,,0,,0,0,,,,,,,,,,,,,,,,,,,,,,,0,1,,,,,,,,1,1,,0,,,,,,,0,0,,0,0,0,0,,
chr_cloth#a49dd564be3165f3,,chr5352.mdl,1,,,,1,,,,,,,,,-1,,,,,,,,,,,,,,,,,,,,,,,,,,,,-1,,,-1,,,,,,,,,,,,,,,,,,,,,,,,,,,,-1,,,,,,,,,,,,,,,,,0,,,,,,0,,,,,,1,0,,0,,,,,,,,0,0,,,,,0,0,,0,,,,,,,0,1,0,,1,,0,0,0,,0,0,,,,,,,,,,,,,,,,,,,,,,,0,1,,,,,,,,0,0,,0,,,,,,,0,0,,0,0,0,0,,
chr_cloth#a5245a5f28cff1c3,chr5001_c50.mdl,chr5001_c50.mdl,1,,,,1,,,,,,,-1,,-1,,,,,,,,,,,,,,,,,,,,,,,,,,,,-1,,,,,,,,-1,,,,,,,,,,,,,,,,,,,,,,,-1,,,,,,,,-1,,,,,,,,,0,,,,,,1,,,,,,1,0,,0,,,,,,,0,0,,,,,,0,0,,0,,,0,,,,,1,0,,0,,,,0,,1,0,,,,,,,,,,,,,,,,,,,,,,,0,1,,,,,,,,1,,,0,,,,,,,0,0,,0,0,,0,,
chr_cloth#a5fcd9d29cae4914,chr8997.mdl,chr8997.mdl,1,,,,0,,,,,,,,,-1,,,,,,,,,,,,,,,,,,,,,,,,,,,,,,,,,,,,,,,,,,,,,,,,,,,,,,,,,,,,,,,,,,,,,,,,,,,,0,,,,,,0,,,,,,1,0,,0,,,,,,,,0,0,,,,,0,0,,0,,,,,,,0,0,0,,0,,,,0,,0,0,,,,,,,,,,,,,,,,,,,,,,,0,0,,,,,,,,0,0,,0,,,,,,,0,0,,0,0,0,0,,
chr_cloth#a69abefbac18211e,equ0034.mdl,chr0005_c72.mdl,1,,,,1,,,,,,,,,-1,-1,,,,,,,,,,,,,-1,,,,,,,,,,,,,,-1,,,-1,,,,,-1,,,,,,,,,,,,,,,,,,,,,,,-1,,,,,,,,-1,-1,,,,,,,,0,,,,,,0,,,,,,1,1,,0,,,,,,,,0,1,,,,,0,0,,0,,,,,,,0,1,0,,1,,,,0,,1,0,,,,,,,,,,,,,,,,,,,,,,,0,1,,,,,,,,1,1,,0,,,,,,,0,0,,0,0,0,0,,
chr_cloth#a882c79e1c4a9d4b,equ8052.mdl,equ8052.mdl,1,,,,0,-1,,,,,,,,-1,,,,,,,,,-1,,,,,-1,,,,,,,,,,,,,,,,,,,,,,,,,,,,,,,,,,,,,,,,,,,,,-1,,,,,,,,-1,-1,,,,,,,,1,,,,,,0,,,,,,1,0,,0,,,,,,,,1,1,,,,,0,0,,0,,,,,,,0,0,0,,0,,,,0,,0,0,,,,,,,,,,,,,,,,,,,,,,,0,1,,,,,,,,1,1,,0,,,,,,,0,0,,0,0,0,0,,
chr_cloth#a88cb23f608abd7d,,equ0035.mdl,1,,,,1,,,,,,,,,-1,,,,,,,,,,,,,,,,,,,,,,,,,,,,-1,,,,,,-1,,-1,,,,,,,,,,,,,,,,,,,,,,,-1,,,,,,,,-1,,,,,,,,,0,,,,,,0,,,,,,1,0,,0,,,,,,,,0,0,,,,,0,0,,0,,,,,,,0,1,0,,0,,0,0,1,,1,0,,,,,,,,,,,,,,,,,,,,,,,0,1,,,,,,,,1,0,,0,,,,,,,0,0,,0,0,0,0,,
chr_cloth#a8b9eb0baf9ad2dc,chr0112_c00.mdl,chr0112_c00.mdl,1,,,,1,,,,,,,,,-1,,,,,,,,,-1,,,,,,,,,,,,,,,,,,,-1,,,,,,,,-1,,,,,,,,,,,,,,,,,,,,,,,-1,,,,,,,,-1,,,,,,,,,0,,,,,,0,,,,,,1,0,,0,,,,,,,0,1,,,,,,0,0,,0,,,0,,,,,1,0,,0,,,,0,,1,0,,,,,,,,,,,,,,,,,,,,,,,0,1,,,,,,,,1,,,0,,,,,,,0,0,,0,0,,0,,
chr_cloth#a9515d8616b69218,ef_obj_p005.mdl,equ8019.mdl,1,,,,1,,,,,,,,,-1,,,,,,,,,-1,,,,,,,,,,,,,,,,,,,-1,,,-1,,,,,,,,,,,,,,,,,,,,,,,,,,,,-1,,,,,,,,-1,,,,,,,,,0,,,,,,0,,,,,,1,0,,0,,,,,,,0,1,,,,,,0,0,,0,,,0,,,,,1,0,,1,,,,0,,0,0,,,,,,,,,,,,,,,,,,,,,,,0,1,,,,,,,,1,,,0,,,,,,,0,0,,0,0,,0,,
chr_cloth#ab01c8e2cdcb38f5,chr9800.mdl,chr9800.mdl,1,,,,1,,,,,,,,,-1,,,,,,,,,-1,,,,,,,,,,,,,,,,,,,,,,,,,,,,,,,,,,,,,,,,,,,,,,,,,,-1,,,,,,,,-1,,,,,,,,,0,,,,,,0,,,,,,1,0,,0,,,,,,,,1,0,,,,,0,0,,0,,,,,,,0,0,0,,0,,,,0,,0,0,,,,,,,,,,,,,,,,,,,,,,,0,1,,,,,,,,1,0,,0,,,,,,,0,0,,0,0,0,0,,
chr_cloth#ac8b19b60b1220fb,,equ8081.mdl,1,,,,0,,,,,,,,,-1,,,,,,,,,-1,,,,,,,,,,,,,,,,,,,,,,,,,,,,,,,,,,,,,,,,,,,,,,,,,,,,,,,,,,,,,,,,,,,0,,,,,,0,,,,,,1,0,,0,,,,,,,,1,0,,,,,0,0,,0,,,,,,,0,0,0,,0,,0,0,0,,0,0,,,,,,,,,,,,,,,,,,,,,,,0,0,,,,,,,,0,0,,0,,,,,,,0,0,,0,0,0,0,,
chr_cloth#aef26c40f9f13865,chr0100.mdl,chr0001_c12.mdl,1,,,,1,,,,,,,,,-1,,,,,,,,,-1,,,,,-1,,,,,,,,,,,,,,-1,,,-1,,,,,-1,,,,,,,,,,,,,,,,,,,,,,,-1,,,,,,,,-1,-1,,,,,,,,0,,,,,,0,,,,,,1,0,,0,,,,,,,,1,1,,,,,0,0,,0,,,,,,,0,1,0,,1,,,,0,,1,0,,,,,,,,,,,,,,,,,,,,,,,0,1,,,,,,,,1,1,,0,,,,,,,0,0,,0,0,0,0,,
chr_cloth#b06e3e8cee864b58,equ2001.mdl,equ2001.mdl,1,,,,1,,,,,,,,,-1,,,,,,,,,-1,,,,,-1,,,,,,,,,,,,,,-1,,,-1,,,,,-1,,,,,,,,,,,,,,,,,,,,,,,-1,,,,,,,,-1,,,,,,,,,0,,,,,,0,,,,,,1,0,,0,,,,,,,,1,1,,,,,0,0,,0,,,,,,,0,1,0,,1,,,,0,,1,0,,,,,,,,,,,,,,,,,,,,,,,0,1,,,,,,,,1,0,,0,,,,,,,0,0,,0,0,0,0,,
chr_cloth#b0d2dbeffd49cbc0,chr5005_c05.mdl,chr5005_c05.mdl,1,,,,2,,,,,,,,,-1,-1,,,,,,,,-1,,,,,,,,,,,,,,,,,,,-1,,,-1,,,,,-1,,,,,,,,,,,,,,,,,,,,,,,-1,,,,,,,,-1,,,,,,,,,0,,,,,,0,,,,,,1,1,,0,,,,,,,0,1,,,,,,0,0,,0,,,0,,,,,1,0,,1,,,,0,,1,0,,,,,,,,,,,,,,,,,,,,,,,0,1,,,,,,,,1,,,0,,,,,,,2,0,,0,0,,0,,
chr_cloth#b17b0d3091d84e11,chr5001_c12.mdl,chr5001_c12.mdl,1,,,,1,,,,,,,,,-1,-1,,,,,,,,,,,,,,,,,,,,,,,,,,,-1,,,,,,,,-1,-1,,,,,,,,,,,,,,,,,,,,,,-1,,,,,,,,-1,,,,,,,,,0,,,,,,0,,,,,,1,1,,0,,,,,,,0,0,,,,,,0,0,,0,,,0,,,,,1,0,,0,,,,0,,1,1,,,,,,,,,,,,,,,,,,,,,,,0,1,,,,,,,,1,,,0,,,,,,,0,0,,0,0,,0,,
chr_cloth#b259835602b83b1a,chr5300.mdl,chr5300.mdl,1,,,,1,,,,,,,,,-1,,,,,,,,,-1,,,,,-1,,,,,,,,,,,,,,,,,-1,,,,,-1,,,,,,,,,,,,,,,,,,,,,,,-1,,,,,,,,-1,,,,,,,,,0,,,,,,0,,,,,,1,0,,0,,,,,,,,1,1,,,,,0,0,,0,,,,,,,0,0,0,,1,,,,0,,1,0,,,,,,,,,,,,,,,,,,,,,,,0,1,,,,,,,,1,0,,0,,,,,,,0,0,,0,0,0,0,,
chr_cloth#b3ad1319c7a94b75,,equ8104.mdl,1,,,,1,,,,,,,,,-1,-1,,,,,,,,,,,,,,,,,,-1,,,,,,,,,,,,,,,,,,,,,,,,,,,,,,,,,,,,,,,,,,,,,,,,-1,,,,,,,,,0,,,,,,0,,,,,,1,1,,0,,,,,,,,0,0,,,,,1,0,,0,,,,,,,0,0,0,,0,,0,0,0,,0,0,,,,,,,,,,,,,,,,,,,,,,,0,0,,,,,,,,1,0,,0,,,,,,,0,0,,0,0,0,0,,
chr_cloth#b6c61d63d9776887,,chr0001_c72.mdl,1,,,,1,,,,,,,,,-1,-1,,,,,,,,,,,,,-1,,,,,,,,,,,,,,-1,,,,,,,,-1,,,,,,,,,,,,,,,,,,,,,,,-1,,,,,,,,-1,-1,,,,,,,,0,,,,,,0,,,,,,1,1,,0,,,,,,,,0,1,,,,,0,0,,0,,,,,,,0,1,0,,0,,0,0,0,,1,0,,,,,,,,,,,,,,,,,,,,,,,0,1,,,,,,,,1,1,,0,,,,,,,0,0,,0,0,0,0,,
chr_cloth#b9398a2bf7559b98,,equ8104.mdl,1,,,,1,,,,,,,,,-1,,,,,,,,,,,,,,,,,,,-1,,,,,,,,,,,,,,,,,,,,,,,,,,,,,,,,,,,,,,,,,,,,,,,,-1,,,,,,,,,0,,,,,,0,,,,,,1,0,,0,,,,,,,,0,0,,,,,1,0,,0,,,,,,,0,0,0,,0,,0,0,0,,0,0,,,,,,,,,,,,,,,,,,,,,,,0,0,,,,,,,,1,0,,0,,,,,,,0,0,,0,0,0,0,,
chr_cloth#b9b1661c545f0ff7,chr5106.mdl,chr5000_c75.mdl,1,,,,1,,,,,,,,,-1,,,,,,,,,-1,,,,,,,,,,,,,,,,,,,,,,-1,,,,,,,,,,,,,,,,,,,,,,,,,,,,-1,,,,,,,,-1,,,,,,,,,0,,,,,,0,,,,,,1,0,,0,,,,,,,,1,0,,,,,0,0,,0,,,,,,,0,0,0,,1,,,,0,,0,0,,,,,,,,,,,,,,,,,,,,,,,0,1,,,,,,,,1,0,,0,,,,,,,0,0,,0,0,0,0,,
chr_cloth#ba6a17cd92ad9100,ef_obj_n004.mdl,ef_obj_n004.mdl,1,,,,1,,,,,,,,,-1,,,,,,,,,,,,,,,,,,,,,,,,,,,,,,,-1,,,,,,,,,,,,,,,,,,,,,,,,,,,,,,,,,,,,,,,,,,,,,0,,,,,,0,,,,,,1,0,,0,,,,,,,,0,0,,,,,0,0,,0,,,,,,,0,0,0,,1,,,,0,,0,0,,,,,,,,,,,,,,,,,,,,,,,0,0,,,,,,,,0,0,,0,,,,,,,0,0,,0,0,0,0,,
chr_cloth#bbc7d07acf714872,,ob_e15_003.mdl,1,,,,1,,,,,,,-1,,-1,,,,,,,,,,,,,,,,,,,-1,,,-1,,,,,,,,,,,,,,-1,,,,,,,,,,,,,,,,,,,,,,,-1,,,,,,,,-1,,,,,,,,,0,,,,,,1,,,,,,1,0,,0,,,,,,,,0,0,,,,,1,0,,1,,,,,,,0,0,0,,0,,0,0,0,,1,0,,,,,,,,,,,,,,,,,,,,,,,0,1,,,,,,,,1,0,,0,,,,,,,0,0,,0,0,0,0,,
chr_cloth#bbe7d0d213974bd2,chr0001_c51.mdl,chr0001_c51.mdl,1,,,,1,,,,,,,,,-1,,,,,,,,,,,,,,-1,,,,,,,,,,,,,,,,,,,,,,,,,,,,,,,,,,,,,,,,,,,,,-1,,,,,,,,-1,-1,,,,,,,,0,,,,,,0,,,,,,1,0,,0,,,,,,,,0,1,,,,,0,0,,0,,,,,,,0,0,0,,0,,,,0,,0,0,,,,,,,,,,,,,,,,,,,,,,,0,1,,,,,,,,1,1,,0,,,,,,,0,0,,0,0,0,0,,
chr_cloth#bda70a01aae829f4,ef_obj_a291.mdl,ef_obj_a291.mdl,1,,,,0,,,,,,,,,-1,,,,,,,,,,,,,,,,,,,,,,,,,,,,-1,,,,,,,,-1,,,,,,,,,,,,,,,,,,,,,,,-1,,,,,,,,-1,,,,,,,,,0,,,,,,0,,,,,,1,0,,0,,,,,,,,0,,,,,,0,0,,0,,,,,,,,1,0,,0,,,,0,,1,0,,,,,,,,,,,,,,,,,,,,,,,0,1,,,,,,,,1,0,,0,,,,,,,0,0,,0,0,0,0,,
chr_cloth#be4755466594d25e,,equ0535.mdl,1,,,,1,,,,,,,,,-1,,,,,,,,,,,,,,-1,,,,,-1,,,,,,,,,,,,-1,,,,,,,,,,,,,,,,,,,,,,,,,,,,-1,,,,,,,,-1,,,,,,,,,0,,,,,,0,,,,,,1,0,,0,,,,,,,,0,1,,,,,1,0,,0,,,,,,,0,0,0,,1,,0,0,0,,0,0,,,,,,,,,,,,,,,,,,,,,,,0,1,,,,,,,,1,0,,0,,,,,,,0,0,,0,0,0,0,,
chr_cloth#be6b3bb0e0d2744f,chr0001.mdl,chr0001.mdl,1,,,,1,,,,,,,,,-1,,,,,,,,,,,,,,-1,,,,,,,,,,,,,,-1,,,,,,,,-1,,,,,,,,,,,,,,,,,,,,,,,-1,,,,,,,,-1,-1,,,,,,,,0,,,,,,0,,,,,,1,0,,0,,,,,,,,0,1,,,,,0,0,,0,,,,,,,0,1,0,,0,,,,0,,1,0,,,,,,,,,,,,,,,,,,,,,,,0,1,,,,,,,,1,1,,0,,,,,,,0,0,,0,0,0,0,,
chr_cloth#beab13c14d243fe4,equ2023.mdl,chr0001_c72.mdl,0,,,,1,,,,,,,,,-1,,,,,,,,,,,,,,-1,,,,,,,,,,,,,,,,,,,,,,-1,,,,,,,,,,,,,,,,,,,,,,,-1,,,,,,,,-1,-1,,,,,,,,0,,,,,,0,,,,,,1,0,,0,,,,,,,,0,1,,,,,0,0,,0,,,,,,,0,0,0,,0,,,,0,,1,0,,,,,,,,,,,,,,,,,,,,,,,0,1,,,,,,,,1,1,,0,,,,,,,0,0,,0,0,0,0,,
chr_cloth#c0b9fd269e029514,chr0112_c00.mdl,chr0112_c00.mdl,1,,,,1,,,,,,,,,-1,,,,,,,,,,,,,,,,,,,,,,,,,,,,-1,,,-1,,,,,-1,,,,,,,,,,,,,,,,,,,,,,,-1,,,,,,,,-1,,,,,,,,,0,,,,,,0,,,,,,1,0,,0,,,,,,,0,0,,,,,,0,0,,0,,,0,,,,,1,0,,1,,,,0,,1,0,,,,,,,,,,,,,,,,,,,,,,,0,1,,,,,,,,1,,,0,,,,,,,0,0,,0,0,,0,,
chr_cloth#c157014ecca58ab5,equ0520.mdl,equ0520.mdl,1,,,,1,,,,,,,,,-1,,,,,,,,,,,,,,,,,,,,,,,,,,,,,,,-1,,,,,-1,,,,,,,,,,,,,,,,,,,,,,,-1,,,,,,,,,,,,,,,,,0,,,,,,0,,,,,,1,0,,0,,,,,,,,0,0,,,,,0,0,,0,,,,,,,0,0,0,,1,,,,0,,1,0,,,,,,,,,,,,,,,,,,,,,,,0,1,,,,,,,,0,0,,0,,,,,,,0,0,,0,0,0,0,,
chr_cloth#c271eaf0a0a5927f,equ0015.mdl,equ0015.mdl,1,,,,0,,,,,,,,,-1,,,,,,,,,-1,,,,,-1,,,,,,,,,,,,,,,,,,,,,,,,,,,,,,,,,,,,,,,,,,,,,-1,,,,,,,,-1,-1,,,,,,,,0,,,,,,0,,,,,,1,0,,0,,,,,,,,1,1,,,,,0,0,,0,,,,,,,0,0,0,,0,,,,0,,0,0,,,,,,,,,,,,,,,,,,,,,,,0,1,,,,,,,,1,1,,0,,,,,,,0,0,,0,0,0,0,,
chr_cloth#c337418f5a48f7e8,equ8025b.mdl,equ8025b.mdl,1,,,,1,-1,,,,,,,,-1,,,,,,,,,-1,,,,,,,,,,-1,-1,,,,,,,,-1,,,-1,,,,,-1,,,,,,,,,,,,,,,,,,,,,,,-1,,,,,,,,-1,,,,,,,,,1,,,,,,0,,,,,,1,0,,0,,,,,,,,1,0,,,,,1,1,,0,,,,,,,0,1,0,,1,,,,0,,1,0,,,,,,,,,,,,,,,,,,,,,,,0,1,,,,,,,,1,0,,0,,,,,,,0,0,,0,0,0,0,,
chr_cloth#c3600e1e7149a8d6,,equ8062.mdl,1,,,,1,,,,,,,,,-1,,,,,,,,,,,,,,,,,,,-1,,,,,,,,,,,,,,,,,-1,,,,,,,,,,,,,,,,,,,,,,,-1,,,,,,,,-1,,,,,,,,,0,,,,,,0,,,,,,1,0,,0,,,,,,,,0,0,,,,,1,0,,0,,,,,,,0,0,0,,0,,0,0,0,,1,0,,,,,,,,,,,,,,,,,,,,,,,0,1,,,,,,,,1,0,,0,,,,,,,0,0,,0,0,0,0,,
chr_cloth#c4a7036b78dc099e,chr0110.mdl,chr0100_c10.mdl,1,,,,1,,,,,,,,,-1,,,,,,,,,,,,,,,,,,,,,,,,,,,,,,,-1,,,,,,,,,,,,,,,,,,,,,,,,,,,,-1,,,,,,,,,,,,,,,,,0,,,,,,0,,,,,,1,0,,0,,,,,,,,0,0,,,,,0,0,,0,,,,,,,0,0,0,,1,,,,0,,0,0,,,,,,,,,,,,,,,,,,,,,,,0,1,,,,,,,,0,0,,0,,,,,,,0,0,,0,0,0,0,,
chr_cloth#c4c1fcc110402b33,ef_obj_a251.mdl,ef_obj_a251.mdl,1,,,,0,,,,,,,,,-1,,,,,,,,,,,,,,,,,,,,,,,,,,,,,,,,,,,,-1,,,,,,,,,,,,,,,,,,,,,,,-1,,,,,,,,-1,,,,,,,,,0,,,,,,0,,,,,,1,0,,0,,,,,,,,0,,,,,,0,0,,0,,,,,,,,0,0,,0,,,,0,,1,0,,,,,,,,,,,,,,,,,,,,,,,0,1,,,,,,,,1,0,,0,,,,,,,0,0,,0,0,0,0,,
chr_cloth#c5a95783491fc93e,equ8022.mdl,equ8022.mdl,0,,,,1,-1,,,,,,,,-1,,,,,,,,,-1,,,,,-1,,,,,-1,,,,,,,,,-1,,,,,,,,-1,,,,,,,,,,,,,,,,,,,,,,,,,,,,,,,,,,,,,,,,1,,,,,,0,,,,,,1,0,,0,,,,,,,,1,1,,,,,1,0,,0,,,,,,,0,1,0,,0,,,,0,,1,0,,,,,,,,,,,,,,,,,,,,,,,0,0,,,,,,,,0,0,,0,,,,,,,0,0,,0,0,0,0,,
chr_cloth#c5e93e9791067556,orbment_cursor.mdl,orbment_cursor.mdl,1,,,,1,,,,,,,,,-1,,,,,,,,,-1,,,,,-1,,,,,,,,,,,,,,,,,-1,,,,,,,,,,,,,,,,,,,,,,,,,,,,-1,,,,,,,,-1,-1,,,,,,,,0,,,,,,0,,,,,,1,0,,0,,,,,,,,1,1,,,,,0,0,,0,,,,,,,,0,0,,1,,,,0,,0,0,,,,,,,,,,,,,,,,,,,,,,,0,1,,,,,,,,1,1,,0,,,,,,,0,0,,0,0,0,0,,
chr_cloth#c6859115655d3af9,equ0309.mdl,equ0309.mdl,0,,,,1,,,,,,,,,-1,,,,,,,,,-1,,,,,-1,,,,,,,,,,,,,,,,,,,,,,-1,,,,,,,,,,,,,,,,,,,,,,,-1,,,,,,,,-1,-1,,,,,,,,0,,,,,,0,,,,,,1,0,,0,,,,,,,,1,1,,,,,0,0,,0,,,,,,,0,0,0,,0,,,,0,,1,0,,,,,,,,,,,,,,,,,,,,,,,0,1,,,,,,,,1,1,,0,,,,,,,0,0,,0,0,0,0,,
chr_cloth#c6cd1eca5da77578,,ob_e20_036.mdl,1,,,,1,,,,,,,-1,,-1,,,,,,,,,,,,,,,,,,,-1,,,,,,,,,,,,,,,,,,,,,,,,,,,,,,,,,,,,,,,,,,,,,,,,-1,,,,,,,,,0,,,,,,1,,,,,,1,0,,0,,,,,,,,0,0,,,,,1,0,,0,,,,,,,0,0,0,,0,,0,0,0,,0,0,,,,,,,,,,,,,,,,,,,,,,,0,0,,,,,,,,1,0,,0,,,,,,,0,0,,0,0,0,0,,
chr_cloth#c733a0c78ae4614a,,ef_obj_n030.mdl,1,,,,1,,,,,,,,,-1,,,,,,,,,,,,,,-1,,,,,,,,,,,,,,-1,,,,,,,,-1,,,,,,,,,,,,,,,,,,,,,,,,,,,,,,,-1,-1,,,,,,,,0,,,,,,0,,,,,,1,0,,0,,,,,,,,0,1,,,,,0,0,,0,,,,,,,0,1,0,,0,,0,0,0,,1,0,,,,,,,,,,,,,,,,,,,,,,,0,0,,,,,,,,1,1,,0,,,,,,,0,0,,0,0,0,0,,
chr_cloth#c94e290f2dccc96d,ef_obj_m003.mdl,ef_obj_m003.mdl,1,,,,0,-1,,,,,,,,-1,,,,,,,,,-1,,,,,,,,,,,,,,,,,,,,,,,,,,,-1,,,,,,,,,,,,,,,,,,,,,,,-1,,,,,,,,-1,,,,,,,,,1,,,,,,0,,,,,,1,0,,0,,,,,,,,1,0,,,,,0,0,,0,,,,,,,,0,0,,0,,,,0,,1,0,,,,,,,,,,,,,,,,,,,,,,,0,1,,,,,,,,1,0,,0,,,,,,,0,0,,0,0,0,0,,
chr_cloth#cad617ae988dc697,,equ8105.mdl,1,,,,1,,,,,,,,,-1,,,,,,,,,-1,,,,,-1,,,,,-1,,,,,,,,,-1,,,-1,,,,,-1,,,,,,,,,,,,,,,,,,,,,,,-1,,,,,,,,-1,-1,,,,,,,,0,,,,,,0,,,,,,1,0,,0,,,,,,,,1,1,,,,,1,0,,0,,,,,,,0,1,0,,1,,0,0,0,,1,0,,,,,,,,,,,,,,,,,,,,,,,0,1,,,,,,,,1,1,,0,,,,,,,0,0,,0,0,0,0,,
chr_cloth#cb7eab881eff9f22,ef_obj_a332.mdl,ef_obj_a332.mdl,1,,,,0,-1,,,,,,,,-1,,,,,,,,,,,,,,,,,,,,,,,,,,,,,,,,,,,,,,,,,,,,,,,,,,,,,,,,,,,-1,,,,,,,,,,,,,,,,,1,,,,,,0,,,,,,1,0,,0,,,,,,,,0,0,,,,,0,0,,0,,,,,,,0,0,0,,0,,,,0,,0,0,,,,,,,,,,,,,,,,,,,,,,,0,1,,,,,,,,0,0,,0,,,,,,,0,0,,0,0,0,0,,
chr_cloth#cbab71e53ab21db7,ob_e01_014.mdl,ob_e01_014.mdl,0,,,,1,,,,,,,,,-1,,,,,,,,,,,,,,-1,,,,,,,,,,,,,,,,,-1,,,,,,,,,,,,,,,,,,,,,,,,,,,,-1,,,,,,,,-1,-1,,,,,,,,0,,,,,,0,,,,,,1,0,,0,,,,,,,,0,1,,,,,0,0,,0,,,,,,,0,0,0,,1,,,,0,,0,0,,,,,,,,,,,,,,,,,,,,,,,0,1,,,,,,,,1,1,,0,,,,,,,0,0,,0,0,0,0,,
chr_cloth#cc119a0a2187a819,,equ0102.mdl,0,,,,1,,,,,,,,,-1,,,,,,,,,,,,,,-1,,,,,,,,,,,,,,-1,,,-1,,,,,-1,,,,,,,,,,,,,,,,,,,,,,,-1,,,,,,,,,,,,,,,,,0,,,,,,0,,,,,,1,0,,0,,,,,,,,0,1,,,,,0,0,,0,,,,,,,0,1,0,,1,,0,0,0,,1,0,,,,,,,,,,,,,,,,,,,,,,,0,1,,,,,,,,0,0,,0,,,,,,,0,0,,0,0,0,0,,
chr_cloth#cc76db1ce0d7dda8,ob_e00_000b.mdl,ob_e00_000b.mdl,1,,,,1,-1,,,,,,,,-1,,,,,,,,,,,,,,,,,,,,,,,,,,,,-1,,,,,,,,-1,,,,,,,,,,,,,,,,,,,,,,,-1,,,,,,,,,,,,,,,,,1,,,,,,0,,,,,,1,0,,0,,,,,,,,0,0,,,,,0,0,,0,,,,,,,0,1,0,,0,,,,0,,1,0,,,,,,,,,,,,,,,,,,,,,,,0,1,,,,,,,,0,0,,0,,,,,,,0,0,,0,0,0,0,,
chr_cloth#cc94332b69c8e7ec,,equ0030_c00.mdl,1,,,,0,,,,,,,,,-1,,,,,,,,,-1,,,,,,,,,,,,,,,,,,,,,,,,,,,,,,,,,,,,,,,,,,,,,,,,,,-1,,,,,,,,-1,-1,,,,,,,,0,,,,,,0,,,,,,1,0,,0,,,,,,,,1,0,,,,,0,0,,0,,,,,,,0,0,0,,0,,0,0,0,,0,0,,,,,,,,,,,,,,,,,,,,,,,0,1,,,,,,,,1,1,,0,,,,,,,0,0,,0,0,0,0,,
chr_cloth#cefb2a679d991a61,chr5005_c05.mdl,chr0003_c72.mdl,1,,,,1,,,,,,,,,-1,,,,,,,,,-1,,,,,,,,,,,,,,,,,,,,,,-1,,,,,-1,,,,,,,,,,,,,,,,,,,,,,,-1,,,,,,,,-1,,,,,,,,,0,,,,,,0,,,,,,1,0,,0,,,,,,,0,1,,,,,,0,0,,0,,,0,,,,,0,0,,1,,,,0,,1,0,,,,,,,,,,,,,,,,,,,,,,,0,1,,,,,,,,1,,,0,,,,,,,0,0,,0,0,,0,,
chr_cloth#d0018310a2a11379,,chr5000_c72.mdl,1,,,,1,,,,,,,,,-1,,,,,,,,,,,,,,-1,,,,,,,,,,,,,,,,,-1,,,,,-1,,,,,,,,,,,,,,,,,,,,,,,-1,,,,,,,,,,,,,,,,,0,,,,,,0,,,,,,1,0,,0,,,,,,,,0,1,,,,,0,0,,0,,,,,,,0,0,0,,1,,0,0,0,,1,0,,,,,,,,,,,,,,,,,,,,,,,0,1,,,,,,,,0,0,,0,,,,,,,0,0,,0,0,0,0,,
chr_cloth#d0178aad5f6b33ae,chr0001_c62.mdl,chr0001_c48.mdl,1,,,,1,,,,,,,,,,,,,,,,,,-1,,,,,,,,,,,,,,,,,,,,,,,,,,,,,,,,,,,,,,,,,,,,,,,,,-1,,,,,,,,,,,,,,,,,,0,,,,,,0,,,,,,0,0,,0,,,,,,,,1,0,,,,,0,0,,0,,,,,,,0,0,0,,0,,,,0,,0,0,,,,,,,,,,,,,,,,,,,,,,,1,0,,,,,,,,0,0,,0,,,,,,,0,0,,0,0,0,0,,
chr_cloth#d14323f6bdb36036,chr0001_c64.mdl,chr0001_c64.mdl,1,,,,1,,,,,,,,,-1,,,,,,,,,,,,,,-1,,,,,,,,,,,,,,-1,,,,,,,,-1,,,,,,,,,,,,,,,,,,,,,,,-1,,,,,,,,-1,,,,,,,,,0,,,,,,0,,,,,,1,0,,0,,,,,,,,0,1,,,,,0,0,,0,,,,,,,0,1,0,,0,,,,0,,1,0,,,,,,,,,,,,,,,,,,,,,,,0,1,,,,,,,,1,0,,0,,,,,,,0,0,,0,0,0,0,,
chr_cloth#d15afe3743966d44,chr9999_c01.mdl,chr0001_c74.mdl,1,,,,1,,,,,,,,,-1,,,,,,,,,,,,,,,,,,,,,,,,,,,,-1,,,,,,,,-1,,,,,,,,,,,,,,,,,,,,,,,-1,,,,,,,,-1,-1,,,,,,,,0,,,,,,0,,,,,,1,0,,0,,,,,,,,0,0,,,,,0,0,,0,,,,,,,0,1,0,,0,,,,0,,1,0,,,,,,,,,,,,,,,,,,,,,,,0,1,,,,,,,,1,1,,0,,,,,,,0,0,,0,0,0,0,,
chr_cloth#d3729b952e5ff7c8,,chr0117_c11.mdl,1,,,,1,,,,,,,,,-1,,,,,,,,,,,,,,,,,,,,,,,,,,,,,,,,-1,,,,-1,,,,,,,,,,,,,,,,,,,,,,,-1,,,,,,,,-1,,,-1,,,,,,0,,,,,,0,,,,,,1,0,,0,,,,,,,,0,0,,,,,0,0,,0,,,,,,,0,0,0,,0,,1,0,0,,1,0,,,,,,,,,,,,,,,,,,,,,,,0,1,,,,,,,,1,0,,1,,,,,,,0,0,,0,0,0,0,,
chr_cloth#d3e49d76e6951a75,equ0016.mdl,equ0016.mdl,1,,,,0,,,,,,,,,-1,,,,,,,,,,,,,,,,,,,,,,,,,,,,,,,,,,,,,,,,,,,,,,,,,,,,,,,,,,-1,,,,,,,,,,,,,,,,,,0,,,,,,0,,,,,,1,0,,0,,,,,,,,0,0,,,,,0,0,,0,,,,,,,,0,0,,0,,,,0,,0,0,,,,,,,,,,,,,,,,,,,,,,,1,0,,,,,,,,0,0,,0,,,,,,,0,0,,0,0,0,0,,
chr_cloth#d5e7dacd72c1ac1a,equ0004.mdl,equ0003.mdl,1,,,,2,,,,,,,,,-1,,,,,,,,,,,,,,-1,,,,,,,,,,,,,,-1,,,-1,,,,,-1,,,,,,,,,,,,,,,,,,,,,,,-1,,,,,,,,-1,-1,,,,,,,,0,,,,,,0,,,,,,1,0,,0,,,,,,,,0,1,,,,,0,0,,0,,,,,,,0,1,0,,1,,,,0,,1,0,,,,,,,,,,,,,,,,,,,,,,,0,1,,,,,,,,1,1,,0,,,,,,,0,0,,0,0,0,0,,
chr_cloth#d60fb3154a54ebd6,,chr0117_c11.mdl,1,,,,1,,,,,,,,,-1,,,,,,,,,,,,,,,,,,,,,,,,,,,,,,,-1,,-1,,,,,,,,,,,,,,,,,,,,,,,,,,-1,,,,,,,,,,,-1,,,,,,0,,,,,,0,,,,,,1,0,,0,,,,,,,,0,0,,,,,0,0,,0,,,,,,,0,0,0,,1,,0,1,0,,0,0,,,,,,,,,,,,,,,,,,,,,,,0,1,,,,,,,,0,0,,1,,,,,,,0,0,,0,0,0,0,,
chr_cloth#d627be2fa8d897e7,,ob_e19_000.mdl,1,,,,1,,,,,,,-1,,-1,,,,,,,,,,,,,,,,,,,,,,,,,,,,,,,,,,,,,,,,,,,,,,,,,,,,,,,,,,,,,,,,,,,-1,,,,,,,,,0,,,,,,1,,,,,,1,0,,0,,,,,,,,0,0,,,,,0,0,,0,,,,,,,0,0,0,,0,,0,0,0,,0,0,,,,,,,,,,,,,,,,,,,,,,,0,0,,,,,,,,1,0,,0,,,,,,,0,0,,0,0,0,0,,
chr_cloth#d7ecc46ed8e16544,ob_e04_003b.mdl,ob_e04_003b.mdl,1,,,,1,,,,,,,,,-1,,,,,,,,,-1,,,,,,,,,,,,,,,,,,,,,,,,,,,-1,,,,,,,,,,,,,,,,,,,,,,,-1,,,,,,,,,,,,,,,,,0,,,,,,0,,,,,,1,0,,0,,,,,,,,1,0,,,,,0,0,,0,,,,,,,0,0,0,,0,,,,0,,1,0,,,,,,,,,,,,,,,,,,,,,,,0,1,,,,,,,,0,0,,0,,,,,,,0,0,,0,0,0,0,,
chr_cloth#d84d486364803cdd,ob_s05_006.mdl,ob_s05_006.mdl,1,,,,1,,,,,,,,,-1,,,,,,,,,-1,,,,,,,,,,,,,,,,,,,,,,,,,,,-1,,,,,,,,,,,,,,,,,,,,,,,-1,,,,,,,,-1,,,,,,,,,0,,,,,,0,,,,,,1,0,,0,,,,,,,,1,0,,,,,0,0,,0,,,,,,,0,0,0,,0,,,,0,,1,0,,,,,,,,,,,,,,,,,,,,,,,0,1,,,,,,,,1,0,,0,,,,,,,0,0,,0,0,0,0,,
chr_cloth#da3385bf092f3935,,ef_obj_a375a.mdl,0,,,,0,,,,,,,,,-1,,,,,,,,,,,,,,-1,,,,,,,,,,,,,,,,,,,,,,-1,,,,,,,,,,,,,,,,,,,,,,,-1,,,,,,,,-1,,,-1,,,,,,0,,,,,,0,,,,,,1,0,,0,,,,,,,,0,1,,,,,0,0,,0,,,,,,,0,0,0,,0,,0,0,0,,1,0,,,,,,,,,,,,,,,,,,,,,,,0,1,,,,,,,,1,0,,1,,,,,,,0,0,,0,0,0,0,,
chr_cloth#da7f1f9b5e8c2509,equ0300.mdl,equ0300.mdl,1,,,,1,,,,,,,,,-1,,,,,,,,,-1,,,,,-1,,,,,-1,,,,,,,,,,,,-1,,,,,,,,,,,,,,,,,,,,,,,,,,,,-1,,,,,,,,-1,-1,,,,,,,,0,,,,,,0,,,,,,1,0,,0,,,,,,,,1,1,,,,,1,0,,0,,,,,,,0,0,0,,1,,,,0,,0,0,,,,,,,,,,,,,,,,,,,,,,,0,1,,,,,,,,1,1,,0,,,,,,,0,0,,0,0,0,0,,
chr_cloth#daa01c1214044296,chr5004_c02.mdl,chr0005_c73.mdl,1,,,,1,,,,,,,,,-1,,,,,,,,,-1,,,,,-1,,,,,,,,,,,,,,-1,,,,,,,,-1,,,,,,,,,,,,,,,,,,,,,,,-1,,,,,,,,-1,,,,,,,,,0,,,,,,0,,,,,,1,0,,0,,,,,,,,1,1,,,,,0,0,,0,,,,,,,0,1,0,,0,,,,0,,1,0,,,,,,,,,,,,,,,,,,,,,,,0,1,,,,,,,,1,0,,0,,,,,,,0,0,,0,0,0,0,,
chr_cloth#db7d917befdd3fee,,chr0005_c72.mdl,1,,,,1,,,,,,,,,-1,-1,,,,,,,,-1,,,,,-1,,,,,,,,,,,,,,-1,,,,,,,,-1,,,,,,,,,,,,,,,,,,,,,,,-1,,,,,,,,-1,-1,,,,,,,,0,,,,,,0,,,,,,1,1,,0,,,,,,,,1,1,,,,,0,0,,0,,,,,,,0,1,0,,0,,0,0,0,,1,0,,,,,,,,,,,,,,,,,,,,,,,0,1,,,,,,,,1,1,,0,,,,,,,0,0,,0,0,0,0,,
chr_cloth#dbac4ae6bbed351c,equ8024.mdl,equ8024.mdl,1,,,,1,,,,,,,,,-1,,,,,,,,,,,,,,,,,,,-1,-1,,,,,,,,,,,,,,,,-1,,,,,,,,,,,,,,,,,,,,,,,,,,,,,,,-1,,,,,,,,,0,,,,,,0,,,,,,1,0,,0,,,,,,,,0,0,,,,,1,1,,0,,,,,,,0,0,0,,0,,,,0,,1,0,,,,,,,,,,,,,,,,,,,,,,,0,0,,,,,,,,1,0,,0,,,,,,,0,0,,0,0,0,0,,
chr_cloth#dd07a7452ce132ae,chr5005_c48.mdl,chr5005_c48.mdl,1,,,,2,,,,,,,,,-1,,,,,,,,,,,,,,,,,,,,,,,,,,,,-1,,,,,,,,-1,,,,,,,,,,,,,,,,,,,,,,,-1,,,,,,,,-1,,,,,,,,,0,,,,,,0,,,,,,1,0,,0,,,,,,,0,0,,,,,,0,0,,0,,,0,,,,,1,0,,0,,,,0,,1,0,,,,,,,,,,,,,,,,,,,,,,,0,1,,,,,,,,1,,,0,,,,,,,0,0,,0,0,,0,,
chr_cloth#de0ea4ea5495bd33,ef_obj_m011.mdl,,1,,,,1,-1,,,,,,,,-1,-1,,-1,,,,,,,,,,,,,,,,,,,,,,,,,,,,,,,,,,,,,,,,,,,,,,,,,,,,,,,,-1,,,,,,,,,,,,,,,,,1,,,,,,0,,,,,,1,1,,1,,,,,,,0,0,,,,,,0,0,,0,,,0,,,,,0,0,,0,,,,0,,0,0,,,,,,,,,,,,,,,,,,,,,,,0,1,,,,,,,,0,,,0,,,,,,,1,3,,0,0,,0,,
chr_cloth#deb0cfb4976075cb,,chr5102_c10.mdl,1,,,,1,,,,,,,,,-1,,,,,,,,,,,,,,-1,,,,,,,,,,,,,,,,,-1,,,,,,,,,,,,,,,,,,,,,,,,,,,,-1,,,,,,,,,,,,,,,,,0,,,,,,0,,,,,,1,0,,0,,,,,,,,0,1,,,,,0,0,,0,,,,,,,0,0,0,,1,,0,0,0,,0,0,,,,,,,,,,,,,,,,,,,,,,,0,1,,,,,,,,0,0,,0,,,,,,,0,0,,0,0,0,0,,
chr_cloth#df440df9f8a11c37,chr5007_c08.mdl,chr5007_c08.mdl,1,,,,1,,,,,,,,,-1,,,,,,,,,,,,,,,,,,,,,,,,-1,,,,-1,,,,,,,,,,,,,,,,,,,,,,,,,,,,,,,-1,,,,,,,,-1,,,,,,,,,0,,,,,,0,,,,,,1,0,,0,,,,,,,0,0,,,,,,0,0,,0,,,1,,,,,1,0,,0,,,,0,,0,0,,,,,,,,,,,,,,,,,,,,,,,0,1,,,,,,,,1,,,0,,,,,,,0,0,,0,0,,0,,
chr_cloth#e0059cbcba0f78c4,,chr0117_c11.mdl,1,,,,0,,,,,,,,,-1,,,,,,,,,,,,,,-1,,,,,,,,,,,,,,,,,,-1,,,,-1,,,,,,,,,,,,,,,,,,,,,,,-1,,,,,,,,-1,,,-1,,,,,,0,,,,,,0,,,,,,1,0,,0,,,,,,,,0,1,,,,,0,0,,0,,,,,,,0,0,0,,0,,1,0,0,,1,0,,,,,,,,,,,,,,,,,,,,,,,0,1,,,,,,,,1,0,,1,,,,,,,0,0,,0,0,0,0,,
chr_cloth#e07a0630945fce56,chr0005_c62.mdl,chr0005_c62.mdl,1,,,,0,,,,,,,,,,,,,,,,,,-1,,,,,,,,,,,,,,,,,,,,,,,,,,,,,,,,,,,,,,,,,,,,,,,,,-1,,,,,,,,,,,,,,,,,,0,,,,,,0,,,,,,0,0,,0,,,,,,,,1,0,,,,,0,0,,0,,,,,,,0,0,0,,0,,,,0,,0,0,,,,,,,,,,,,,,,,,,,,,,,1,0,,,,,,,,0,0,,0,,,,,,,0,0,,0,0,0,0,,
chr_cloth#e2b2fd8a33b7ea06,,equ8107.mdl,1,,,,1,,,,,,,,,-1,,,,,,,,,,,,,,-1,,,,,,,,,,,,,,,,,,,,,,,,,,,,,,,,,,,,,,,,,,,,,,,,,,,,,,,,,,,,,,0,,,,,,0,,,,,,1,0,,0,,,,,,,,0,1,,,,,0,0,,0,,,,,,,0,0,0,,0,,0,0,0,,0,0,,,,,,,,,,,,,,,,,,,,,,,0,0,,,,,,,,0,0,,0,,,,,,,0,0,,0,0,0,0,,
chr_cloth#e35873a89aa0df04,,chr0001_c74.mdl,1,,,,1,,,,,,,,,-1,-1,,,,,,,,,,,,,,,,,,,,,,,,,,,-1,,,,,,,,-1,,,,,,,,,,,,,,,,,,,,,,,-1,,,,,,,,-1,-1,,,,,,,,0,,,,,,0,,,,,,1,1,,0,,,,,,,,0,0,,,,,0,0,,0,,,,,,,0,1,0,,0,,0,0,0,,1,0,,,,,,,,,,,,,,,,,,,,,,,0,1,,,,,,,,1,1,,0,,,,,,,0,0,,0,0,0,0,,
chr_cloth#e535ab5c84d6fae0,chr5005.mdl,chr5005.mdl,1,,,,2,,,,,,,,,-1,,,,,,,,,-1,,,,,,,,,,,,,,,,,,,-1,,,-1,,,,,-1,,,,,,,,,,,,,,,,,,,,,,,-1,,,,,,,,-1,,,,,,,,,0,,,,,,0,,,,,,1,0,,0,,,,,,,0,1,,,,,,0,0,,0,,,0,,,,,1,0,,1,,,,0,,1,0,,,,,,,,,,,,,,,,,,,,,,,0,1,,,,,,,,1,,,0,,,,,,,0,0,,0,0,,0,,
chr_cloth#e56c45cb9b878034,chr5332.mdl,chr5332.mdl,1,,,,1,,,,,,,,,-1,,,,,,,,,,,,,,-1,,,,,,,,,,,,,,-1,,,,,,,,,,,,,,,,,,,,,,,,,,,,,,,-1,,,,,,,,-1,-1,,,,,,,,0,,,,,,0,,,,,,1,0,,0,,,,,,,,0,1,,,,,0,0,,0,,,,,,,0,1,0,,0,,,,0,,0,0,,,,,,,,,,,,,,,,,,,,,,,0,1,,,,,,,,1,1,,0,,,,,,,0,0,,0,0,0,0,,
chr_cloth#e59f7cbb2163916e,equ8021.mdl,equ8021.mdl,0,,,,1,,,,,,,,,-1,,,,,,,,,,,,,,-1,,,,,-1,,,,,,,,,-1,,,,,,,,-1,,,,,,,,,,,,,,,,,,,,,,,,,,,,,,,,,,-1,,,,,,0,,,,,,0,,,,,,1,0,,0,,,,,,,,0,1,,,,,1,0,,0,,,,,,,0,1,0,,0,,,,0,,1,0,,,,,,,,,,,,,,,,,,,,,,,0,0,,,,,,,,0,0,,1,,,,,,,0,0,,0,0,0,0,,
chr_cloth#e71e11f70e79b2c4,ef_obj_a070.mdl,,1,,,,1,,,,,,,,,-1,,,,,,,,,-1,,,,,,,,,,-1,,,,,-1,,,,-1,,,-1,,,,,-1,,,,,,,,,,,,,,,,,,,,,,,-1,,,,,,,,-1,,,,,,,,,0,,,,,,0,,,,,,1,0,,0,,,,,,,0,1,,,,,,1,0,,0,,,1,,,,,1,0,,1,,,,0,,1,0,,,,,,,,,,,,,,,,,,,,,,,0,1,,,,,,,,1,,,0,,,,,,,0,0,,0,0,,0,,
chr_cloth#e741fdb7318a368f,chr0347.mdl,chr0347.mdl,1,,,,1,,,,,,,,,-1,,,,,,,,,,,,,,-1,,,,,,,,,,,,,,,,,,,,,,,,,,,,,,,,,,,,,,,,,,,,,-1,,,,,,,,-1,,,,,,,,,0,,,,,,0,,,,,,1,0,,0,,,,,,,,0,1,,,,,0,0,,0,,,,,,,0,0,0,,0,,,,0,,0,0,,,,,,,,,,,,,,,,,,,,,,,0,1,,,,,,,,1,0,,0,,,,,,,0,0,,0,0,0,0,,
chr_cloth#e7983762ae829610,,ef_obj_o027.mdl,1,,,,1,,,,,,,,,-1,-1,,,,,,,,,,,,,,,,,,,,,,,,,,,,,,-1,,,,,-1,,,,,,,,,,,,,,,,,,,,,,,-1,,,,,,,,-1,-1,,,,,,,,0,,,,,,0,,,,,,1,1,,0,,,,,,,,0,0,,,,,0,0,,0,,,,,,,0,0,0,,1,,0,0,0,,1,0,,,,,,,,,,,,,,,,,,,,,,,0,1,,,,,,,,1,1,,0,,,,,,,2,0,,0,0,0,0,,
chr_cloth#e80d5d2348adae65,ef_obj_a330.mdl,ef_obj_a330.mdl,1,,,,0,,,,,,,,,-1,,,,,,,,,,,,,,,,,,,,,,,,,,,,,,,,,,,,,,,,,,,,,,,,,,,,,,,,,,,-1,,,,,,,,,,,,,,,,,0,,,,,,0,,,,,,1,0,,0,,,,,,,,0,0,,,,,0,0,,0,,,,,,,0,0,0,,0,,,,0,,0,0,,,,,,,,,,,,,,,,,,,,,,,0,1,,,,,,,,0,0,,0,,,,,,,0,0,,0,0,0,0,,
chr_cloth#e98b8769a1e78f48,equ0529.mdl,equ0529.mdl,1,,,,0,,,,,,,,,-1,,,,,,,,,,,,,,,,,,,,,,,,,,,,-1,,,-1,,,,,-1,,,,,,,,,,,,,,,,,,,,,,,-1,,,,,,,,-1,,,,,,,,,0,,,,,,0,,,,,,1,0,,0,,,,,,,,0,0,,,,,0,0,,0,,,,,,,,1,0,,1,,,,0,,1,0,,,,,,,,,,,,,,,,,,,,,,,0,1,,,,,,,,1,0,,0,,,,,,,0,0,,0,0,0,0,,
chr_cloth#ea8967e54776153a,chr5007_c03.mdl,chr5007_c03.mdl,1,,,,1,,,,,,,,,-1,,,,,,,,,,,,,,,,,,,-1,-1,,,,,,,,-1,,,,,,,,-1,,,,,,,,,,,,,,,,,,,,,,,-1,,,,,,,,-1,,,,,,,,,0,,,,,,0,,,,,,1,0,,0,,,,,,,0,0,,,,,,1,1,,0,,,0,,,,,1,0,,0,,,,0,,1,0,,,,,,,,,,,,,,,,,,,,,,,0,1,,,,,,,,1,,,0,,,,,,,0,0,,0,0,,0,,
chr_cloth#ea910e2e6be0b374,chr5318.mdl,chr5318.mdl,1,,,,1,,,,,,,,,-1,,,,,,,,,,,,,,,,,,,,,,,,,,,,-1,,,-1,,,,,-1,,,,,,,,,,,,,,,,,,,,,,,,,,,,,,,-1,-1,,,,,,,,0,,,,,,0,,,,,,1,0,,0,,,,,,,,0,0,,,,,0,0,,0,,,,,,,0,1,0,,1,,,,0,,1,0,,,,,,,,,,,,,,,,,,,,,,,0,0,,,,,,,,1,1,,0,,,,,,,0,0,,0,0,0,0,,
chr_cloth#ecab6c518d362110,orbment_cover_CHR101.mdl,orbment_cover_CHR101.mdl,1,,,,1,-1,,,,,,,,-1,,,,,,,,,-1,,,,,-1,,,,,,,,,,,,,,,,,-1,,,,,,,,,,,,,,,,,,,,,,,,,,,,-1,,,,,,,,-1,-1,,,,,,,,1,,,,,,0,,,,,,1,0,,0,,,,,,,,1,1,,,,,0,0,,0,,,,,,,0,0,0,,1,,,,0,,0,0,,,,,,,,,,,,,,,,,,,,,,,0,1,,,,,,,,1,1,,0,,,,,,,0,0,,0,0,0,0,,
chr_cloth#ecb6f6b61d94d7af,chr5007_c08.mdl,chr5007_c08.mdl,1,,,,1,,,,,,,,,-1,,,,,,,,,,,,,,,,,,,,,,,,-1,,,,-1,,,-1,,,,,-1,,,,,,,,,,,,,,,,,,,,,,,-1,,,,,,,,-1,,,,,,,,,0,,,,,,0,,,,,,1,0,,0,,,,,,,0,0,,,,,,0,0,,0,,,1,,,,,1,0,,1,,,,0,,1,0,,,,,,,,,,,,,,,,,,,,,,,0,1,,,,,,,,1,,,0,,,,,,,0,0,,0,0,,0,,
chr_cloth#ed47b51451fda926,,fc_chr0117_99.mdl,1,,,,1,-1,,,,,,,,-1,,,,,,,,,,,,,,,,,,,,,,,,,,,,,,,-1,,,,,,,,,,,,,,,,,,,,,,,,,,,,-1,,,,,,,,,,,,,,,,,1,,,,,,0,,,,,,1,0,,0,,,,,,,,0,0,,,,,0,0,,0,,,,,,,0,0,0,,1,,0,0,0,,0,0,,,,,,,,,,,,,,,,,,,,,,,0,1,,,,,,,,0,0,,0,,,,,,,0,0,,0,0,0,0,,
chr_cloth#ee8df36875d90065,ef_obj_a070.mdl,,1,,,,1,,,,,,,,,-1,-1,,,,,,,,,,,,,,,,,,,,,,,-1,,,,-1,,,,,,,,-1,,,,,,,,,,,,,,,,,,,,,,,-1,,,,,,,,-1,,,,,,,,,0,,,,,,0,,,,,,1,1,,0,,,,,,,0,0,,,,,,0,0,,0,,,1,,,,,1,0,,0,,,,0,,1,0,,,,,,,,,,,,,,,,,,,,,,,0,1,,,,,,,,1,,,0,,,,,,,1,0,,0,0,,0,,
chr_cloth#f31408cb7767c786,ef_obj_g000.mdl,,1,,,,1,-1,,,,,,,,-1,,,,,,,,,,,,,,,,,,,,,,,,,,,,,,,-1,,,,,,,,,,,,,,,,,,,,,,,,,,,,-1,,,,,,,,-1,,,,,,,,,1,,,,,,0,,,,,,1,0,,0,,,,,,,0,0,,,,,,0,0,,0,,,0,,,,,0,0,,1,,,,0,,0,0,,,,,,,,,,,,,,,,,,,,,,,0,1,,,,,,,,1,,,0,,,,,,,0,0,,0,0,,0,,
chr_cloth#f4c1bf03af943844,equ8025.mdl,equ8025.mdl,1,,,,1,-1,,,,,,,,-1,,,,,,,,,,,,,,,,,,,-1,-1,,,,,,,,-1,,,-1,,,,,-1,,,,,,,,,,,,,,,,,,,,,,,-1,,,,,,,,-1,,,,,,,,,1,,,,,,0,,,,,,1,0,,0,,,,,,,,0,0,,,,,1,1,,0,,,,,,,0,1,0,,1,,,,0,,1,0,,,,,,,,,,,,,,,,,,,,,,,0,1,,,,,,,,1,0,,0,,,,,,,0,0,,0,0,0,0,,
chr_cloth#f5dfe5544c256097,ob_e04_003d.mdl,ob_e04_003d.mdl,1,,,,1,,,,,,,,,-1,,,,,,,,,,,,,,,,,,,,,,,,,,,,-1,,,-1,,,,,-1,,,,,,,,,,,,,,,,,,,,,,,-1,,,,,,,,,,,,,,,,,0,,,,,,0,,,,,,1,0,,0,,,,,,,,0,0,,,,,0,0,,0,,,,,,,0,1,0,,1,,,,0,,1,0,,,,,,,,,,,,,,,,,,,,,,,0,1,,,,,,,,0,0,,0,,,,,,,0,0,,0,0,0,0,,
chr_cloth#f7f0a1af4699f6bd,chr0710.mdl,chr0001_c74.mdl,1,,,,1,,,,,,,,,-1,,,,,,,,,,,,,,,,,,,,,,,,,,,,-1,,,-1,,,,,-1,,,,,,,,,,,,,,,,,,,,,,,-1,,,,,,,,-1,-1,,,,,,,,0,,,,,,0,,,,,,1,0,,0,,,,,,,,0,0,,,,,0,0,,0,,,,,,,0,1,0,,1,,,,0,,1,0,,,,,,,,,,,,,,,,,,,,,,,0,1,,,,,,,,1,1,,0,,,,,,,0,0,,0,0,0,0,,
chr_cloth#fc41dbca0f76cf68,ef_obj_a336.mdl,ef_obj_a336.mdl,1,,,,1,,,,,,,,,-1,,,,,,,,,-1,,,,,,,,,,-1,,,,,,,,,,,,,,,,,,,,,,,,,,,,,,,,,,,,,,,,,,,,,,,,,,,,,,,,,0,,,,,,0,,,,,,1,0,,0,,,,,,,,1,0,,,,,1,0,,0,,,,,,,0,0,0,,0,,,,0,,0,0,,,,,,,,,,,,,,,,,,,,,,,0,0,,,,,,,,0,0,,0,,,,,,,0,0,,0,0,0,0,,
chr_cloth#fd150f0a0341e669,ob_e04_003f.mdl,ob_e04_003f.mdl,1,,,,1,,,,,,,,,-1,,,,,,,,,,,,,,,,,,,,,,,,,,,,,,,,,,,,-1,,,,,,,,,,,,,,,,,,,,,,,-1,,,,,,,,,,,,,,,,,0,,,,,,0,,,,,,1,0,,0,,,,,,,,0,0,,,,,0,0,,0,,,,,,,0,0,0,,0,,,,0,,1,0,,,,,,,,,,,,,,,,,,,,,,,0,1,,,,,,,,0,0,,0,,,,,,,0,0,,0,0,0,0,,
chr_cloth#feba85ee52a88192,,equ0140.mdl,1,,,,1,,,,,,,-1,,-1,,,,,,,,,,,,,,-1,,,,,-1,,,,,,,,,,,,,,,,,,,,,,,,,,,,,,,,,,,,,,,,-1,,,,,,,,-1,,,,,,,,,0,,,,,,1,,,,,,1,0,,0,,,,,,,,0,1,,,,,1,0,,0,,,,,,,0,0,0,,0,,0,0,0,,0,0,,,,,,,,,,,,,,,,,,,,,,,0,1,,,,,,,,1,0,,0,,,,,,,0,0,,0,0,0,0,,
chr_cloth#fed6eefd1c85ef95,equ8024.mdl,equ8024.mdl,1,,,,0,,,,,,,,,-1,,,,,,,,,-1,,,,,,,,,,-1,-1,,,,,,,,-1,,,,,,,,,,,,,,,,,,,,,,,,,,,,,,,-1,,,,,,,,-1,,,,,,,,,0,,,,,,0,,,,,,1,0,,0,,,,,,,,1,0,,,,,1,1,,0,,,,,,,0,1,0,,0,,,,0,,0,0,,,,,,,,,,,,,,,,,,,,,,,0,1,,,,,,,,1,0,,0,,,,,,,0,0,,0,0,0,0,,
chr_cloth#feeba2f518ab8d77,ob_s05_007.mdl,ef_obj_a390.mdl,1,,,,1,,,,,,,,,-1,,,,,,,,,,,,,,,,,,,,,,,,,,,,,,,,,,,,,,,,,,,,,,,,,,,,,,,,,,,-1,,,,,,,,-1,,,,,,,,,0,,,,,,0,,,,,,1,0,,0,,,,,,,,0,0,,,,,0,0,,0,,,,,,,0,0,0,,0,,,,0,,0,0,,,,,,,,,,,,,,,,,,,,,,,0,1,,,,,,,,1,0,,0,,,,,,,0,0,,0,0,0,0,,
chr_eye#1162596a0372026a,,chr0001.mdl,1,,,,,,,,,,,,,-1,,,,,,,,,,,,,,,,-1,,,,,,,,,,-1,,-1,,,,,,,,,,,,,,,,,,,,,,,,,,,,,,,-1,,,,,-1,,,,,,,,,,,,,,,,,,,,,,,,1,0,,0,,,,,,,,0,,,1,,,0,0,,0,,,,,1,,,1,0,,,,0,0,,,,,,,,,,,,,,,,,,,,,,,,,,,,1,,,,,,1,,0,,,0,,,,,,,0,0,,0,0,0,0,,
chr_eye#281c105a5a876a00,,fc_chr0007_52.mdl,1,,,,,,,,,,,,,-1,,,,,,,,,,,,,,,,,,,-1,,,,,,,-1,,-1,,,,,,,,,,,,,,,,,,,,,,,,,,,,,,,-1,,,,,-1,,,,,,,,,,,,,,,,,,,,,,,,1,0,,0,,,,,,,,0,,,0,,,1,0,,0,,,,,1,,,1,0,,,,0,0,,,,,,,,,,,,,,,,,,,,,,,,,,,,1,,,,,,1,,0,,,0,,,,,,,0,0,,0,0,0,0,,
chr_eye#285b48716818ae17,chr0501.mdl,chr0700_c03.mdl,1,,,,,,,,,,,,,-1,,,,,,,,,,,,,,,,,,,,,,,,,,,,-1,,,,,,,,,,,,,,,,,,,,,,,,,,,,,,,,,,,,-1,,,,,,,,,,,,,,,,,,,,,,,,1,0,,0,,,,,,,,0,,,,,,0,0,,0,,,,,0,,,1,0,,,,,,,,,,,,,,,,,,,,,,,,,,,,,,,,,0,,,,,,1,,0,,,0,,,,,,,0,0,,0,0,0,0,,
chr_eye#2b23fbb329efe64a,etc0003.mdl,etc0003.mdl,1,,,,,,,,,,,,,-1,,,,,,,,,,,,,,,,,,,,,,,,,,,,,,,,,,,,,,,,,,,,,,,,,,,,,,,,,,,,,,,,-1,,,,,,,,,,,,,,,,,,,,,,,,1,0,,0,,,,,,,,0,,,,,,0,0,,0,,,,,0,,,0,0,,,,,,,,,,,,,,,,,,,,,,,,,,,,,,,,,,,,,,,1,,0,,,0,,,,,,,0,0,,0,0,,0,,
chr_eye#2d15ca911bbd7c68,,chr0500.mdl,1,,,,,,,,,,,,,-1,,,,,,,,,,,,,,,,-1,,,-1,,,,,,,,,-1,,,,,,,,,,,,,,,,,,,,,,,,,,,,,,,,,,,,,,,,,,,,,,,,,,,,,,,,,,,,1,0,,0,,,,,,,,0,,,1,,,1,0,,0,,,,,0,,,1,0,,,,0,0,,,,,,,,,,,,,,,,,,,,,,,,,,,,0,,,,,,0,,0,,,0,,,,,,,0,0,,0,0,0,0,,
chr_eye#4d3f64ba0612b11d,,fc_chr0001_52.mdl,1,,,,,,,,,,,,,-1,,,,,,,,,,,,,,,,-1,,,-1,,,,,,,-1,,-1,,,,,,,,,,,,,,,,,,,,,,,,,,,,,,,-1,,,,,-1,,,,,,,,,,,,,,,,,,,,,,,,1,0,,0,,,,,,,,0,,,1,,,1,0,,0,,,,,1,,,1,0,,,,0,0,,,,,,,,,,,,,,,,,,,,,,,,,,,,1,,,,,,1,,0,,,0,,,,,,,0,0,,0,0,0,0,,
chr_eye#575278806ff4672b,,chr0500.mdl,1,,,,,,,,,,,,,-1,,,,,,,,,,,,,,,,-1,,,,,,,,,,-1,,-1,,,,,,,,,,,,,,,,,,,,,,,,,,,,,,,-1,,,,,,,,,,,,,,,,,,,,,,,,,,,,,1,0,,0,,,,,,,,0,,,1,,,0,0,,0,,,,,1,,,1,0,,,,0,0,,,,,,,,,,,,,,,,,,,,,,,,,,,,1,,,,,,0,,0,,,0,,,,,,,0,0,,0,0,0,0,,
chr_eye#616829709fd13afe,chr0001.mdl,chr0001_c51.mdl,1,,,,,,,,,,,,,-1,,,,,,,,,,,,,,,,,,,-1,,,,,,,,,-1,,,,,,,,,,,,,,,,,,,,,,,,,,,,,,,,,,,,,,,-1,,,,,,,,,,,,,,,,,,,,,1,0,,0,,,,,,,,0,,,,,,1,0,,0,,,,,0,,,1,0,,,,,,,,,,,,,,,,,,,,,,,,,,,,,,,,,0,,,,,,0,,1,,,0,,,,,,,0,0,,0,0,0,0,,
chr_eye#71f53c1b1822cb12,,etc0050.mdl,1,,,,,,,,,,,,,-1,,,,,,,,,,,,,,,,,,,,,,,,,,,,-1,,,,,,,,,,,,,,,,,,,,,,,,,,,,,,,-1,,,,,-1,,,,,,,,,,,,,,,,,,,,,,,,1,0,,0,,,,,,,,0,,,0,,,0,0,,0,,,,,0,,,1,0,,,,0,0,,,,,,,,,,,,,,,,,,,,,,,,,,,,1,,,,,,1,,0,,,0,,,,,,,0,0,,0,0,0,0,,
chr_eye#7592fab43a557c19,,chr0354_c10.mdl,1,,,,,,,,,,,,,-1,,,,,,,,,,,,,,,,-1,,,,,,,,,,,,-1,,,,,,,,,,,,,,,,,,,,,,,,,,,,,,,-1,,,,,-1,,,,,,,,,,,,,,,,,,,,,,,,1,0,,0,,,,,,,,0,,,1,,,0,0,,0,,,,,0,,,1,0,,,,0,0,,,,,,,,,,,,,,,,,,,,,,,,,,,,1,,,,,,1,,0,,,0,,,,,,,0,0,,0,0,0,0,,
chr_eye#81d0cf3ffe9adeee,chr0001.mdl,chr0001_c51.mdl,1,,,,,,,,,,,,,-1,,,,,,,,,,,,,,,,,,,,,,,,,,-1,,-1,,,,,,,,,,,,,,,,,,,,,,,,,,,,,,,-1,,,,,-1,,,,,,,,,,,,,,,,,,,,,,,,1,0,,0,,,,,,,,0,,,,,,0,0,,0,,,,,1,,,1,0,,,,,,,,,,,,,,,,,,,,,,,,,,,,,,,,,1,,,,,,1,,0,,,0,,,,,,,0,0,,0,0,0,0,,
chr_eye#915ad58f7f2e7db7,,chr0501.mdl,1,,,,,,,,,,,,,-1,,,,,,,,,,,,,,,,-1,,,,,,,,,,,,-1,,,,,,,,,,,,,,,,,,,,,,,,,,,,,,,,,,,,-1,,,,,,,,,,,,,,,,,,,,,,,,1,0,,0,,,,,,,,0,,,1,,,0,0,,0,,,,,0,,,1,0,,,,0,0,,,,,,,,,,,,,,,,,,,,,,,,,,,,0,,,,,,1,,0,,,0,,,,,,,0,0,,0,0,0,0,,
chr_eye#94a76c808977f091,chr5007.mdl,chr5007.mdl,1,,,,,,,,,,,,,-1,,,,,,,,,-1,,,,,,,,,,,,,,,,,,,-1,,,,,,,,,,,,,,,,,,,,,,,,,,,,,,,,,,,,-1,,,-1,,,,,,,,,,,,,,,,,,,,,1,0,,0,,,,,,,,1,,,,,,0,0,,0,,,,,0,,,1,0,,,,,,,,,,,,,,,,,,,,,,,,,,,,,,,,,,,,,,,1,,1,,,0,,,,,,,1,0,,0,0,,0,,
chr_eye#a3d66ecf5ed5b212,chr0315.mdl,chr0315.mdl,1,,,,,,,,,,,,,-1,,,,,,,,,,,,,,,,,,,,,,,,,,-1,,-1,,,,,,,,,,,,,,,,,,,,,,,,,,,,,,,-1,,,,,,,,,,,,,,,,,,,,,,,,,,,,,1,0,,0,,,,,,,,0,,,,,,0,0,,0,,,,,1,,,1,0,,,,,,,,,,,,,,,,,,,,,,,,,,,,,,,,,1,,,,,,0,,0,,,0,,,,,,,0,0,,0,0,0,0,,
chr_eye#bf7ac25aff22e503,,chr0117_c11.mdl,1,,,,,,,,,,,,,-1,,,,,,,,,,,,,,,,,,,,,,,,,,,,-1,,,,-1,,,,,,,,,,,,,,,,,,,,,,,,,,,-1,,,,,,,,,,,-1,,,,,,,,,,,,,,,,,,1,0,,0,,,,,,,,0,,,0,,,0,0,,0,,,,,0,,,1,0,,,,1,0,,,,,,,,,,,,,,,,,,,,,,,,,,,,1,,,,,,0,,0,,,1,,,,,,,0,0,,0,0,0,0,,
chr_eye#bff777c963f8a176,chr0301.mdl,chr0301.mdl,1,,,,,,,,,,,,,-1,,,,,,,,,,,,,,,,,,,-1,,,,,,,,,-1,,,,,,,,,,,,,,,,,,,,,,,,,,,,,,,,,,,,,,,,,,,,,,,,,,,,,,,,,,,,1,0,,0,,,,,,,,0,,,,,,1,0,,0,,,,,0,,,1,0,,,,,,,,,,,,,,,,,,,,,,,,,,,,,,,,,0,,,,,,0,,0,,,0,,,,,,,0,0,,0,0,0,0,,
chr_eye#cefe68fe19737db2,ef_obj_a348.mdl,ef_obj_a348.mdl,1,,,,,,,,,,,,,-1,,,,,,,,,,,,,,,,,,,,,,,,,,,,,,,,,,,,,,,,,,,,,,,,,,,,,,,,,,,-1,,,,,-1,,,,,,,,,,,,,,,,,,,,,,,,1,0,,0,,,,,,,,0,,,,,,0,0,,0,,,,,0,,,0,0,,,,,,,,,,,,,,,,,,,,,,,,,,,,,,,,,1,,,,,,1,,0,,,0,,,,,,,0,0,,0,0,0,0,,
chr_eye#cfa96d0bfeee78b0,chr0112_c00.mdl,chr0112_c00.mdl,1,,,,,,,,,,,,,-1,,,,,,,,,-1,,,,,,,,,,,,,,,,,-1,,-1,,,,,,,,,,,,,,,,,,,,,,,,,,,,,,,,,,,,-1,,,-1,,,,,,,,,,,,,,,,,,,,,1,0,,0,,,,,,,,1,,,,,,0,0,,0,,,,,1,,,1,0,,,,,,,,,,,,,,,,,,,,,,,,,,,,,,,,,,,,,,,1,,1,,,0,,,,,,,1,0,,0,0,,0,,
chr_eye#d3564ef95cbffb30,,chr0001.mdl,1,,,,,,,,,,,,,-1,,,,,,,,,,,,,,,,-1,,,-1,,,,,,,,,-1,,,,,,,,,,,,,,,,,,,,,,,,,,,,,,,,,,,,,,,-1,,,,,,,,,,,,,,,,,,,,,1,0,,0,,,,,,,,0,,,1,,,1,0,,0,,,,,0,,,1,0,,,,0,0,,,,,,,,,,,,,,,,,,,,,,,,,,,,0,,,,,,0,,1,,,0,,,,,,,0,0,,0,0,0,0,,
chr_eye#d8f27da6b9a08c0d,,chr0117_c11.mdl,1,,,,,,,,,,,,,-1,,,,,,,,,,,,,,,,-1,,,-1,,,,,,,,,-1,,,,,-1,,,,,,,,,,,,,,,,,,,,,,,,,,,,,,,,,,-1,,,-1,,,,,,,,,,,,,,,,,,1,0,,0,,,,,,,,0,,,1,,,1,0,,0,,,,,0,,,1,0,,,,0,1,,,,,,,,,,,,,,,,,,,,,,,,,,,,0,,,,,,0,,1,,,1,,,,,,,0,0,,0,0,0,0,,
chr_eye#ef1955726f490a5d,,chr0117_c11.mdl,1,,,,,,,,,,,,,-1,,,,,,,,,,,,,,,,-1,,,,,,,,,,-1,,-1,,,,,-1,,,,,,,,,,,,,,,,,,,,,,,,,,-1,,,,,-1,,,,,,-1,,,,,,,,,,,,,,,,,,1,0,,0,,,,,,,,0,,,1,,,0,0,,0,,,,,1,,,1,0,,,,0,1,,,,,,,,,,,,,,,,,,,,,,,,,,,,1,,,,,,1,,0,,,1,,,,,,,0,0,,0,0,0,0,,
chr_hair#00a01eb7d6c6bec9,chr5003.mdl,chr5003.mdl,1,,,,,-1,,,,,,,,-1,,,,,,,,,-1,,,,,,,,,,,,,,,,,,,,,,,,,,,-1,,,,,,,,,,,,,,,,,,,,,,,-1,,,,,,,,-1,,,,,,,,,1,,,,,,,0,0,0,0,,1,0,,0,,,,,,,,1,,,,,,0,0,,0,,,,,,,,0,0,,,,,,0,,1,0,,,,,,,,,,,,,,,,,,,,,,,,1,,,,,,,,1,,,0,,0,,,,,0,0,,0,0,,0,,
chr_hair#09d4b83e7644ba76,chr0001.mdl,chr0001.mdl,1,,,,,,,,,,,,,-1,,,,,,,,,-1,,,,,-1,,,,,,,,,,,,,,-1,,,,,,,,,,,,,,,,,,,,,,,,,,,,,,,-1,,,,,,,,-1,-1,,,,,,,,0,,,,,,,0,0,0,0,,1,0,,0,,,,,,,,1,1,,,,,0,0,,0,,,,,,,,1,0,,,,,,0,,0,0,,,,,,,,,,,,,,,,,,,,,,,,1,,,,,,,,1,1,,0,,0,,,,,0,0,,0,0,0,0,,
chr_hair#2a191cdd080e2bab,chr0500.mdl,chr0500.mdl,1,,,,,,,,,,,,,-1,,,,,,,,,-1,,,,,,,,,,,,,,,,,,,-1,,,,,,,,,,,,,,,,,,,,,,,,,,,,,,,-1,,,,,,,,-1,-1,,-1,,,,,,0,,,,,,,0,0,0,0,,1,0,,0,,,,,,,,1,0,,,,,0,0,,0,,,,,,,,1,0,,,,,,0,,0,0,,,,,,,,,,,,,,,,,,,,,,,,1,,,,,,,,1,1,,1,,0,,,,,0,0,,0,0,0,0,,
chr_hair#4a57946b9fa65f53,chr5005_c06.mdl,chr5005_c06.mdl,1,,,,,,,,,,,,,-1,,,,,,,,,,-1,,,-1,,,,,,-1,,,,,,,,,-1,,,,,,,,-1,,,,,,,,,,,,,,,,,,,,,,,-1,,,,,,,,-1,,,,,,,,,0,,,,,,,1,0,0,1,,1,0,,0,,,,,,,,0,,,,,,1,0,,0,,,,,,,,1,0,,,,,,0,,1,0,,,,,,,,,,,,,,,,,,,,,,,,1,,,,,,,,1,,,0,,0,,,,,0,0,,0,0,,0,,
chr_hair#552cb12d47a56271,chr0315.mdl,chr0315.mdl,1,,,,,,,,,,,,,-1,,,,,,,,,-1,,,,,,,,,,,,,,,,,,,-1,,,,,,,,,,,,,,,,,,,,,,,,,,,,,,,-1,,,,,,,,-1,-1,,,,,,,,0,,,,,,,0,0,0,0,,1,0,,0,,,,,,,,1,0,,,,,0,0,,0,,,,,,,,1,0,,,,,,0,,0,0,,,,,,,,,,,,,,,,,,,,,,,,1,,,,,,,,1,1,,0,,0,,,,,0,0,,0,0,0,0,,
chr_hair#7500d1473f42b27e,,fc_chr0001_52.mdl,1,,,,,,,,,,,,,-1,,,,,,,,,-1,,,,,-1,,,,,-1,,,,,,,,,-1,,,,,,,,,,,,,,,,,,,,,,,,,,,,,,,-1,,,,,,,,-1,-1,,,,,,,,0,,,,,,,0,0,0,0,,1,0,,0,,,,,,,,1,1,,,,,1,0,,0,,,,,,,,1,0,,,,0,0,0,,0,0,,,,,,,,,,,,,,,,,,,,,,,,1,,,,,,,,1,1,,0,,0,,,,,0,0,,0,0,0,0,,
chr_hair#890c4ec12a88cd2d,chr0112_c00.mdl,chr0112_c00.mdl,1,,,,,-1,,,,,,,,-1,,,,,,,,,-1,,,,,,,,,,,,,,,,,,,-1,,,,,,,,-1,,,,,,,,,,,,,,,,,,,,,,,-1,,,,,,,,-1,,,,,,,,,1,,,,,,,0,0,0,0,,1,0,,0,,,,,,,,1,,,,,,0,0,,0,,,,,,,,1,0,,,,,,0,,1,0,,,,,,,,,,,,,,,,,,,,,,,,1,,,,,,,,1,,,0,,0,,,,,0,0,,0,0,,0,,
chr_hair#92b720968527c65d,,chr0117_c11.mdl,1,,,,,,,,,,,,,-1,,,,,,,,,-1,,,,,-1,,,,,,,,,,,,,,-1,,,,,-1,,,,,,,,,,,,,,,,,,,,,,,,,,-1,,,,,,,,-1,-1,,-1,,,,,,0,,,,,,,0,0,0,0,,1,0,,0,,,,,,,,1,1,,,,,0,0,,0,,,,,,,,1,0,,,,0,1,0,,0,0,,,,,,,,,,,,,,,,,,,,,,,,1,,,,,,,,1,1,,1,,0,,,,,0,0,,0,0,0,0,,
chr_hair#98648dca01fcb48c,,chr0117_c11.mdl,1,,,,,,,,,,,,,-1,,,,,,,,,-1,,,,,,,,,,,,,,,,,,,-1,,,,-1,,,,-1,,,,,,,,,,,,,,,,,,,,,,,-1,,,,,,,,-1,-1,,-1,,,,,,0,,,,,,,0,0,0,0,,1,0,,0,,,,,,,,1,0,,,,,0,0,,0,,,,,,,,1,0,,,,1,0,0,,1,0,,,,,,,,,,,,,,,,,,,,,,,,1,,,,,,,,1,1,,1,,0,,,,,0,0,,0,0,0,0,,
chr_hair#cdac606d5d29a54a,ef_obj_a074.mdl,,1,,,,,-1,,,,,,,,-1,-1,,,,,,,,-1,-1,,,-1,,,,,,-1,-1,,,,,,,,-1,,,,,,,,-1,,,,,,,,,,,,,,,,,,,,,,,-1,,,,,,,,-1,,,,,,,,,1,,,,,,,1,0,0,1,,1,1,,0,,,,,,,,1,,,,,,1,1,,0,,,,,,,,1,0,,,,,,0,,1,0,,,,,,,,,,,,,,,,,,,,,,,,1,,,,,,,,1,,,0,,0,,,,,1,0,,0,0,,0,,
chr_hair#e782177692abce53,chr0503.mdl,chr0503.mdl,1,,,,,-1,,,,,,,,-1,,,,,,,,,-1,,,,,,,,,,,,,,,,,,,-1,,,,,,,,,,,,,,,,,,,,,,,,,,,,,,,-1,,,,,,,,-1,-1,,-1,,,,,,1,,,,,,,0,0,0,0,,1,0,,0,,,,,,,,1,0,,,,,0,0,,0,,,,,,,,1,0,,,,,,0,,0,0,,,,,,,,,,,,,,,,,,,,,,,,1,,,,,,,,1,1,,1,,0,,,,,0,0,,0,0,0,0,,
chr_hair#ee9e2dea6f5e5cc7,chr0502.mdl,,1,,,,,,,,,,,,,-1,,,,,,,,,-1,,,,,,,,,,,,,,,,,,,-1,,,,,,,,,,,,,,,,,,,,,,,,,,,,,,,,,,,,,,,-1,-1,,-1,,,,,,0,,,,,,,0,0,0,0,,1,0,,0,,,,,,,,1,0,,,,,0,0,,0,,,,,,,,1,0,,,,,,0,,0,0,,,,,,,,,,,,,,,,,,,,,,,,0,,,,,,,,1,1,,1,,0,,,,,0,0,,0,0,0,0,,
chr_hair#ef78fd7113febfbd,chr5007_c03.mdl,chr5007_c03.mdl,1,,,,,-1,,,,,,,,-1,,,,,,,,,-1,,,,,,,,,,-1,-1,,,,,,,,-1,,,,,,,,-1,,,,,,,,,,,,,,,,,,,,,,,-1,,,,,,,,-1,,,,,,,,,1,,,,,,,0,0,0,0,,1,0,,0,,,,,,,,1,,,,,,1,1,,0,,,,,,,,1,0,,,,,,0,,1,0,,,,,,,,,,,,,,,,,,,,,,,,1,,,,,,,,1,,,0,,0,,,,,0,0,,0,0,,0,,
chr_skin#038ecca216abbf84,,chr0117_c11.mdl,1,,,,0,,,,,,,,,-1,,,,,,,,,,,,,,-1,,,,,,,,,,,,,,-1,,,,-1,,,,-1,,,,,,,,,,,,,,,,,,,,,,,-1,,,,,,,,-1,-1,,-1,,,,,,0,,,,,,,,,,,,1,0,,0,,,,,,,,0,1,,0,,,0,0,,0,,,,,,,,1,0,,,,1,0,,,1,0,,,,,,,,,,,,,,,,,,,,,,,,1,,,,,,,,1,1,,1,,,,,,,0,0,,0,0,0,0,,
chr_skin#09c7054702bf146b,,chr0001_c01.mdl,1,,,,0,,,,,,,,,-1,-1,,,,,,,,,,,,,-1,,,,,,,,,,,,,,-1,,,,,,,,,,,,,,,,,,,,,,,,,,,,,,,-1,,,,,,,,-1,-1,,,,,,,,0,,,,,,,,,,,,1,1,,0,,,,,,,,0,1,,0,,,0,0,,0,,,,,,,,1,0,,,,0,0,,,0,0,,,,,,,,,,,,,,,,,,,,,,,,1,,,,,,,,1,1,,0,,,,,,,0,0,,0,0,0,0,,
chr_skin#136487f94e3c9d6d,chr0511.mdl,chr0511.mdl,1,,,,0,,,,,,,,,-1,,,,,,,,,-1,,,,,-1,,,,,,,,,,,,,,-1,,,,,,,,,,,,,,,,,,,,,,,,,,,,,,,-1,,,,,,,,-1,-1,,,,,,,,0,,,,,,,,,,,,1,0,,0,,,,,,,,1,1,,,,,0,0,,0,,,,,,,,1,0,,,,,,,,0,0,,,,,,,,,,,,,,,,,,,,,,,,1,,,,,,,,1,1,,0,,,,,,,0,0,,0,0,0,0,,
chr_skin#25e6a26c94416413,,chr0117_c11.mdl,1,,,,0,,,,,,,,,-1,,,,,,,,,,,,,,,,,,,,,,,,,,,,-1,,,,-1,,,,-1,,,,,,,,,,,,,,,,,,,,,,,-1,,,,,,,,-1,-1,,-1,,,,,,0,,,,,,,,,,,,1,0,,0,,,,,,,,0,0,,0,,,0,0,,0,,,,,,,,1,0,,,,1,0,,,1,0,,,,,,,,,,,,,,,,,,,,,,,,1,,,,,,,,1,1,,1,,,,,,,0,0,,0,0,0,0,,
chr_skin#3400567144b2a85d,,chr0117_c11.mdl,1,,,,0,,,,,,,,,-1,,,,,,,,,,,,,,-1,,,,,,,,,,,,,,-1,,,,,-1,,,,,,,,,,,,,,,,,,,,,,,,,,-1,,,,,,,,-1,-1,,-1,,,,,,0,,,,,,,,,,,,1,0,,0,,,,,,,,0,1,,0,,,0,0,,0,,,,,,,,1,0,,,,0,1,,,0,0,,,,,,,,,,,,,,,,,,,,,,,,1,,,,,,,,1,1,,1,,,,,,,0,0,,0,0,0,0,,
chr_skin#518c1273a9b53411,chr0112_c00.mdl,chr0112_c00.mdl,1,,,,1,,,,,,,,,-1,,,,,,,,,,,,,,,,,,,,,,,,,,,,-1,,,,,,,,-1,,,,,,,,,,,,,,,,,,,,,,,-1,,,,,,,,-1,,,,,,,,,0,,,,,,,,,,,,1,0,,0,,,,,,,,0,,,,,,0,0,,0,,,,,,,,1,0,,,,,,,,1,0,,,,,,,,,,,,,,,,,,,,,,,,1,,,,,,,,1,,,0,,,,,,,0,0,,0,0,,0,,
chr_skin#6750ce5c81981b8b,chr9999.mdl,chr9999.mdl,1,,,,1,,,,,,,,,-1,,,,,,,,,,,,,,,,,,,,,,,,,,,,-1,-1,,,,,,,,,,,,,,,,,,,,,,,,,,,,,,-1,,,,,,,,-1,-1,,,,,,,,0,,,,,,,,,,,,1,0,,0,,,,,,,,0,,,,,,0,0,,0,,,,,,,,1,1,,,,,,,,0,0,,,,,,,,,,,,,,,,,,,,,,,,1,,,,,,,,1,1,,0,,,,,,,0,0,,0,0,0,0,,
chr_skin#6a34e418fa4b499f,,chr0117_c11.mdl,1,,,,0,,,,,,,,,-1,-1,,,,,,,,,,,,,,,-1,,,,,,,,,,,,-1,,,,,-1,,,,,,,,,,,,,,,,,,,,,,,,,,-1,,,,,,,,-1,-1,,-1,,,,,,0,,,,,,,,,,,,1,1,,0,,,,,,,,0,0,,1,,,0,0,,0,,,,,,,,1,0,,,,0,1,,,0,0,,,,,,,,,,,,,,,,,,,,,,,,1,,,,,,,,1,1,,1,,,,,,,0,0,,0,0,0,0,,
chr_skin#6af223484d787441,chr5005_c05.mdl,chr5005_c05.mdl,1,,,,1,,,,,,,,,-1,-1,,,,,,,,,,,,,,,,,,,,,,,,,,,-1,,,,,,,,-1,,,,,,,,,,,,,,,,,,,,,,,-1,,,,,,,,-1,,,,,,,,,0,,,,,,,,,,,,1,1,,0,,,,,,,,0,,,,,,0,0,,0,,,,,,,,1,0,,,,,,,,1,0,,,,,,,,,,,,,,,,,,,,,,,,1,,,,,,,,1,,,0,,,,,,,2,0,,0,0,,0,,
chr_skin#6d164574dd25d2a7,chr5005_c08.mdl,chr5005_c08.mdl,1,,,,1,,,,,,,,,-1,-1,,,,,,,,,,,,,,,,,,,,,,,,,,,-1,,,,,,,,-1,,,,,,,,,,,,,,,,,,,,,,,-1,,,,,,,,-1,,,,,,,,,0,,,,,,,,,,,,1,1,,0,,,,,,,,0,,,,,,0,0,,0,,,,,,,,1,0,,,,,,,,1,0,,,,,,,,,,,,,,,,,,,,,,,,1,,,,,,,,1,,,0,,,,,,,0,0,,0,0,,0,,
chr_skin#766ff8d51733489b,ef_obj_o003.mdl,,1,,,,0,-1,,,,,,,,-1,,,,,,,,,,,,,,,,,,,,,,,,,,,,,,,,,,,,,,,,,,,,,,,,,,,,,,,,,,,,,,,,,,,,,,,,,,,,1,,,,,,,,,,,,1,0,,0,,,,,,,,0,0,,,,,0,0,,0,,,,,,,,0,0,,,,,,,,0,0,,,,,,,,,,,,,,,,,,,,,,,,0,,,,,,,,0,0,,0,,,,,,,0,0,,0,0,0,0,,
chr_skin#78303a47ae68e43b,chr0112_c00.mdl,chr0112_c00.mdl,1,,,,1,,,,,,,,,-1,-1,,,,,,,,,,,,,,,,,,,,,,,,,,,-1,-1,,,,,,,,,,,,,,,,,,,,,,,,,,,,,,-1,,,,,,,,-1,,,,,,,,,0,,,,,,,,,,,,1,1,,0,,,,,,,,0,,,,,,0,0,,0,,,,,,,,1,1,,,,,,,,0,0,,,,,,,,,,,,,,,,,,,,,,,,1,,,,,,,,1,,,0,,,,,,,2,0,,0,0,,0,,
chr_skin#7a47371d6c884517,,chr0001.mdl,1,,,,0,,,,,,,,,-1,,,,,,,,,,,,,,,,-1,,,,,,,,,,,,-1,,,,,,,,,,,,,,,,,,,,,,,,,,,,,,,-1,,,,,,,,-1,-1,,,,,,,,0,,,,,,,,,,,,1,0,,0,,,,,,,,0,0,,1,,,0,0,,0,,,,,,,,1,0,,,,0,0,,,0,0,,,,,,,,,,,,,,,,,,,,,,,,1,,,,,,,,1,1,,0,,,,,,,0,0,,0,0,0,0,,
chr_skin#81e990739ce3a8fd,,chr0001.mdl,1,,,,0,,,,,,,,,-1,-1,,,,,,,,,,,,,,,-1,,,,,,,,,,,,-1,,,,,,,,,,,,,,,,,,,,,,,,,,,,,,,-1,,,,,,,,-1,-1,,,,,,,,0,,,,,,,,,,,,1,1,,0,,,,,,,,0,0,,1,,,0,0,,0,,,,,,,,1,0,,,,0,0,,,0,0,,,,,,,,,,,,,,,,,,,,,,,,1,,,,,,,,1,1,,0,,,,,,,0,0,,0,0,0,0,,
chr_skin#840ebcd7e0779589,chr0001.mdl,chr0001_c51.mdl,1,,,,0,,,,,,,,,-1,,,,,,,,,,,,,,,,,,,,,,,,,,,,-1,,,,,,,,,,,,,,,,,,,,,,,,,,,,,,,-1,,,,,,,,-1,-1,,,,,,,,0,,,,,,,,,,,,1,0,,0,,,,,,,,0,0,,,,,0,0,,0,,,,,,,,1,0,,,,,,,,0,0,,,,,,,,,,,,,,,,,,,,,,,,1,,,,,,,,1,1,,0,,,,,,,0,0,,0,0,0,0,,
chr_skin#8b6ff91995cb38ce,,chr0117_c11.mdl,1,,,,0,,,,,,,,,-1,,,,,,,,,,,,,,,,-1,,,,,,,,,,,,-1,,,,,-1,,,,,,,,,,,,,,,,,,,,,,,,,,-1,,,,,,,,-1,-1,,-1,,,,,,0,,,,,,,,,,,,1,0,,0,,,,,,,,0,0,,1,,,0,0,,0,,,,,,,,1,0,,,,0,1,,,0,0,,,,,,,,,,,,,,,,,,,,,,,,1,,,,,,,,1,1,,1,,,,,,,0,0,,0,0,0,0,,
chr_skin#90832f3c929aaeb0,chr5005_c05.mdl,chr5005_c05.mdl,1,,,,1,-1,,,,,,,,-1,,,,,,,,,,,,,,,,,,,,,,,,,,,,,,,,,,,,,,,,,,,,,,,,,,,,,,,,,,,-1,,,,,,,,-1,,,,,,,,,1,,,,,,,,,,,,1,0,,0,,,,,,,,0,,,,,,0,0,,0,,,,,,,,0,0,,,,,,,,0,0,,,,,,,,,,,,,,,,,,,,,,,,1,,,,,,,,1,,,0,,,,,,,2,0,,0,0,,0,,
chr_skin#a7f7b9ba58fd393a,chr9999.mdl,chr9999.mdl,1,,,,1,,,,,,,,,-1,,,,,,,,,,,,,,,,,,,,,,,,,,,,-1,,,,,,,,,,,,,,,,,,,,,,,,,,,,,,,-1,,,,,,,,-1,-1,,,,,,,,0,,,,,,,,,,,,1,0,,0,,,,,,,,0,,,,,,0,0,,0,,,,,,,,1,0,,,,,,,,0,0,,,,,,,,,,,,,,,,,,,,,,,,1,,,,,,,,1,1,,0,,,,,,,0,0,,0,0,0,0,,
chr_skin#c6d905ff402af7a2,chr0001.mdl,chr0001_c51.mdl,1,,,,0,,,,,,,,,-1,-1,,,,,,,,,,,,,,,,,,,,,,,,,,,-1,,,,,,,,,,,,,,,,,,,,,,,,,,,,,,,-1,,,,,,,,-1,-1,,,,,,,,0,,,,,,,,,,,,1,1,,0,,,,,,,,0,0,,,,,0,0,,0,,,,,,,,1,0,,,,,,,,0,0,,,,,,,,,,,,,,,,,,,,,,,,1,,,,,,,,1,1,,0,,,,,,,0,0,,0,0,0,0,,
chr_skin#c9719e51291d98b8,chr5001.mdl,chr5001.mdl,1,,,,2,,,,,,,,,-1,,,,,,,,,,,,,,,,,,,,,,,,,,,,-1,-1,,,,,,,,,,,,,,,,,,,,,,,,,,,,,,-1,,,,,,,,-1,,,,,,,,,0,,,,,,,,,,,,1,0,,0,,,,,,,,0,,,,,,0,0,,0,,,,,,,,1,1,,,,,,,,0,0,,,,,,,,,,,,,,,,,,,,,,,,1,,,,,,,,1,,,0,,,,,,,0,0,,0,0,,0,,
chr_skin#d498bf9510daae84,,chr0120.mdl,1,,,,0,,,,,,,,,-1,,,,,,,,,,,,,,-1,,-1,,,,,,,,,,,,-1,,,,,,,,,,,,,,,,,,,,,,,,,,,,,,,-1,,,,,,,,-1,-1,,,,,,,,0,,,,,,,,,,,,1,0,,0,,,,,,,,0,1,,1,,,0,0,,0,,,,,,,,1,0,,,,0,0,,,0,0,,,,,,,,,,,,,,,,,,,,,,,,1,,,,,,,,1,1,,0,,,,,,,0,0,,0,0,0,0,,
chr_skin#f3bd03426e57b291,chr0001.mdl,chr0001.mdl,1,,,,0,,,,,,,,,-1,,,,,,,,,,,,,,-1,,,,,,,,,,,,,,-1,,,,,,,,,,,,,,,,,,,,,,,,,,,,,,,-1,,,,,,,,-1,-1,,,,,,,,0,,,,,,,,,,,,1,0,,0,,,,,,,,0,1,,,,,0,0,,0,,,,,,,,1,0,,,,,,,,0,0,,,,,,,,,,,,,,,,,,,,,,,,1,,,,,,,,1,1,,0,,,,,,,0,0,,0,0,0,0,,
chr_skin#f5a054a3a1b86ebc,,chr0120.mdl,1,,,,0,,,,,,,,,-1,-1,,,,,,,,,,,,,-1,,-1,,,,,,,,,,,,-1,,,,,,,,,,,,,,,,,,,,,,,,,,,,,,,-1,,,,,,,,-1,-1,,,,,,,,0,,,,,,,,,,,,1,1,,0,,,,,,,,0,1,,1,,,0,0,,0,,,,,,,,1,0,,,,0,0,,,0,0,,,,,,,,,,,,,,,,,,,,,,,,1,,,,,,,,1,1,,0,,,,,,,0,0,,0,0,0,0,,
map#000726a6e6b9f88e,,ob6100hou00.mdl,1,,,,1,,,,,,,,,-1,-1,,-1,,-1,,,,,,,,,,,,,,,,,,,,,,,-1,,,-1,,,,,-1,,,,,,,,,,,,,,,,,,,,,,,-1,,,,,,,,-1,,,,-1,,,,,0,0,0,0,0,,0,0,0,0,0,0,1,1,,1,,0,1,0,,0,,0,,,,,,0,,,,,0,,0,,0,,1,0,0,1,0,,,,0,1,0,0,,0,0,0,0,0,0,0,0,0,0,0,0,0,,,0,0,0,0,0,0,1,0,0,,,,,,1,,,,1,0,,,0,0,1,2,,0,0,0,0,,0
map#00deba085204368e,ob0000rok03.mdl,,1,,,,1,,,,,,,,,-1,-1,,-1,-1,-1,,,,,,,,,,,,,,,,,,,,-1,,,-1,-1,-1,,,,,,-1,-1,-1,,,,,,-1,,,,,-1,,,,,,-1,-1,-1,,-1,,,,,,,,-1,,,,-1,-1,,,,0,0,0,0,0,,0,0,0,0,0,0,1,1,,1,,1,1,0,,0,,0,,,,,,0,,,,,0,,1,,0,,1,1,1,0,0,,,,0,1,1,1,,0,0,0,0,1,0,0,0,0,0,1,0,0,,,0,0,1,1,1,0,1,0,0,,,,,,1,,,,1,1,,,,0,0,0,,0,0,0,0,,0
map#013daace307b7c8f,ob3010dor92.mdl,ob0080plt00.mdl,1,,,,1,-1,,,,,,,,-1,,,,,,,,,,,,,,,,,,,,,,,,,,,,,,,,,,,,,,,,,,,,,,,,,,,,,,,,,,-1,,,,,,,,,,,,,,,,,,1,0,0,0,0,,0,0,0,0,0,0,1,0,,0,,0,0,0,,0,,0,,,,,,0,,,,,0,,0,,0,,0,0,0,0,0,,,,0,0,0,0,,0,0,0,0,0,0,0,0,0,0,0,0,0,,,0,0,0,0,0,1,0,0,0,,,,,,0,,,,0,0,,,,0,0,0,,0,0,0,0,,0
map#015dda6630ef1f89,,ob0000lig00b_l1.mdl,1,,,,1,,,,,,,,,-1,,,,,,,,,,,,,,,,,,,-1,,,,-1,,,,,-1,,,,,,,,-1,,,,,,,,,,,,,,,,,,,,,,,-1,,,,,,,,-1,,,,,,,,,0,0,0,0,0,,0,0,0,0,0,0,1,0,,0,,0,0,0,,0,,0,,,,,,1,,,,,1,,0,,0,,1,0,0,0,0,,,,0,1,0,0,,0,0,0,0,0,0,0,0,0,0,0,0,0,,,0,0,0,0,0,0,1,0,0,,0,,,,1,,,,0,0,,,0,0,0,0,,0,0,0,0,0,0
map#01664acccbf52d0c,ob2010dor01.mdl,ob2010dor01.mdl,1,,,,1,,,,,,,-1,,-1,,,,-1,,,,,,,,,,,,,,,-1,,,,,,,,,-1,,,,,,,-1,,,,,,,,,,,,,,,,,,,,,,,,-1,,,,,,,,-1,,,,,,,,,0,0,0,0,0,,1,0,0,0,0,0,1,0,,0,,1,0,0,,0,,0,,,,,,1,,,,,0,,0,,0,,1,0,0,0,0,,,,1,0,0,0,,0,0,0,0,0,0,0,0,0,0,0,0,0,,,0,0,0,0,0,0,1,0,0,,,,,,1,,,,0,0,,,,0,0,2,,0,0,0,0,,0
map#017c5a7a75f2cf49,mp3010_02.mdl,mp3010_02.mdl,1,,,,0,,,,,,,,,-1,,,,,,,,,,,,,,,,,,,,,,,,,,,,-1,,,,,,,,-1,,,,,,,,,,,,,,,,,,,,,,-1,,,,,,,,,,,,,,,,,,0,0,0,0,0,,0,0,0,0,0,0,1,0,,0,,0,0,0,,0,,0,,,,,,0,,,,,0,,0,,0,,1,0,0,0,0,,,,0,1,0,0,,0,0,0,0,0,0,0,0,0,0,0,0,0,,,0,0,0,0,0,1,0,0,0,,,,,,0,,,,0,0,,,,0,0,0,,0,0,0,0,,0
map#01d0ba70fe2bf8b1,mp1010.mdl,mp1010.mdl,1,1,,1,1,,,,,,,,,-1,-1,,-1,,-1,,,,,,,,,,,,,,,,,,,,,,,-1,-1,,,,,,,-1,,,,,,,-1,,,,,-1,,,,,,,,,,,-1,,,,,,,,-1,,,,-1,,,,,0,0,0,0,0,,0,0,0,0,0,0,1,1,,1,,0,1,0,,0,,0,,,,,,0,,,,,0,,0,,0,,1,1,0,0,0,,,,0,1,0,0,,0,0,0,1,0,0,0,0,1,0,0,0,0,,,0,0,0,0,0,0,1,0,0,,,,,,1,,,,1,0,,,,0,0,0,,0,0,0,0,,0
map#01ef4d9e5bfdd1cd,ob0000obj04.mdl,ob0000obj04.mdl,0,,,,1,,,,,,,,,-1,,,,-1,,,,,,-1,,,,,,,,,,,,,,,,,,-1,,,,,,,,-1,,,,,,,,,,,,,,,,,,,,,,,-1,,,,,,,,-1,,,,,-1,,,,0,0,0,0,0,,0,1,0,0,0,0,1,0,,0,,1,0,0,,0,,0,,,,,,0,,,,,0,,0,,0,,1,0,0,0,0,,,,0,1,0,0,,0,0,0,0,0,0,0,0,0,0,0,0,0,,,0,0,0,0,0,0,1,0,0,,,,,,1,,,,0,1,,,,0,2,0,,0,0,0,0,,0
map#026d2d060b7c176f,,ob0000rok02j.mdl,1,,,,1,,,,,,,,,-1,-1,,-1,,-1,,,,,,,,,,,,,,,,,,,,-1,,,-1,-1,-1,,,,,,-1,-1,-1,,,,,,,,,,,,,,,,,-1,-1,-1,,-1,,,,,,,,-1,,,,-1,-1,,,,0,0,0,0,0,,0,0,0,0,0,0,1,1,,1,,0,1,0,,0,,0,,,,,,0,,,,,0,,1,,0,,1,1,1,0,0,,,,0,1,1,1,,0,0,0,0,0,0,0,0,0,0,0,0,0,,,0,0,1,1,1,0,1,0,0,,0,,,,1,,,,1,1,,,0,0,0,0,,0,0,0,0,0,0
map#02b725ea9796420c,,ob6012plt00.mdl,0,,,,0,-1,,,,,,,,-1,,,,-1,,,,,-1,,,,,,,,,,,,,,,,,,,,,,,,,,,-1,,,,,,,,,,,,,,,,,,,,,,,,,,,,,,,,,,,,-1,,,,1,0,0,0,0,,0,0,0,0,0,0,1,0,,0,,1,0,0,,0,,1,,,,,,0,,,,,0,,0,,0,,0,0,0,0,0,,,,0,1,0,0,,0,0,0,0,0,0,0,0,0,0,0,0,0,,,0,0,0,0,0,0,0,0,0,,,,,,0,,,,0,1,,,,0,0,0,,0,0,0,0,,0
map#02e17252e7482281,mp0030_l1.mdl,mp0030_l1.mdl,0,,,,1,,,,,,,,,-1,,,,,,,,,,,,,,,,,,,,,,,,,,,,-1,,,,,,,,,,,,,,,,,,,,,,,,,,,,,,,-1,,,,,,,,,,,,,,,,,0,0,0,0,0,,0,0,0,0,0,0,1,0,,0,,0,0,0,,0,,0,,,,,,0,,,,,0,,0,,0,,1,0,0,0,0,,,,0,0,0,0,,0,0,0,0,0,0,0,0,0,0,0,0,0,,,0,0,0,0,0,0,1,0,0,,,,,,0,,,,0,0,,,,0,0,0,,0,0,0,0,,0
map#0385295c822a7bef,ob3010hou06.mdl,ob3010hou06.mdl,1,,,,1,,,,,,,,,-1,-1,,,,,,,,,,,,,,,,,,,,,,,,,,,-1,,,-1,,,,,-1,,,,,,,,,,,,,,,,,,,,,,,-1,,,,,,,,,,,,,,,,,0,0,0,0,0,,0,0,0,0,0,0,1,1,,0,,0,0,0,,0,,0,,,,,,0,,,,,0,,0,,0,,1,0,0,1,0,,,,0,1,0,0,,0,0,0,0,0,0,0,0,0,0,0,0,0,,,0,0,0,0,0,0,1,0,0,,,,,,0,,,,0,0,,,,0,2,0,,0,0,0,0,,0
map#03bdcd6e7c95d25f,ob0061plt07_l1.mdl,ob0061plt07_l1.mdl,1,,,,0,-1,,,,-1,,,,-1,,,,,,,,,,,,,,,,,,,,,,,,,,,,,,,,,,,,-1,,,,,,,,,,,,,,,,,,,,,,,-1,,,,,,,,,,,,,,,,,1,0,0,0,1,,0,0,0,0,0,0,1,0,,0,,0,0,0,,0,,0,,,,,,0,,,,,0,,0,,0,,0,0,0,0,0,,,,0,1,0,0,,0,0,0,0,0,0,0,0,0,0,0,0,0,,,0,0,0,0,0,0,1,0,0,,,,,,0,,,,0,0,,,,0,0,0,,0,0,0,0,,0
map#0443e45fad2d067a,ob0063hou00.mdl,mp6011.mdl,1,,,,0,,,,,,,,-1,-1,,,,-1,,,,,,,,,,,,,,,,,,,,,,,,,,,,,,,,,,,,,,,,,,,,,,,,,,,,,,,,,,,,,,,,,,,,,,,,0,0,0,0,0,,0,0,0,0,0,1,1,0,,0,,1,0,0,,0,,0,,,,,,0,,,,,0,,0,,0,,0,0,0,0,0,,,,0,0,0,0,,0,0,0,0,0,0,0,0,0,0,0,0,0,,,0,0,0,0,0,0,0,0,0,,,,,,0,,,,0,0,,,,0,0,0,,0,0,0,0,,0
map#047f3879c0ab5b63,mp4010_02.mdl,mp4010_02.mdl,1,,,,1,,,,,,,,,-1,,,,-1,,,,,,,,,,,,,,,,,,,,,,,,-1,,,,,,,,-1,,,,-1,,,,,,,,,,,,,,,,,,,-1,,,,,,,,-1,,,,,,,,,0,0,0,0,0,,0,0,0,0,0,0,1,0,,0,,1,0,0,,0,,0,,,,,,0,,,,,0,,0,,0,,1,0,0,0,0,,,,0,1,0,0,,1,0,0,0,0,0,0,0,0,0,0,0,0,,,0,0,0,0,0,0,1,0,0,,,,,,1,,,,0,0,,,,0,0,0,,0,0,0,0,,0
map#04978b2035e0eed9,mp0010_01.mdl,mp0010_01.mdl,1,,,,1,,,,,,,,,-1,-1,,,,,,,,,,,,,,,,,,,,,,,,,,,-1,,,,,,,,-1,,,,,,,,,,,,,,,,,,,,,,,-1,,,,,,,,-1,,,,-1,,,,,0,0,0,0,0,,0,0,0,0,0,0,1,1,,0,,0,0,0,,0,,0,,,,,,0,,,,,0,,0,,0,,1,0,0,0,0,,,,0,1,0,0,,0,0,0,0,0,0,0,0,0,0,0,0,0,,,0,0,0,0,0,0,1,0,0,,,,,,1,,,,1,0,,,,0,0,0,,0,0,0,0,,0
map#04c4863b96912383,,ef_obj_o020.mdl,1,,,,0,-1,,,,,,,,-1,-1,,,,,,,,,-1,,,-1,,,,,,,,,,,,,,,,,,,,,,,-1,,,,-1,,,,,,,,,,,,,,,,,,,-1,,,,,,,,,,,,,-1,,,,1,0,0,0,0,,0,1,0,0,1,0,1,1,,0,,0,0,0,,0,,0,,,,,,0,,,,,0,,0,,0,,0,0,0,0,0,,,,0,1,0,0,,1,0,0,0,0,0,0,0,0,0,0,0,0,,,0,0,0,0,0,0,1,0,0,,,,,,0,,,,0,1,,,,0,3,0,,0,0,0,0,,0
map#04db6a04f42525d4,ob3010hou02.mdl,ob3010hou02.mdl,1,,,,1,,,,,,,,,-1,-1,,-1,-1,,,,,,,,,,,,,,,,,,,,,,,,-1,,,,,,,,-1,,,,,,,,,,,,,,,,,,,,,,,-1,,,,,,,,-1,,,,-1,,,,,0,0,0,0,0,,0,0,0,0,0,0,1,1,,1,,1,0,0,,0,,0,,,,,,0,,,,,0,,0,,0,,1,0,0,0,0,,,,0,1,0,0,,0,0,0,0,0,0,0,0,0,0,0,0,0,,,0,0,0,0,0,0,1,0,0,,,,,,1,,,,1,0,,,,0,2,0,,0,0,0,0,,0
map#0536113689602045,,ob1071vec00.mdl,1,,,,0,,,,,,,,,,,,,,,,,,,,,,,,,,,,,,,,,,,,,,,,,,,,,,,,,,,,,,,,,,,,,,,,,,,,,,,,,,,,,,,,,,,-1,,0,0,0,0,0,,0,0,0,0,0,0,0,0,,0,,0,0,0,,0,,0,,,,,,0,,,,,0,,0,,0,,0,0,0,0,0,,,,0,0,0,0,,0,0,0,0,0,0,0,0,0,0,0,0,0,,,0,0,0,0,0,0,0,0,0,,,,,,0,,,,0,0,,,1,0,0,0,,0,0,0,0,0,0
map#056072caa59b66fb,,ob5401evt02.mdl,0,,,,1,,,,,,,,,-1,,,,,,,,,,,,,,,,,,,-1,,,,,,,,,,,,,,,,-1,,,,,-1,,,,,,,,,,,,,,,,,,,,,,,,,,,,,,,,,,,,0,0,0,0,0,,0,0,0,0,0,0,1,0,,0,,0,0,0,,0,,0,,,,,,1,,,,,0,,0,,0,,0,0,0,0,0,,,,1,0,0,0,,1,0,0,0,0,0,0,0,0,0,0,0,0,,,0,0,0,0,0,0,0,0,0,,0,,,,0,,,,0,0,,,0,0,0,0,,0,0,0,0,0,0
map#058eba8f03f74edd,,ob0000plt11c.mdl,0,,,,0,-1,,,,,,,,-1,,,,,,,,,-1,,,,,,,,,,,,,,,,,,,,,,,,,,,,,,,,,,,,,,,,,,,,,,,,,,-1,-1,,,,,,,,,,,,-1,,,,1,0,0,0,0,,0,0,0,0,0,0,1,0,,0,,0,0,0,,0,,1,,,,,,0,,,,,0,,0,,0,,0,0,0,0,0,,,,0,0,0,0,,0,0,0,0,0,0,0,0,0,0,0,0,0,,,0,0,0,0,0,0,1,1,0,,,,,,0,,,,0,1,,,0,0,0,0,,0,0,0,0,,0
map#067e075733c5b93b,,mp8030.mdl,1,,,,1,,,,,,,,,-1,,,,,-1,,,,,,,,,,,,,,,,,,,,,,,-1,,,-1,,,,,-1,,,,,,,,,,,,,,,,,,,,,,,-1,,,,,,,,,,,,,,,,,0,0,0,0,0,,0,0,0,0,0,0,1,0,,0,,0,1,0,,0,,0,,,,,,0,,,,,0,,0,,0,,1,0,0,1,0,,,,0,1,0,0,,0,0,0,0,0,0,0,0,0,0,0,0,0,,,0,0,0,0,0,0,1,0,0,,0,,,,0,,,,0,0,,,0,0,0,0,,0,0,0,0,0,0
map#06b2043775bb1879,ob_e02_002.mdl,ob_e02_002.mdl,1,,,,1,,,,,,,,,-1,,,,,,,,,,,,,,,,,,,,,,,,,,,,-1,,,,,,,,-1,,,,,,,,,,,,,,,,,,,,,,,-1,,,,,,,,-1,,,,,-1,,,,0,0,0,0,0,,0,0,0,0,0,0,1,0,,0,,0,0,0,,0,,0,,,,,,0,,,,,0,,0,,0,,1,0,0,0,0,,,,0,1,0,0,,0,0,0,0,0,0,0,0,0,0,0,0,0,,,0,0,0,0,0,0,1,0,0,,,,,,1,,,,0,1,,,,0,2,2,,0,0,0,0,,0
map#071bca803fda392b,,ob6012plt04.mdl,0,,,,0,-1,,,,,,,,-1,,,,,,,,,-1,,,,,,,,,,,,,,,,,,,,,,,,,,,,,,,,,,,,,,,,,,,,,-1,,,,,-1,-1,,,,,,,,,,,,,,,,1,0,0,0,0,,0,0,0,0,0,0,1,0,,0,,0,0,0,,0,,1,,,,,,0,,,,,0,,0,,0,,0,0,0,0,0,,,,0,0,0,0,,0,0,0,0,0,0,0,0,0,0,0,0,0,,,1,0,0,0,0,0,1,1,0,,,,,,0,,,,0,0,,,0,0,0,0,,0,0,0,0,0,0
map#07501cb7cfa1ee9f,,ob2010lig00.mdl,0,,,,1,,,,,,,,,-1,,,,-1,,,,,,,,,,,,,,,,,,,,,,,,,,,-1,,,,,,,,,,,,,,,,,,,,,,,,,,,,,,,,,,,,,,,,,-1,,,,0,0,0,0,0,,0,0,0,0,0,0,1,0,,0,,1,0,0,,0,,0,,,,,,0,,,,,0,,0,,0,,0,0,0,1,0,,,,0,0,0,0,,0,0,0,0,0,0,0,0,0,0,0,0,0,,,0,0,0,0,0,0,0,0,0,,,,,,0,,,,0,1,,,0,0,0,0,,0,0,0,0,0,0
map#075332f9c391b86f,mp0051_01.mdl,mp0051_01.mdl,1,,,,1,,,,,,,,,-1,-1,,-1,-1,,-1,,,,,,,,,,,,,,,,,,,,,,-1,,-1,,,,,,-1,,-1,,,,,,,,,,,,,,,,,,,,,-1,,,,,,,,-1,,,,-1,,,,,0,0,0,0,0,,0,0,0,0,0,0,1,1,,1,,1,0,1,,0,,0,,,,,,0,,,,,0,,0,,0,,1,0,1,0,0,,,,0,1,0,1,,0,0,0,0,0,0,0,0,0,0,0,0,0,,,0,0,0,0,0,0,1,0,0,,,,,,1,,,,1,0,,,,0,0,0,,0,0,0,0,,0
map#075e1925c7a8059c,,ob5100obj09.mdl,1,,,,0,,,,,,,,,-1,,,,-1,,,,,,-1,,,-1,,,,,,,,,,,,,,,,,,,,,,,,,,,,,,,,,,,,,,,,,,,,,,,,,,,,,,,,,,,-1,,,,0,0,0,0,0,,0,1,0,0,1,0,1,0,,0,,1,0,0,,0,,0,,,,,,0,,,,,0,,0,,0,,0,0,0,0,0,,,,0,0,0,0,,0,0,0,0,0,0,0,0,0,0,0,0,0,,,0,0,0,0,0,0,0,0,0,,0,,,,0,,,,0,1,,,0,0,0,0,,0,0,0,0,0,0
map#0798cd45be2d6493,ef_obj_q005.mdl,ef_obj_q005.mdl,1,,,,0,-1,,,,,,,,-1,,,,,,,,,-1,,,,,,,,,,,,,,,,,,,,,,,,,,,,,,,,,,,,,,,,,,,,,,,,,,-1,,-1,,,,,,,,,,,,,,,1,0,0,0,0,,0,0,0,0,0,0,1,0,,0,,0,0,0,,0,,1,,,,,,0,,,,,0,,0,,0,,0,0,0,0,0,,,,0,0,0,0,,0,0,0,0,0,0,0,0,0,0,0,0,,,,0,0,,,,0,1,0,1,,,,,,0,,,,0,0,,,,0,0,0,,0,0,0,0,,0
map#0799746d19f371a3,ob0000plt19.mdl,equ9004.mdl,0,,,,1,-1,,,,,,,,-1,,,,-1,,,,,-1,,,,,,,,,,,,,,,,,,,-1,,,,,,,,-1,,,,,,,,,,,,,,,,,,-1,,,,,-1,-1,,,,,,,,,,,,-1,,,,1,0,0,0,0,,0,0,0,0,0,0,1,0,,0,,1,0,0,,0,,1,,,,,,0,,,,,0,,0,,0,,1,0,0,0,0,,,,0,1,0,0,,0,0,0,0,0,0,0,0,0,0,0,0,0,,,1,0,0,0,0,0,1,1,0,,,,,,0,,,,0,1,,,,0,0,0,,0,0,0,0,,0
map#07d5ad3fb16d7f8b,mp4044.mdl,mp4044.mdl,1,,,,1,-1,,,,,,,,-1,,,,,,,,,,,,,,,,,,,,,,,,,,,,-1,,,-1,,,,,-1,,,,-1,,,,,,,,,,,,,,,,,,,-1,,,,,,,,-1,,,,,-1,,,,1,0,0,0,0,,0,0,0,0,0,0,1,0,,0,,0,0,0,,0,,0,,,,,,0,,,,,0,,0,,0,,1,0,0,1,0,,,,0,1,0,0,,1,0,0,0,0,0,0,0,0,0,0,0,0,,,0,0,0,0,0,0,1,0,0,,,,,,1,,,,0,1,,,,0,0,0,,0,0,0,0,,0
map#07dde0e5c5d20e72,,mp5110_20.mdl,1,,,,1,,,,,,,,,-1,,,,,,,,,,,,,,,,,,,-1,,,,,,,,,-1,,,-1,,,,,-1,,,,,,,,,,,,,,,-1,,,,,,,,-1,,,,,,,,-1,,,,,,,,,0,0,0,0,0,,0,0,0,0,0,0,1,0,,0,,0,0,0,,0,,0,,,,,,1,,,,,0,,0,,0,,1,0,0,1,0,,,,0,1,0,0,,0,0,0,0,0,0,0,0,0,0,0,0,1,,,0,0,0,0,0,0,1,0,0,,0,,,,1,,,,0,0,,,0,0,0,0,,0,0,0,0,0,0
map#07e57f9c9e9dc4af,ob0061obj05.mdl,ob0061obj05.mdl,1,,,,1,-1,,,,,,,,-1,,,,,,,,,,,,,,,,,,,,,,,,,,,,-1,,,,,,,,-1,,,,,,,,,,,,,,,,,,,,,,,-1,,,,,,,,-1,,,,,,,,,1,0,0,0,0,,0,0,0,0,0,0,1,0,,0,,0,0,0,,0,,0,,,,,,0,,,,,0,,0,,0,,1,0,0,0,0,,,,0,1,0,0,,0,0,0,0,0,0,0,0,0,0,0,0,,,,0,0,,,,0,1,0,0,,,,,,1,,,,0,0,,,,0,0,0,,0,0,0,0,,0
map#0843e004abd30792,,ef_obj_m009.mdl,1,,,,0,,,,,,,,-1,-1,,,,,,,,,-1,,,,-1,,,,,,,,,,,,,,,,,,,,,,,-1,,,,,,,,,,,,,,,,,,,,,,,-1,,,,,,,,,,,,,,,,,0,0,0,0,0,,0,0,0,0,1,1,1,0,,0,,0,0,0,,0,,1,,,,,,0,,,,,0,,0,,0,,0,0,0,0,0,,,,0,1,0,0,,0,0,0,0,0,0,0,0,0,0,0,0,0,,,0,0,0,0,0,0,1,0,0,,,,,,0,,,,0,0,,,,0,0,0,,0,0,0,0,,0
map#085cf380c3b4e9d9,,mp0081.mdl,0,1,1,1,1,,,,,,,,,-1,-1,,-1,-1,-1,,,,,,,,,,,,,,,,,,,,-1,,,-1,-1,-1,,,,,,-1,-1,-1,,,,,-1,,-1,,,-1,,,,,,,,,,,-1,,,,,,,,-1,,,,-1,,,,,0,0,0,0,0,,0,0,0,0,0,0,1,1,,1,,1,1,0,,0,,0,,,,,,0,,,,,0,,1,,0,,1,1,1,0,0,,,,0,1,1,1,,0,0,0,1,0,1,0,0,1,0,0,0,0,,,0,0,0,0,0,0,1,0,0,,,,,,1,,,,1,0,,,0,0,0,0,,0,0,0,0,,0
map#090760ae52fd479d,ob4020hou05.mdl,ob4020hou05.mdl,1,,,,1,,,,,,,,-1,-1,,,,,,,,-1,,,,,,,,,,,,,,,,,,,,,,,,,,,-1,,,,,,,,,,,,,,,,,,,,,,,,,,,,,,,,,,,,,-1,,,,0,0,0,0,0,,0,0,0,0,0,1,1,0,,0,,0,0,0,,1,,0,,,,,,0,,,,,0,,0,,0,,0,0,0,0,0,,,,1,0,0,0,,0,0,0,0,0,0,0,0,0,0,0,0,0,,,0,0,0,0,0,0,0,0,0,,,,,,0,,,,0,1,,,,0,0,0,,0,0,0,0,,0
map#092f5c374671ed65,mp0010_02.mdl,mp0010_02.mdl,1,1,,,1,,,,,,,,,-1,-1,,,,-1,,,,,,,,,,,,,,,,,,,,,,,-1,,,,,,,,-1,,,,,,,-1,,,,,,,,,,,,,,,,-1,,,,,,,,-1,,,,-1,,,,,0,0,0,0,0,,0,0,0,0,0,0,1,1,,0,,0,1,0,,0,,0,,,,,,0,,,,,0,,0,,0,,1,0,0,0,0,,,,0,1,0,0,,0,0,0,1,0,0,0,0,0,0,0,0,0,,,0,0,0,0,0,0,1,0,0,,,,,,1,,,,1,0,,,,0,0,0,,0,0,0,0,,0
map#099e458460131677,,ob0054obj01.mdl,1,,,,1,,,,,,,,,-1,-1,,,,,,,,,-1,,,-1,,,,,,-1,,,,-1,,,,,-1,-1,,-1,,,,,,-1,,,-1,-1,,,,,,,,,,,,,,,,,,-1,,,,,,,,-1,,,,-1,,,,,0,0,0,0,0,,0,1,0,0,1,0,1,1,,0,,0,0,0,,0,,0,,,,,,1,,,,,1,,0,,0,,1,1,0,1,0,,,,0,0,1,0,,1,1,0,0,0,0,0,0,0,0,0,0,0,,,0,0,0,0,0,0,1,0,0,,0,,,,1,,,,1,0,,,0,0,0,0,,0,0,0,0,0,0
map#09e0a47dc665e6fa,ob0000sky10.mdl,,0,,,,0,,,,,,,,,-1,-1,,-1,,,,,-1,,,,-1,,,,,,,-1,,,,,,,,,,,,,,,,-1,,,,,,,,,,,,,,,,,,,,,,,,,,,,,,,,,,,,-1,-1,,,,0,0,0,0,0,,0,0,0,1,0,0,1,1,,1,,0,0,0,,1,,0,,,,,,1,,,,,0,,0,,0,,0,0,0,0,0,,,,1,0,0,0,,0,0,0,0,0,0,0,0,0,0,0,0,0,,,0,0,0,0,0,0,0,0,0,,,,,,0,,,,1,1,,,,0,1,1,,0,0,0,0,,0
map#09ed691ce5890de8,,mp8410.mdl,1,,,,1,,,,,,,,,-1,-1,,-1,,-1,,,,,,,,,,,,,,,,,,,,,,,-1,,-1,-1,,,,,-1,,,,,,,,,,,,,,,,,,,,,,,-1,,,,,,,,-1,,,,-1,,,,,0,0,0,0,0,,0,0,0,0,0,0,1,1,,1,,0,1,0,,0,,0,,,,,,0,,,,,0,,0,,0,,1,0,1,1,0,,,,0,1,0,0,,0,0,0,0,0,0,0,0,0,0,0,0,0,,,0,0,0,0,0,0,1,0,0,,0,,,,1,,,,1,0,,,0,0,0,0,,0,0,0,0,0,0
map#0a09e78d8ae52e7c,mp4020_02.mdl,mp4020_02.mdl,1,,1,,1,,,,,,,,,-1,-1,,,-1,,,,-1,,,,,,,,,,,,,,,,,,,,-1,,,,,,,,-1,,,,,,,,,-1,,-1,,,,,,,,,,,,-1,,,,,,,,-1,,,,-1,,,,,0,0,0,0,0,,0,0,0,0,0,0,1,1,,0,,1,0,0,,1,,0,,,,,,0,,,,,0,,0,,0,,1,0,0,0,0,,,,0,1,0,0,,0,0,0,0,0,1,0,1,0,0,0,0,0,,,0,0,0,0,0,0,1,0,0,,,,,,1,,,,1,0,,,,0,2,0,,0,0,0,0,,0
map#0abc39c6860031eb,,ob8500hou50.mdl,0,,,,1,,,,,,,,,-1,,,,-1,,,,-1,,-1,,,-1,,,,,,-1,,,,,,,,,,,,,,,,-1,,,,,,,,,,,,,,,,,,,,,,,,,,,,,,,,,,,,,,,,,0,0,0,0,0,,0,1,0,0,1,0,1,0,,0,,1,0,0,,1,,0,,,,,,1,,,,,0,,0,,0,,0,0,0,0,0,,,,1,0,0,0,,0,0,0,0,0,0,0,0,0,0,0,0,0,,,0,0,0,0,0,0,0,0,0,,0,,,,0,,,,0,0,,,0,0,0,0,,0,0,0,0,0,0
map#0ca08b1f16b5b589,a0399.mdl,a0399.mdl,0,,1,1,1,,,,,,,,,-1,-1,,-1,,,,,,,,,,,,,,,,,,,,,,-1,,,-1,-1,-1,,,,,,-1,-1,-1,,-1,,,,,-1,,,-1,,,,,,,,,,,-1,,,,,,,,-1,,,,-1,,,,,0,0,0,0,0,,0,0,0,0,0,0,1,1,,1,,0,0,0,,0,,0,,,,,,0,,,,,0,,1,,0,,1,1,1,0,0,,,,0,1,1,1,,1,0,0,0,0,1,0,0,1,0,0,0,0,,,0,0,0,0,0,0,1,0,0,,,,,,1,,,,1,0,,,,0,0,0,,0,0,0,0,,0
map#0cca05c3c4aaef84,,ob2082evt00.mdl,1,,,,0,,,,,,,,-1,-1,,,,,,,,,,,,,,,,,,,,,,,,,,,,,,,,,,,,,,,,,,,,,,,,,,,,,,-1,,,,,,,,,,,,,,,,,,-1,,,,0,0,0,0,0,,0,0,0,0,0,1,1,0,,0,,0,0,0,,0,,0,,,,,,0,,,,,0,,0,,0,,0,0,0,0,0,,,,0,0,0,0,,0,0,0,0,0,0,0,0,0,0,0,0,0,,,1,0,0,0,0,0,0,0,0,,0,,,,0,,,,0,1,,,0,0,0,0,,0,0,0,0,0,1
map#0d23912fc7c206b7,,mp5010.mdl,0,,,,1,,,,,,,,,-1,,,,-1,,,,,,,,,,,,,,,,,,,,,,,,,,,,,,,,,,,,,,,,,,,,,,,,,,,,,,,-1,,,,,,,,,,,,,-1,,,,0,0,0,0,0,,0,0,0,0,0,0,1,0,,0,,1,0,0,,0,,0,,,,,,0,,,,,0,,0,,0,,0,0,0,0,0,,,,0,0,0,0,,0,0,0,0,0,0,0,0,0,0,0,0,0,,,0,0,0,0,0,0,1,0,0,,0,,,,0,,,,0,1,,,0,0,0,0,,0,0,0,0,0,0
map#0d62791a97c90532,ob0010hou12.mdl,,0,1,,,1,,,,,,,,,-1,-1,,,,,,,,,-1,,,,,,,,,,,,,,,,,,-1,,,,,,,,-1,,,,,,,-1,,,,,,,,,,,,,,,,-1,,,,,,,,-1,,,,-1,,,,,0,0,0,0,0,,0,1,0,0,0,0,1,1,,0,,0,0,0,,0,,0,,,,,,0,,,,,0,,0,,0,,1,0,0,0,0,,,,0,1,0,0,,0,0,0,1,0,0,0,0,0,0,0,0,0,,,0,0,0,0,0,0,1,0,0,,,,,,1,,,,1,0,,,,0,2,0,,0,0,0,0,,0
map#0d6cfe111b7590b5,,ob6100hou00.mdl,1,,,,1,,,,,,,,,-1,-1,,-1,,-1,,,,,,,,,,,,,,,,,,,,,,,-1,,,-1,,,,,-1,,,,,,,,,,,,,,,,,,,,,,,-1,,,,,,,,-1,,,,-1,,,,,0,0,0,0,0,,0,0,0,0,0,0,1,1,,1,,0,1,0,,0,,0,,,,,,0,,,,,0,,0,,0,,1,0,0,1,0,,,,0,1,0,0,,0,0,0,0,0,0,0,0,0,0,0,0,0,,,0,0,0,0,0,0,1,0,0,,,,,,1,,,,1,0,,,0,0,0,2,,0,0,0,0,,0
map#0d8a59c09e5af522,,ob6100rok01_l1.mdl,1,2,0,,1,,,,,,,,,-1,-1,,-1,,,,,,,,,,,,,,,,,,,,,,-1,,,-1,-1,-1,,,,,,-1,-1,-1,,,,,-1,-1,-1,,,,-1,,,,,,,,,,-1,,,,,,,,-1,,,,-1,-1,,,,0,0,0,0,0,,0,0,0,0,0,0,1,1,,1,,0,0,0,,0,,0,,,,,,0,,,,,0,,1,,0,,1,1,1,0,0,,,,0,1,1,1,,0,0,0,1,1,1,0,0,0,0,1,0,0,,,0,0,0,0,0,0,1,0,0,,,,,,1,,,,1,1,,,,0,0,0,,0,0,0,0,,0
map#0d8a6251d13d1a26,mp0041_01.mdl,mp0041_01.mdl,1,,,,1,,,,,,,,,-1,,,,-1,,,,,,,,,,,,,,,,,,,,,,,,-1,,,,,,,,-1,,,,,,,,,,,,,,,,,,,,,,,-1,,,,,,,,-1,,,,,,,,,0,0,0,0,0,,0,0,0,0,0,0,1,0,,0,,1,0,0,,0,,0,,,,,,0,,,,,0,,0,,0,,1,0,0,0,0,,,,0,1,0,0,,0,0,0,0,0,0,0,0,0,0,0,0,0,,,0,0,0,0,0,0,1,0,0,,,,,,1,,,,0,0,,,,0,0,0,,0,0,0,0,,0
map#0da8fdeee246d2b5,,ob_e17_003.mdl,1,,,,0,-1,,,,,,,-1,-1,,,,-1,,,,,-1,,,,,,,,,,,,,,,,,,,,,,,,,,-1,,,,,,,,,,,,,,,,,,,,,,,,,,,,,,,,,,,,,-1,,,,1,0,0,0,0,,0,0,0,0,0,1,1,0,,0,,1,0,0,,0,,1,,,,,,0,,,,,0,,0,,0,,0,0,0,0,0,,,,1,0,0,0,,0,0,0,0,0,0,0,0,0,0,0,0,0,,,0,0,0,0,0,0,0,0,0,,0,,,,0,,,,0,1,,,0,0,1,0,,0,0,0,0,0,0
map#0dd0f0e3ec498087,,ob5500evt02.mdl,1,,,,0,-1,,,,,,,,-1,-1,,,,,,,,-1,,,,,,,,,,,,,,,,,,,,,,,,,,-1,,,,,,,,,,,,,,,,,,,,,,,,,,,,,,,,,,,,-1,,,,,1,0,0,0,0,,0,0,0,0,0,0,1,1,,0,,0,0,0,,0,,1,,,,,,0,,,,,0,,0,,0,,0,0,0,0,0,,,,1,0,0,0,,0,0,0,0,0,0,0,0,0,0,0,0,0,,,0,0,0,0,0,0,0,0,0,,0,,,,0,,,,1,0,,,0,0,4,0,,0,0,0,0,0,0
map#0def7d57d7cbab13,,ob0000rok05i_l1.mdl,1,,,,1,,,,,,,,,-1,-1,,-1,,-1,,,,,,,,,,,,,,,,,,,,,,,-1,-1,-1,,,,,,-1,-1,-1,,,,,,,,,,,,,,,,,-1,-1,-1,,-1,,,,,,,,-1,,,,-1,-1,,,,0,0,0,0,0,,0,0,0,0,0,0,1,1,,1,,0,1,0,,0,,0,,,,,,0,,,,,0,,0,,0,,1,1,1,0,0,,,,0,1,1,1,,0,0,0,0,0,0,0,0,0,0,0,0,0,,,0,0,1,1,1,0,1,0,0,,0,,,,1,,,,1,1,,,0,0,0,0,,0,0,0,0,0,0
map#0e0bef5f569d8ffb,mp4010.mdl,mp4010.mdl,0,,1,,1,,,,,,,,,-1,-1,,,,,,,,,,,,,,,,,,,,,,,,,,,-1,,,,,,,,-1,,,,,,,,,-1,,-1,,-1,,,,,,,,,,-1,,,,,,,,-1,,,,-1,,,,,0,0,0,0,0,,0,0,0,0,0,0,1,1,,0,,0,0,0,,0,,0,,,,,,0,,,,,0,,0,,0,,1,0,0,0,0,,,,0,1,0,0,,0,0,0,0,0,1,0,1,0,0,1,0,0,,,0,0,0,0,0,0,1,0,0,,,,,,1,,,,1,0,,,,0,2,2,,0,0,0,0,,0
map#0e29a7a6f7c120f3,ef_shp_a290.mdl,ef_shp_a290.mdl,1,,,,0,,,,,,,,,,,,,,,,,,-1,,,,,,,,,,,,,,,,,,,,,,,,,,,,,,,,,,,,,,,,,,,,,,,,,,-1,,,,,,,,,,,,,,,,,0,0,0,0,0,,0,0,0,0,0,0,0,0,,0,,0,0,0,,0,,1,,,,,,0,,,,,0,,0,,0,,0,0,0,0,0,,,,0,0,0,0,,0,0,0,0,0,0,0,0,0,0,0,0,0,,,0,0,0,0,0,0,1,0,0,,,,,,0,,,,0,0,,,,0,0,0,,0,0,0,0,,0
map#0e8c2cb20f2bf47e,,m8_ob8500dor54_2.mdl,1,,,,1,-1,,,,,,,,-1,,,,,,,,,,,,,,,,,,,,,,,,,,,,-1,,,-1,,,,,-1,,,,,,,,,,,,,,,,,,,,,,,-1,,,,,,,,-1,,,,,-1,,,,1,0,0,0,0,,0,0,0,0,0,0,1,0,,0,,0,0,0,,0,,0,,,,,,0,,,,,0,,0,,0,,1,0,0,1,0,,,,0,1,0,0,,0,0,0,0,0,0,0,0,0,0,0,0,0,,,0,0,0,0,0,0,1,0,0,,0,,,,1,,,,0,1,,,0,0,0,0,,0,0,0,0,0,0
map#0e8e5ece40f49f12,,ob2084obj04.mdl,1,,,,1,,,,,,,,,-1,-1,,,,-1,,,,,-1,,,,,,,,,-1,,,,-1,,,,,-1,-1,,,,,,,,-1,,,-1,-1,,,,,,,,,,,,,,,,,,-1,,,,,,,,-1,,,,-1,,,,,0,0,0,0,0,,0,1,0,0,0,0,1,1,,0,,0,1,0,,0,,0,,,,,,1,,,,,1,,0,,0,,1,1,0,0,0,,,,0,0,1,0,,1,1,0,0,0,0,0,0,0,0,0,0,0,,,0,0,0,0,0,0,1,0,0,,0,,,,1,,,,1,0,,,0,0,0,0,,0,0,0,0,0,0
map#0e9bf3bd8a58c110,ob2010hou14.mdl,ob2010hou14.mdl,0,,,,1,,,,,,,,,-1,-1,,,,,,,,,,,,,,,,,,,,,,,,,,,-1,,,-1,,,,,-1,,,,,,,,,,,,,,,,,,,,,,,-1,,,,,,,,-1,,,,-1,,,,,0,0,0,0,0,,0,0,0,0,0,0,1,1,,0,,0,0,0,,0,,0,,,,,,0,,,,,0,,0,,0,,1,0,0,1,0,,,,0,1,0,0,,0,0,0,0,0,0,0,0,0,0,0,0,0,,,0,0,0,0,0,0,1,0,0,,,,,,1,,,,1,0,,,,0,2,2,,0,0,0,0,,0
map#0ecc874ec987389a,,ob8000obj24.mdl,1,,,,0,,,,,,,,,-1,,,,,,,,,-1,-1,,,-1,,,,,,,,,,,,,,,,,,,,,,,,,,,,,,,,,,,,,,,,,,,,,,,,,,,,,,,,,,,-1,,,,0,0,0,0,0,,0,1,0,0,1,0,1,0,,0,,0,0,0,,0,,1,,,,,,0,,,,,0,,0,,0,,0,0,0,0,0,,,,0,0,0,0,,0,0,0,0,0,0,0,0,0,0,0,0,0,,,0,0,0,0,0,0,0,0,0,,0,,,,0,,,,0,1,,,0,0,0,0,,0,0,0,0,0,0
map#0f8b11d1680af06a,,mp6013.mdl,1,,1,,1,,,,,,,,,-1,-1,,,-1,,,,,,,,,,,,,,,,,,,,,-1,,,-1,-1,,,,,,,-1,-1,,,,,,,,-1,,,,,,,,,,,,,,-1,,,,,,,,-1,,,,-1,,,,,0,0,0,0,0,,0,0,0,0,0,0,1,1,,0,,1,0,0,,0,,0,,,,,,0,,,,,0,,1,,0,,1,1,0,0,0,,,,0,1,1,0,,0,0,0,0,0,1,0,0,0,0,0,0,0,,,0,0,0,0,0,0,1,0,0,,0,,,,1,,,,1,0,,,0,0,0,0,,0,0,0,0,0,0
map#0fef2e1ee9e41bb0,ob3010hou14.mdl,ob3010hou14.mdl,1,,,,1,,,,,,,,,-1,-1,,,,-1,,,,,,,,,,,,,,,,,,,,,,,-1,,,-1,,,,,-1,,,,,,,,,,,,,,,,,,,,,,,-1,,,,,,,,-1,,,,,,,,,0,0,0,0,0,,0,0,0,0,0,0,1,1,,0,,0,1,0,,0,,0,,,,,,0,,,,,0,,0,,0,,1,0,0,1,0,,,,0,1,0,0,,0,0,0,0,0,0,0,0,0,0,0,0,0,,,0,0,0,0,0,0,1,0,0,,,,,,1,,,,0,0,,,,0,2,0,,0,0,0,0,,0
map#102adf76d3f541a8,ob2051plt00_l2.mdl,ob1000plt01_l2.mdl,1,,,,0,-1,,,-1,,,,,-1,,,,,,,,,,,,,,,,,,,,,,,,,,,,,,,,,,,,,,,,,,,,,,,,,,,,,,,,,,,,,,,,,,,,,,,,,,,,1,0,0,1,0,,0,0,0,0,0,0,1,0,,0,,0,0,0,,0,,0,,,,,,0,,,,,0,,0,,0,,0,0,0,0,0,,,,0,0,0,0,,0,0,0,0,0,0,0,0,0,0,0,0,0,,,0,0,0,0,0,0,0,0,0,,,,,,0,,,,0,0,,,,0,0,0,,0,0,0,0,,0
map#10528a90c36b1a76,ob0010kag45.mdl,ob0010kag45.mdl,1,,,,1,,,,,,,,,-1,-1,,,,,,,,-1,,,,,,,,,,,,,,,,,,,-1,,,-1,,,,,-1,,,,,,,,,,,,,,,,,,,,,,,-1,,,,,,,,-1,,,,,,,,,0,0,0,0,0,,0,0,0,0,0,0,1,1,,0,,0,0,0,,0,,1,,,,,,0,,,,,0,,0,,0,,1,0,0,1,0,,,,0,1,0,0,,0,0,0,0,0,0,0,0,0,0,0,0,0,,,0,0,0,0,0,0,1,0,0,,,,,,1,,,,0,0,,,,0,0,0,,0,0,0,0,,0
map#10eda3d2aae571e6,ob2081obj00.mdl,mp0043.mdl,1,,,,1,,,,,,,,,-1,,,,-1,,,,,,,,,,,,,,,,,,,,,,,,-1,,,,,,,,-1,,,,,,,,,,,,,,,,,,,,,,,-1,,,,,,,,-1,,,,-1,,,,,0,0,0,0,0,,0,0,0,0,0,0,1,0,,0,,1,0,0,,0,,0,,,,,,0,,,,,0,,0,,0,,1,0,0,0,0,,,,0,1,0,0,,0,0,0,0,0,0,0,0,0,0,0,0,0,,,0,0,0,0,0,0,1,0,0,,,,,,1,,,,1,0,,,,0,0,0,,0,0,0,0,,0
map#114ed6b9b41b4cd3,,ob5401evt02.mdl,1,,,,1,,,,,,,,,-1,-1,,,-1,-1,,,,,,,,,,,,,,,,,,,,,,,-1,-1,,-1,,,,,-1,-1,,,-1,,,,,,,,,,,,,,,,,,,-1,,,,,,,,-1,,,,,,,,,0,0,0,0,0,,0,0,0,0,0,0,1,1,,0,,1,1,0,,0,,0,,,,,,0,,,,,0,,0,,0,,1,1,0,1,0,,,,0,1,1,0,,1,0,0,0,0,0,0,0,0,0,0,0,0,,,0,0,0,0,0,0,1,0,0,,0,,,,1,,,,0,0,,,0,0,0,0,,0,0,0,0,0,0
map#114efe6f22b408f1,ob2051plt00_l1.mdl,,1,,,,0,-1,,,,,,,,-1,,,,,,,,,-1,,,,,,,,,,,,,,,,,,,,,,,,,,,,,,,,,,,,,,,,,,,,,,,,,,-1,,-1,,,,,,,,,,-1,,,,,1,0,0,0,0,,0,0,0,0,0,0,1,0,,0,,0,0,0,,0,,1,,,,,,0,,,,,0,,0,,0,,0,0,0,0,0,,,,0,0,0,0,,0,0,0,0,0,0,0,0,0,0,0,0,0,,,0,0,0,0,0,0,1,0,1,,,,,,0,,,,1,0,,,,0,0,0,,0,0,0,0,,0
map#115bb95567f56282,,ef_obj_a404.mdl,1,,,,1,,,,,,,,,-1,-1,,,-1,,,,,,,,,,,,,,,-1,,,,,,,,,-1,,,-1,,,,,-1,,,,,,,,,,,,,,,,,,,,,,,,,,,,,,,-1,,,,,,,,,0,0,0,0,0,,0,0,0,0,0,0,1,1,,0,,1,0,0,,0,,0,,,,,,1,,,,,0,,0,,0,,1,0,0,1,0,,,,0,1,0,0,,0,0,0,0,0,0,0,0,0,0,0,0,0,,,0,0,0,0,0,0,0,0,0,,0,,,,1,,,,0,0,,,0,0,0,0,,0,0,0,0,0,0
map#12017810e2fc38b6,ob0061plt04.mdl,ob0061plt04.mdl,1,,,,0,-1,,,,,,,,-1,,,,,,,,,-1,,,,,,,,,,,,,,,,,,,-1,,,,,,,,-1,,,,,,,,,,,,,,,,,,,,,,,-1,-1,,,,,,,-1,,,,,,,,,1,0,0,0,0,,0,0,0,0,0,0,1,0,,0,,0,0,0,,0,,1,,,,,,0,,,,,0,,0,,0,,1,0,0,0,0,,,,0,1,0,0,,0,0,0,0,0,0,0,0,0,0,0,0,0,,,0,0,0,0,0,0,1,1,0,,,,,,1,,,,0,0,,,,0,0,0,,0,0,0,0,,0
map#1218ae60cff2e0ac,,ob8500obj70.mdl,1,,,,1,,,,,,,,,-1,,,,,,,,,,,,,,,,,,,-1,,,,-1,,,,,-1,,,-1,,,,,-1,,,,-1,,,,,,,,,,,,,,,,,,,-1,,,,,,,,-1,,,,,,,,,0,0,0,0,0,,0,0,0,0,0,0,1,0,,0,,0,0,0,,0,,0,,,,,,1,,,,,1,,0,,0,,1,0,0,1,0,,,,0,1,0,0,,1,0,0,0,0,0,0,0,0,0,0,0,0,,,0,0,0,0,0,0,1,0,0,,0,,,,1,,,,0,0,,,0,0,0,0,,0,0,0,0,0,0
map#122056081460c3e7,ef_obj_a043.mdl,,1,,,,1,-1,,,,,,,,,,,,,,,,,-1,,,,,,,,,,,,,,,,,,,,,,,,,,,,,,,,,,,,,,,,,,,,,,,,,,,,,,,,,,,,,,,,,,,1,0,0,0,0,,0,0,0,0,0,0,0,0,,0,,0,0,0,,0,,1,,,,,,0,,,,,,,0,,0,,0,0,0,0,0,,,,0,0,0,0,,0,0,0,0,0,0,0,0,0,0,0,,,,,0,0,,,,0,0,0,0,0,,,,,0,,,,0,0,,,,,0,0,,0,0,,0,,0
map#12754820ce8c71e1,,mp5110_20.mdl,1,,,,1,,,,,,,,,-1,-1,,,,,,,,,-1,,,-1,,,,,,-1,,,,-1,,,,,,-1,,-1,,,,,,-1,,,,,,,,,,,,,,,,,,,,,,-1,,,,,,,,-1,,,,-1,,,,,0,0,0,0,0,,0,1,0,0,1,0,1,1,,0,,0,0,0,,0,,0,,,,,,1,,,,,1,,0,,0,,0,1,0,1,0,,,,0,0,1,0,,0,0,0,0,0,0,0,0,0,0,0,0,0,,,0,0,0,0,0,0,1,0,0,,0,,,,1,,,,1,0,,,0,0,0,0,,0,0,0,0,0,0
map#12df3ead73a4260f,ob2072obj03c.mdl,ob2072obj03c.mdl,1,,,,0,,,,,,,,,-1,,,,-1,,,,,,,,,,,,,,,,,,,,,,,,,,,-1,,,,,,,,,,,,,,,,,,,,,,,,,,,,-1,,,,,,,,,,,,,,,,,0,0,0,0,0,,0,0,0,0,0,0,1,0,,0,,1,0,0,,0,,0,,,,,,0,,,,,0,,0,,0,,0,0,0,1,0,,,,0,0,0,0,,0,0,0,0,0,0,0,0,0,0,0,0,0,,,0,0,0,0,0,0,1,0,0,,,,,,0,,,,0,0,,,,0,0,0,,0,0,0,0,,0
map#12f42e7e4ec9c4fb,ob2010hou10.mdl,ob2010hou10.mdl,0,,,,1,,,,,,,,,-1,-1,,-1,,,,,,,,,,,,,,,,,,,,,,,,,-1,-1,,,,,,,-1,-1,,,,,,,,,,,,,,,,,,,,,,-1,,,,,,,,-1,,,,-1,,,,,0,0,0,0,0,,0,0,0,0,0,0,1,1,,1,,0,0,0,,0,,0,,,,,,0,,,,,0,,0,,0,,1,1,0,0,0,,,,0,1,1,0,,0,0,0,0,0,0,0,0,0,0,0,0,0,,,0,0,0,0,0,0,1,0,0,,,,,,1,,,,1,0,,,,0,0,2,,0,0,0,0,,0
map#12f5f4990d50db55,ef_obj_n009.mdl,,0,,,,1,,,,,,,,,-1,,,,,,,,-1,,,,,,,,,,,-1,,,,,,,,,,,,,,,,-1,,,,,,,,,,,,,,,,,,,,,,,,,,,,,,,,-1,,,,,,,,,0,0,0,0,0,,0,0,0,0,0,0,1,0,,0,,0,0,0,,1,,0,,,,,,1,,,,,,,0,,0,,0,0,0,0,0,,,,1,0,0,0,,0,0,0,0,0,0,0,0,0,0,0,,,,,0,0,,,,0,0,0,0,0,,,,,1,,,,0,0,,,,,0,0,,0,0,,0,,0
map#133059175a36f34e,,mp5500.mdl,0,,,,1,,,,,,,,,-1,,,,,,,,-1,,,,,,,,,,,-1,,,,,,,,,,,,,,,,-1,,,,,,,,,,,,,,,,,,,,,,,,,,,,,,,,,,,,,,,,,0,0,0,0,0,,0,0,0,0,0,0,1,0,,0,,0,0,0,,1,,0,,,,,,1,,,,,0,,0,,0,,0,0,0,0,0,,,,1,0,0,0,,0,0,0,0,0,0,0,0,0,0,0,0,0,,,0,0,0,0,0,0,0,0,0,,0,,,,0,,,,0,0,,,0,0,0,0,,0,0,0,0,0,0
map#13767213b1e330ce,ob4020hou02.mdl,ob4020hou02.mdl,1,,1,,1,,,,,,,,,-1,-1,,,,,,,-1,,,,,,,,,,,,,,,,,,,,-1,,,,,,,,-1,,,,,,,,,-1,,-1,,,,,,,,,,,,-1,,,,,,,,-1,,,,-1,-1,,,,0,0,0,0,0,,0,0,0,0,0,0,1,1,,0,,0,0,0,,1,,0,,,,,,0,,,,,0,,0,,0,,1,0,0,0,0,,,,0,1,0,0,,0,0,0,0,0,1,0,1,0,0,0,0,0,,,0,0,0,0,0,0,1,0,0,,,,,,1,,,,1,1,,,,0,2,0,,0,0,0,0,,0
map#142330da27417062,ob4010hou70.mdl,ob4010hou70.mdl,1,,,,1,-1,,,,,,,,-1,,,,-1,,,,-1,-1,,,,,,,,,,,,,,,,,,,,,,-1,,,,,,,,,,,,,,,,,,,,,,,,,,,,,,,,,,,,,,,,,-1,,,,1,0,0,0,0,,0,0,0,0,0,0,1,0,,0,,1,0,0,,1,,1,,,,,,0,,,,,0,,0,,0,,0,0,0,1,0,,,,0,0,0,0,,0,0,0,0,0,0,0,0,0,0,0,0,0,,,0,0,0,0,0,0,0,0,0,,,,,,0,,,,0,1,,,,0,0,0,,0,0,0,0,,0
map#1496fa581c4457fb,mp1091.mdl,mp1091.mdl,1,,,,1,,,,,,,,,-1,-1,,,,-1,,,,,,,,,,,,,,,,,,,,,,,-1,,,,,,,,-1,,,,,,,,,,,,,,,,,,,,,,,-1,,,,,,,,-1,,,,-1,,,,,0,0,0,0,0,,0,0,0,0,0,0,1,1,,0,,0,1,0,,0,,0,,,,,,0,,,,,0,,0,,0,,1,0,0,0,0,,,,0,1,0,0,,0,0,0,0,0,0,0,0,0,0,0,0,0,,,0,0,0,0,0,0,1,0,0,,,,,,1,,,,1,0,,,,0,2,0,,0,0,0,0,,0
map#15357adc349f32d9,,mp5400.mdl,1,,,,1,,,,,,,,,-1,-1,,,-1,-1,,,,,,,,,,,,,,,,,,,,,,,-1,-1,,-1,,,,,-1,-1,,,-1,,,,,,,,,,,,,,,,,,,-1,,,,,,,,-1,,,,-1,,,,,0,0,0,0,0,,0,0,0,0,0,0,1,1,,0,,1,1,0,,0,,0,,,,,,0,,,,,0,,0,,0,,1,1,0,1,0,,,,0,1,1,0,,1,0,0,0,0,0,0,0,0,0,0,0,0,,,0,0,0,0,0,0,1,0,0,,0,,,,1,,,,1,0,,,0,0,0,0,,0,0,0,0,0,0
map#158d4c89f7f7b520,ef_obj_d003.mdl,mp8410_01.mdl,1,,,,0,,,,,,,,,-1,,,,,,,,,,,,,,,,,,,,,,,,,,,,,,,,,,,-1,,,,,,,,,,,,,,,,,,,,,,,,,,,,,,,,,,,,,-1,,,,0,0,0,0,0,,0,0,0,0,0,0,1,0,,0,,0,0,0,,0,,0,,,,,,0,,,,,,,0,,0,,0,0,0,0,0,,,,1,0,0,0,,0,0,0,0,0,0,0,0,0,0,0,,,,,0,0,,,,0,0,0,0,0,,,,,0,,,,0,1,,,,,0,0,,0,0,,0,,0
map#164ae037dbf38d93,,a1205_01.mdl,0,1,1,,0,,,,,,,,,-1,-1,,,-1,-1,,,,,,,,,,,,,,,,,,,,-1,,,,,,,,,,,-1,,-1,,,,,-1,,-1,,,,,,,,,,-1,,,,-1,,,,,,,,,,,,-1,,,,,0,0,0,0,0,,0,0,0,0,0,0,1,1,,0,,1,1,0,,0,,0,,,,,,0,,,,,0,,1,,0,,0,0,0,0,0,,,,0,1,0,1,,0,0,0,1,0,1,0,0,0,0,0,0,0,,,0,0,1,0,0,0,1,0,0,,,,,,0,,,,1,0,,,,0,0,0,,0,0,0,0,,0
map#1683a4ed09f01969,ob0063hou02.mdl,ob0063hou02.mdl,1,,,,0,,,,,,,,-1,-1,,,,-1,,,,,,,,,,,,,,,,,,,,,,,,,,,,,,,,,,,,,,,,,,,,,,,,,,,,,,,,,,,,,,,,,,,,-1,,,,0,0,0,0,0,,0,0,0,0,0,1,1,0,,0,,1,0,0,,0,,0,,,,,,0,,,,,0,,0,,0,,0,0,0,0,0,,,,0,0,0,0,,0,0,0,0,0,0,0,0,0,0,0,0,0,,,0,0,0,0,0,0,0,0,0,,,,,,0,,,,0,1,,,,0,0,0,,0,0,0,0,,0
map#169b2e5879971bd0,ob2061hou00b.mdl,ob2061hou00b.mdl,1,,,,1,,,,,,,,,-1,-1,,,,,,,,,,,,,,,,,,,,,,,,,,,-1,,,,,,,,-1,,,,,,,,,,,,,,,,,,,,,,,-1,,,,,,,,-1,,,,-1,-1,,,,0,0,0,0,0,,0,0,0,0,0,0,1,1,,0,,0,0,0,,0,,0,,,,,,0,,,,,0,,0,,0,,1,0,0,0,0,,,,0,1,0,0,,0,0,0,0,0,0,0,0,0,0,0,0,0,,,0,0,0,0,0,0,1,0,0,,,,,,1,,,,1,1,,,,0,2,2,,0,0,0,0,,0
map#169c1827380753cd,,ob0054lig00.mdl,1,,,,1,,,,,,,,,-1,,,,-1,,,,,,-1,,,-1,,,,,,-1,,,,,,,,,-1,,,,,,,,-1,,,,,,,,,,,,,,,,,,,,,,,,,,,,,,,,,,,,,,,,0,0,0,0,0,,0,1,0,0,1,0,1,0,,0,,1,0,0,,0,,0,,,,,,1,,,,,0,,0,,0,,1,0,0,0,0,,,,0,1,0,0,,0,0,0,0,0,0,0,0,0,0,0,0,0,,,0,0,0,0,0,0,0,0,0,,0,,,,0,,,,0,0,,,0,0,0,0,,0,0,0,0,0,0
map#16ac00b8ee4a9196,mp0010_04.mdl,mp0010_04.mdl,1,,,,0,,,,,,,,,-1,-1,,-1,,,,,,,,,,,,,,,,,,,,,,-1,,,-1,-1,,,,,,,,-1,,,,,,,,,,,,,,,,,,,,,,-1,,,,,,,,-1,,,,-1,,,,,0,0,0,0,0,,0,0,0,0,0,0,1,1,,1,,0,0,0,,0,,0,,,,,,0,,,,,0,,1,,0,,1,1,0,0,0,,,,0,0,1,0,,0,0,0,0,0,0,0,0,0,0,0,0,0,,,0,0,0,0,0,0,1,0,0,,,,,,1,,,,1,0,,,,0,0,0,,0,0,0,0,,0
map#16ace0137113db74,,ob5500obj09.mdl,0,,,,1,,,,,,,,,-1,,,,,,,,,-1,,,,,,,,,,-1,,,,,,,,,,,,,,,,-1,,,,,,,,,,,,,,,,,,,,,,,,,,,,,,,,,,,,,,,,,0,0,0,0,0,,0,0,0,0,0,0,1,0,,0,,0,0,0,,0,,1,,,,,,1,,,,,0,,0,,0,,0,0,0,0,0,,,,1,0,0,0,,0,0,0,0,0,0,0,0,0,0,0,0,0,,,0,0,0,0,0,0,0,0,0,,,,,,0,,,,0,0,,,,0,0,0,,0,0,0,0,,0
map#1700d96bcde29736,,mp5110_20.mdl,1,,,,0,-1,,,,,,,,-1,,,,-1,,,,,,-1,,,-1,,,,,,,,,,,,,,,,,,,,,,,,,,,,,,,,,,,,,,,,,,,,,,,,,,,,,,,,,,,,,,,1,0,0,0,0,,0,1,0,0,1,0,1,0,,0,,1,0,0,,0,,0,,,,,,0,,,,,0,,0,,0,,0,0,0,0,0,,,,0,0,0,0,,0,0,0,0,0,0,0,0,0,0,0,0,0,,,0,0,0,0,0,0,0,0,0,,0,,,,0,,,,0,0,,,0,0,0,0,,0,0,0,0,0,0
map#1778018c8527ec92,ob1061hou00.mdl,ob1061hou00.mdl,1,,,,1,,,,,,,,,-1,-1,,-1,,,,,,,,,,,,,,,,,,,,,,,,,,,,,,,,,-1,,,,,,,,,,,,,,,,,,,,,,,-1,,,,,,,,-1,,,,-1,,,,,0,0,0,0,0,,0,0,0,0,0,0,1,1,,1,,0,0,0,,0,,0,,,,,,0,,,,,0,,0,,0,,0,0,0,0,0,,,,0,1,0,0,,0,0,0,0,0,0,0,0,0,0,0,0,0,,,0,0,0,0,0,0,1,0,0,,,,,,1,,,,1,0,,,,0,0,2,,0,0,0,0,,0
map#17cd962063dc377f,ef_obj_a136.mdl,,1,,,,1,,,,,,,,,-1,,,,,,,,-1,,,,,,,,,,,,,,,,,,,,-1,,,,,,,,-1,,,,,,,,,,,,,,,,,,,,,,,-1,,,,,,,,-1,,,,-1,,,,,0,0,0,0,0,,0,0,0,0,0,0,1,0,,0,,0,0,0,,1,,0,,,,,,0,,,,,,,0,,0,,1,0,0,0,0,,,,0,1,0,0,,0,0,0,0,0,0,0,0,0,0,0,,,,,0,0,,,,0,1,0,0,0,,,,,1,,,,1,0,,,,,0,0,,0,0,,0,,0
map#182a1430c59fbd2a,a0399.mdl,a0399.mdl,0,,1,1,1,,,,,,,,,-1,-1,,-1,,,,,,,,,,,,,,,,,,,,,,-1,,,-1,-1,-1,,,,,,-1,-1,-1,,,,,,,-1,,,-1,,,,,,,,,,,-1,,,,,,,,-1,,,,-1,,,,,0,0,0,0,0,,0,0,0,0,0,0,1,1,,1,,0,0,0,,0,,0,,,,,,0,,,,,0,,1,,0,,1,1,1,0,0,,,,0,1,1,1,,0,0,0,0,0,1,0,0,1,0,0,0,0,,,0,0,0,0,0,0,1,0,0,,,,,,1,,,,1,0,,,,0,0,0,,0,0,0,0,,0
map#18542f1c52815b3d,ob0041obj00.mdl,ob0041obj00.mdl,1,,,,1,,,,,,,,,-1,-1,,,,,,,-1,,,,,,,,,,,,,,,,,,,,-1,-1,,,,,,,-1,-1,,,,,,,,,,,,,,,,,,,,,,-1,,,,,,,,-1,,,,-1,,,,,0,0,0,0,0,,0,0,0,0,0,0,1,1,,0,,0,0,0,,1,,0,,,,,,0,,,,,0,,0,,0,,1,1,0,0,0,,,,0,1,1,0,,0,0,0,0,0,0,0,0,0,0,0,0,0,,,0,0,0,0,0,0,1,0,0,,,,,,1,,,,1,0,,,,0,0,0,,0,0,0,0,,0
map#18f315394c854e3e,,ob6200plt01.mdl,1,,,,0,-1,,,,,,,,-1,,,,,,,,,-1,,,,,,,,,,-1,,,,,,,,,-1,,,,,,,,-1,,,,,,,,,,,,,,,,,,,,,,,-1,-1,-1,,,,,,,,,,-1,,,,,1,0,0,0,0,,0,0,0,0,0,0,1,0,,0,,0,0,0,,0,,1,,,,,,1,,,,,0,,0,,0,,1,0,0,0,0,,,,0,1,0,0,,0,0,0,0,0,0,0,0,0,0,0,0,0,,,0,0,0,0,0,0,1,1,1,,0,,,,0,,,,1,0,,,0,0,0,0,,0,0,0,0,0,0
map#1a46af04aa9da2c1,mp4020_03.mdl,mp4020_03.mdl,1,,,,1,,,,,,,,-1,-1,,,,,,,,-1,,,,,,,,,,,,,,,,,,,,,,,,,,,-1,,,,,,,,,,,,,,,,,,,,,,,,,,,,,,,,,,,,,,,,,0,0,0,0,0,,0,0,0,0,0,1,1,0,,0,,0,0,0,,1,,0,,,,,,0,,,,,0,,0,,0,,0,0,0,0,0,,,,1,0,0,0,,0,0,0,0,0,0,0,0,0,0,0,0,0,,,0,0,0,0,0,0,0,0,0,,,,,,0,,,,0,0,,,,0,0,0,,0,0,0,0,,0
map#1adcf977c5e722ad,ob0010hou04.mdl,,0,,,,1,-1,,,,,,,,-1,-1,,,,,,,,-1,,,,,,,,,,,,,,,,,,,-1,,,-1,,,,,-1,,,,,,,,,,,,,,,,,,,,,,,-1,,,,,,,,-1,,,,,,,,,1,0,0,0,0,,0,0,0,0,0,0,1,1,,0,,0,0,0,,0,,1,,,,,,0,,,,,0,,0,,0,,1,0,0,1,0,,,,0,1,0,0,,0,0,0,0,0,0,0,0,0,0,0,0,0,,,0,0,0,0,0,0,1,0,0,,,,,,1,,,,0,0,,,,0,3,3,,0,0,0,0,,0
map#1b0194d96940a056,,ob0054obj01b.mdl,1,,,,1,,,,,,,,,-1,-1,,,-1,,,,,,-1,,,-1,,,,,,-1,,,,-1,,,,,,-1,,-1,,,,,,-1,,,-1,-1,,,,,,,,,,,,,,,,,,-1,,,,,,,,-1,,,,-1,,,,,0,0,0,0,0,,0,1,0,0,1,0,1,1,,0,,1,0,0,,0,,0,,,,,,1,,,,,1,,0,,0,,0,1,0,1,0,,,,0,0,1,0,,1,1,0,0,0,0,0,0,0,0,0,0,0,,,0,0,0,0,0,0,1,0,0,,0,,,,1,,,,1,0,,,0,0,0,0,,0,0,0,0,0,0
map#1b2029de4d068b35,mp2082_01.mdl,mp2082_01.mdl,1,1,,,1,,,,,,,,,-1,,,,,,,,,,,,,,,,,,,,,,,,,,,,-1,,,,,,,,-1,,,,,,,-1,-1,,,,,,,,,,,,,,,-1,,,,,,,,-1,,,,,,,,,0,0,0,0,0,,0,0,0,0,0,0,1,0,,0,,0,0,0,,0,,0,,,,,,0,,,,,0,,0,,0,,1,0,0,0,0,,,,0,1,0,0,,0,0,0,1,1,0,0,0,0,0,0,0,0,,,0,0,0,0,0,0,1,0,0,,,,,,1,,,,0,0,,,,0,2,2,,0,0,0,0,,0
map#1b673627c9fd5749,ob2071hou00.mdl,ob2071hou00.mdl,1,,,,1,,,,,,,,,-1,,,,,,,,-1,,,,,,,,,,,,,,,,,,,,-1,,,,,,,,-1,,,,,,,,,,,,,,,,,,,,,,,-1,,,,,,,,-1,,,,,-1,,,,0,0,0,0,0,,0,0,0,0,0,0,1,0,,0,,0,0,0,,1,,0,,,,,,0,,,,,0,,0,,0,,1,0,0,0,0,,,,0,1,0,0,,0,0,0,0,0,0,0,0,0,0,0,0,0,,,0,0,0,0,0,0,1,0,0,,,,,,1,,,,0,1,,,,0,0,0,,0,0,0,0,,0
map#1b70b50b5b31eb60,mp0052_01.mdl,mp0052_01.mdl,0,,,,1,,,,,,,,,-1,-1,,-1,,,-1,,,,,,,,,,,,,,,,,,,-1,,,-1,-1,-1,,,,,,-1,-1,-1,,,,,,,,,,,,,,,,,,,,,-1,,,,,,,,-1,,,,-1,,,,,0,0,0,0,0,,0,0,0,0,0,0,1,1,,1,,0,0,1,,0,,0,,,,,,0,,,,,0,,1,,0,,1,1,1,0,0,,,,0,1,1,1,,0,0,0,0,0,0,0,0,0,0,0,0,0,,,0,0,0,0,0,0,1,0,0,,,,,,1,,,,1,0,,,,0,0,0,,0,0,0,0,,0
map#1b89252919a2273e,ob3010obj95c.mdl,ob3010obj95c.mdl,1,,,,0,-1,,,,,,,,-1,,,,-1,,,,,,,,,,,,,,,,,,,,,,,,,,,,,,,,,,,,,,,,,,,,,,,,,,,,,,,,,,,,,,,,,,,,,,,,1,0,0,0,0,,0,0,0,0,0,0,1,0,,0,,1,0,0,,0,,0,,,,,,0,,,,,0,,0,,0,,0,0,0,0,0,,,,0,0,0,0,,0,0,0,0,0,0,0,0,0,0,0,0,0,,,0,0,0,0,0,0,0,0,0,,,,,,0,,,,0,0,,,,0,0,0,,0,0,0,0,,1
map#1b9afa4e06436b43,,mp0010.mdl,0,1,1,,1,,,,,,,,,-1,-1,,,,,,,,,,,,,,,,,,,,,,,,,,,-1,,,,,,,,-1,,,,,,,-1,,-1,,,,,,,,,,,,,,-1,,,,,,,,-1,,,,-1,,,,,0,0,0,0,0,,0,0,0,0,0,0,1,1,,0,,0,0,0,,0,,0,,,,,,0,,,,,0,,0,,0,,1,0,0,0,0,,,,0,1,0,0,,0,0,0,1,0,1,0,0,0,0,0,0,0,,,0,0,0,0,0,0,1,0,0,,0,,,,1,,,,1,0,,,0,0,2,0,,0,0,0,0,0,0
map#1bb2cf365aed6f12,,mp6100_01.mdl,1,,,,0,,,,,,,,,-1,,,,-1,,,,,,,,,,,,,,,-1,,,,,,,,,,,,,,,,,,,,,,,,,,,,,,,,,,,,,,,,-1,,,,,,,,-1,,,,,,,,,0,0,0,0,0,,0,0,0,0,0,0,1,0,,0,,1,0,0,,0,,0,,,,,,1,,,,,0,,0,,0,,0,0,0,0,0,,,,0,0,0,0,,0,0,0,0,0,0,0,0,0,0,0,0,0,,,0,0,0,0,0,0,1,0,0,,0,,,,1,,,,0,0,,,0,0,0,0,,0,0,0,0,0,0
map#1bf4d8e203ccd426,,mp0010_06.mdl,1,,,,0,,,,,,,,,-1,,,,-1,,,,,,,,,,,,,,,-1,,,,,,,,,-1,,,-1,,,,,,,,,,,,,,,,,,,,,,,,,,,,-1,,,,,,,,,,,,,,,,,0,0,0,0,0,,0,0,0,0,0,0,1,0,,0,,1,0,0,,0,,0,,,,,,1,,,,,0,,0,,0,,1,0,0,1,0,,,,0,0,0,0,,0,0,0,0,0,0,0,0,0,0,0,0,0,,,0,0,0,0,0,0,1,0,0,,0,,,,0,,,,0,0,,,0,0,0,0,,0,0,0,0,0,0
map#1c0f4077902c1d52,mp0041_01.mdl,mp2051_01.mdl,0,,,,1,,,,,,,,,-1,,,,,,,,,,,,,,,,,,,,,,,,,,,,-1,,,,,,,,-1,,,,,,,,,,,,,,,,,,,,,,,-1,,,,,,,,-1,,,,-1,,,,,0,0,0,0,0,,0,0,0,0,0,0,1,0,,0,,0,0,0,,0,,0,,,,,,0,,,,,0,,0,,0,,1,0,0,0,0,,,,0,1,0,0,,0,0,0,0,0,0,0,0,0,0,0,0,0,,,0,0,0,0,0,0,1,0,0,,,,,,1,,,,1,0,,,,0,2,2,,0,0,0,0,,0
map#1c10bfd4d5c7e069,,ob5500hou05.mdl,0,,,,1,,,,,,,,,-1,,,,-1,,,,-1,-1,,,,,,,,,,,,,,,,,,,,,,,,,,-1,,,,,,,,,,,,,,,,,,,,,,,,,,,,,,,,,,,,,,,,,0,0,0,0,0,,0,0,0,0,0,0,1,0,,0,,1,0,0,,1,,1,,,,,,0,,,,,0,,0,,0,,0,0,0,0,0,,,,1,0,0,0,,0,0,0,0,0,0,0,0,0,0,0,0,0,,,0,0,0,0,0,0,0,0,0,,,,,,0,,,,0,0,,,,0,0,0,,0,0,0,0,,0
map#1c7fe03afdfa5ac1,ob0010kag00.mdl,ob0010kag00.mdl,1,,,,0,,,,,,,,,-1,,,,,,,,,-1,,,,,,,,,,,,,,,,,,,-1,,,-1,,,,,-1,,,,,,,,,,,,,,,,,,,,,,,-1,,,,,,,,-1,,,,,,,,,0,0,0,0,0,,0,0,0,0,0,0,1,0,,0,,0,0,0,,0,,1,,,,,,0,,,,,0,,0,,0,,1,0,0,1,0,,,,0,1,0,0,,0,0,0,0,0,0,0,0,0,0,0,0,,,,0,0,,,,0,1,0,0,,,,,,1,,,,0,0,,,,0,0,0,,0,0,0,0,,0
map#1c9a9cf585804a14,ob0061dor00b.mdl,,1,,,,0,,,,,,,,,-1,,,,-1,,,,,,,,,,,,,,,-1,,,,,,,,,,,,,,,,-1,,,,,,,,,,,,,,,,,,,,,,,,-1,,,,,,,,,,,,,,,,,0,0,0,0,0,,0,0,0,0,0,0,1,0,,0,,1,0,0,,0,,0,,,,,,1,,,,,0,,0,,0,,0,0,0,0,0,,,,1,0,0,0,,0,0,0,0,0,0,0,0,0,0,0,0,0,,,0,0,0,0,0,0,1,0,0,,,,,,0,,,,0,0,,,,0,0,0,,0,0,0,0,,0
map#1d312b6961e2c3fc,ef_obj_m005.mdl,ef_obj_m005.mdl,1,,,,1,,,,,,,,,-1,,,,-1,,,,,,,,,,,,,,,,,,,,,,,,,,,,,,,,-1,,,,,,,,,,,,,,,,,,,,,,,-1,,,,,,,,-1,,,,,,,,,0,0,0,0,0,,0,0,0,0,0,0,1,0,,0,,1,0,0,,0,,0,,,,,,0,,,,,0,,0,,0,,0,0,0,0,0,,,,0,1,0,0,,0,0,0,0,0,0,0,0,0,0,0,0,0,,,0,0,0,0,0,0,1,0,0,,,,,,1,,,,0,0,,,,0,0,0,,0,0,0,0,,0
map#1d593cdd0675b4fd,ef_obj_x007.mdl,,1,,,,1,,,,,,,,,-1,,,,-1,,,,,,,,,,,,,,,,,,,,,,,,-1,,,-1,,,,,-1,,-1,,,,,,,,,,,,,,,,,,,,,-1,,,,,,,,-1,,,,,,,,,0,0,0,0,0,,0,0,0,0,0,0,1,0,,0,,1,0,0,,0,,0,,,,,,0,,,,,,,0,,0,,1,0,0,1,0,,,,0,1,0,1,,0,0,0,0,0,0,0,0,0,0,0,,,,,0,0,,,,0,1,0,0,0,,,,,1,,,,0,0,,,,,0,0,,0,0,,0,,0
map#1d6c6e63b417dd3c,,ob5500evt00.mdl,1,,,,0,,,,,,,,,-1,,,,-1,,,,,-1,,,,,,,,,,,,,,,,,,,,,,,,,,-1,,,,,,,,,,,,,,,,,,,,,,,,,,,,,,,,,,,,,,,,,0,0,0,0,0,,0,0,0,0,0,0,1,0,,0,,1,0,0,,0,,1,,,,,,0,,,,,0,,0,,0,,0,0,0,0,0,,,,1,0,0,0,,0,0,0,0,0,0,0,0,0,0,0,0,0,,,0,0,0,0,0,0,0,0,0,,0,,,,0,,,,0,0,,,0,0,0,0,,0,0,0,0,0,0
map#1db4db88e264e22b,ob1010hou17.mdl,ob1010hou17.mdl,1,,,,1,,,,,,,,,-1,,,,,,,,,,,,,,,,,,,,,,,,,,,,-1,,,-1,,,,,-1,,,,,,,,,,,,,,,,,,,,,,,-1,,,,,,,,-1,,,,-1,,,,,0,0,0,0,0,,0,0,0,0,0,0,1,0,,0,,0,0,0,,0,,0,,,,,,0,,,,,0,,0,,0,,1,0,0,1,0,,,,0,1,0,0,,0,0,0,0,0,0,0,0,0,0,0,0,,,,0,0,,,,0,1,0,0,,,,,,1,,,,1,0,,,,0,2,0,,0,0,0,0,,0
map#1dc69b7e072c181c,mp4044.mdl,mp4044.mdl,1,,,,0,,,,,,,,,-1,,,,,,,,,,-1,,,,,,,,,-1,,,,,,,,,,,,,,,,,,,,,,,,,,,,,,,,,,,,,,,,,,,,,,,,,,,,,,,,,0,0,0,0,0,,0,1,0,0,0,0,1,0,,0,,0,0,0,,0,,0,,,,,,1,,,,,0,,0,,0,,0,0,0,0,0,,,,0,0,0,0,,0,0,0,0,0,0,0,0,0,0,0,0,0,,,0,0,0,0,0,0,0,0,0,,,,,,0,,,,0,0,,,,0,0,0,,0,0,0,0,,0
map#1de338210506c34b,,ob5400hou00.mdl,1,,,,1,,,,,,,,,-1,-1,,,,,,,,,,,,,,,,,,,,,,,,,,,-1,,,-1,,,,,,,,,,,,,,,,,,,,,,,,,,,,-1,,,,,,,,,,,,,,,,,0,0,0,0,0,,0,0,0,0,0,0,1,1,,0,,0,0,0,,0,,0,,,,,,0,,,,,0,,0,,0,,1,0,0,1,0,,,,0,0,0,0,,0,0,0,0,0,0,0,0,0,0,0,0,0,,,0,0,0,0,0,0,1,0,0,,0,,,,0,,,,0,0,,,0,0,2,0,,0,0,0,0,0,0
map#1e341febc77aaef6,mp1010_01.mdl,mp1010_01.mdl,1,,,,1,-1,,,,,,,,-1,,,,,,,,,-1,,,,,,,,,,,,,,,,,,,,,,,,,,,-1,,,,,,,,,,,,,,,,,,,,,,,-1,,,,,,,,-1,,,,,,,,,1,0,0,0,0,,0,0,0,0,0,0,1,0,,0,,0,0,0,,0,,1,,,,,,0,,,,,0,,0,,0,,0,0,0,0,0,,,,0,1,0,0,,0,0,0,0,0,0,0,0,0,0,0,0,0,,,0,0,0,0,0,0,1,0,0,,,,,,1,,,,0,0,,,,0,0,0,,0,0,0,0,,0
map#1e38581bb481705b,ob0000plt02.mdl,ob0000plt02.mdl,0,,,,0,-1,,,,,,,,-1,,,,,,,,,-1,,,,,,,,,,,,,,,,,,,,,,,,,,,,,,,,,,,,,,,,,,,,,,,,,,-1,-1,,,,,,,,,,,,,,,,1,0,0,0,0,,0,0,0,0,0,0,1,0,,0,,0,0,0,,0,,1,,,,,,0,,,,,0,,0,,0,,0,0,0,0,0,,,,0,0,0,0,,0,0,0,0,0,0,0,0,0,0,0,0,0,,,0,0,0,0,0,0,1,1,0,,,,,,0,,,,0,0,,,,0,0,0,,0,0,0,0,,0
map#1e3a755cac73e837,,ob0054obj60.mdl,1,,,,1,,,,,,,,,-1,-1,,,,,,,,,-1,,,-1,,,,,,-1,,,,,,,,,-1,-1,,-1,,,,,,-1,,,,-1,,,,,,,,,,,,,,,,,,-1,,,,,,,,-1,,,,,,,,,0,0,0,0,0,,0,1,0,0,1,0,1,1,,0,,0,0,0,,0,,0,,,,,,1,,,,,0,,0,,0,,1,1,0,1,0,,,,0,0,1,0,,0,1,0,0,0,0,0,0,0,0,0,0,0,,,0,0,0,0,0,0,1,0,0,,0,,,,1,,,,0,0,,,0,0,0,0,,0,0,0,0,0,0
map#1f0b0f6910ff9534,,ob5110obj00.mdl,1,,,,1,,,,,,,,,-1,,,,,,,,,-1,,,,,,,,,,-1,,,,,,,,,,,,,,,,,-1,,,,,,,,,,,,,,,,,,,,,,,-1,,,,,,,,,,,,,,,,,0,0,0,0,0,,0,0,0,0,0,0,1,0,,0,,0,0,0,,0,,1,,,,,,1,,,,,0,,0,,0,,0,0,0,0,0,,,,0,1,0,0,,0,0,0,0,0,0,0,0,0,0,0,0,0,,,0,0,0,0,0,0,1,0,0,,,,,,0,,,,0,0,,,0,0,0,0,,0,0,0,0,0,0
map#1f27a8d15876bdfc,,ob5300lig00.mdl,0,,,,1,,,,,,,-1,,-1,,,,,,,,,,,,,,,,,,,,,,,,,,,,-1,,,,,,,,,,,,,,,,,,,,,,,,,,,,,,,-1,,,,,,,,,,,,,-1,,,,0,0,0,0,0,,1,0,0,0,0,0,1,0,,0,,0,0,0,,0,,0,,,,,,0,,,,,0,,0,,0,,1,0,0,0,0,,,,0,0,0,0,,0,0,0,0,0,0,0,0,0,0,0,0,0,,,0,0,0,0,0,0,1,0,0,,,,,,0,,,,0,1,,,,0,0,0,,0,0,0,0,,0
map#1f4f55b2bdc2d78b,ef_obj_n007.mdl,mp1010_07.mdl,1,,,,1,,,,,,,,,-1,,,,,,,,,,,,,,,,,,,,,,,,,,,,-1,,,-1,,,,,,,,,,,,,,,,,,,,,,,,,,,,-1,,,,,,,,-1,,,,,,,,,0,0,0,0,0,,0,0,0,0,0,0,1,0,,0,,0,0,0,,0,,0,,,,,,0,,,,,,,0,,0,,1,0,0,1,0,,,,0,0,0,0,,0,0,0,0,0,0,0,0,0,0,0,,,,,0,0,,,,0,1,0,0,0,,,,,1,,,,0,0,,,,,0,0,,0,0,,0,,0
map#1f63d0946c6be2f8,,ob1000plt00.mdl,0,0,1,2,1,,,,,,,,,-1,-1,,-1,,,,,,,,,,,,,,,,,,,,,,,,,-1,-1,-1,,,,,,-1,-1,-1,,,,,-1,,-1,,,-1,,,,,,,,,,,-1,,,,,,,,-1,,,,,,,,,0,0,0,0,0,,0,0,0,0,0,0,1,1,,1,,0,0,0,,0,,0,,,,,,0,,,,,0,,0,,0,,1,1,1,0,0,,,,0,1,1,1,,0,0,0,1,0,1,0,0,1,0,0,0,0,,,0,0,0,0,0,0,1,0,0,,,,,,1,,,,0,0,,,0,0,0,0,,0,0,0,0,0,0
map#1fafd55fedffa783,ob2010hou10.mdl,ob2010hou10.mdl,0,,,,0,,,,,,,,,-1,,,,-1,,,,,,,,,,,,,,,,,,,,,,,,,,,,,,,,,,,,,,,,,,,,,,,,,,,,,,,,,,,,,,,,,,,,,,,-1,0,0,0,0,0,,0,0,0,0,0,0,1,0,,0,,1,0,0,,0,,0,,,,,,0,,,,,0,,0,,0,,0,0,0,0,0,,,,0,0,0,0,,0,0,0,0,0,0,0,0,0,0,0,0,0,,,0,0,0,0,0,0,0,0,0,,,,,,0,,,,0,0,,,,1,0,0,,0,0,0,0,,0
map#1fe49cc5cff2218c,mp1110.mdl,mp0041_01.mdl,1,,,,1,,,,,,,,,-1,-1,,,,-1,,,,,,,,,,,,,,,,,,,,,,,-1,-1,,,,,,,-1,-1,,,,,,,,,,,,,,,,,,,,,,-1,,,,,,,,-1,,,,-1,,,,,0,0,0,0,0,,0,0,0,0,0,0,1,1,,0,,0,1,0,,0,,0,,,,,,0,,,,,0,,0,,0,,1,1,0,0,0,,,,0,1,1,0,,0,0,0,0,0,0,0,0,0,0,0,0,0,,,0,0,0,0,0,0,1,0,0,,,,,,1,,,,1,0,,,,0,0,0,,0,0,0,0,,0
map#206ace97810d3e63,,ob4010vec00_l1.mdl,1,,,,1,,,,,,,,,-1,,,,,,,,,,,,,,,,,,,,,,,,,,,,-1,,,-1,,,,,-1,,,,,,,,-1,,,,,,,,,,,,,,,-1,,,,,,,,-1,,,,,,,,,0,0,0,0,0,,0,0,0,0,0,0,1,0,,0,,0,0,0,,0,,0,,,,,,0,,,,,0,,0,,0,,1,0,0,1,0,,,,0,1,0,0,,0,0,0,0,1,0,0,0,0,0,0,0,0,,,0,0,0,0,0,0,1,0,0,,,,,,1,,,,0,0,,,,0,2,2,,0,0,0,0,,0
map#20935c29b69b9d31,mp0041.mdl,a1214.mdl,0,,,,1,,,,,,,,,-1,,,,,,,,,,,,,,,,,,,,,,,,,,,,-1,,,,,,,,-1,,,,,,,,,,,,,,,,,,,,,,,-1,,,,,,,,-1,,,,,-1,,,,0,0,0,0,0,,0,0,0,0,0,0,1,0,,0,,0,0,0,,0,,0,,,,,,0,,,,,0,,0,,0,,1,0,0,0,0,,,,0,1,0,0,,0,0,0,0,0,0,0,0,0,0,0,0,0,,,0,0,0,0,0,0,1,0,0,,,,,,1,,,,0,1,,,,0,0,0,,0,0,0,0,,0
map#20b77c5346151a1e,mp0040_l1.mdl,mp0040_l1.mdl,0,,1,1,1,,,,,,,,,-1,-1,,-1,-1,,,,,,,,,,,,,,,,,,,,,,,,-1,-1,-1,,,,,,-1,-1,-1,,,,,,,-1,,,-1,,,,,,,,,,,-1,,,,,,,,-1,,,,-1,,,,,0,0,0,0,0,,0,0,0,0,0,0,1,1,,1,,1,0,0,,0,,0,,,,,,0,,,,,0,,0,,0,,1,1,1,0,0,,,,0,1,1,1,,0,0,0,0,0,1,0,0,1,0,0,0,0,,,0,0,0,0,0,0,1,0,0,,,,,,1,,,,1,0,,,,0,0,0,,0,0,0,0,,0
map#20fb400e818401bf,ef_obj_b016.mdl,,1,,,,1,,,,,,,,,-1,,,,,,,,,,,,,,,,,,,,,,,,,,,,-1,,,,,,,,-1,,,,,,,,,,,,,,,,,,,,,,,,,,,,,,,,,,,,,,,,0,0,0,0,0,,0,0,0,0,0,0,1,0,,0,,0,0,0,,0,,0,,,,,,0,,,,,,,0,,0,,1,0,0,0,0,,,,0,1,0,0,,0,0,0,0,0,0,0,0,0,0,0,,,,,0,0,,,,0,0,0,0,0,,,,,0,,,,0,0,,,,,0,0,,0,0,,0,,0
map#2102a2c970e92c2f,mp2061_01.mdl,mp2061_01.mdl,1,,,,1,,,,,,,,,-1,-1,,,-1,,,,,,,,,,,,,,,,,,,,,,,,-1,,,,,,,,-1,,,,,,,,,,,,,,,,,,,,,,,-1,,,,,,,,-1,,,,-1,,,,,0,0,0,0,0,,0,0,0,0,0,0,1,1,,0,,1,0,0,,0,,0,,,,,,0,,,,,0,,0,,0,,1,0,0,0,0,,,,0,1,0,0,,0,0,0,0,0,0,0,0,0,0,0,0,0,,,0,0,0,0,0,0,1,0,0,,,,,,1,,,,1,0,,,,0,2,2,,0,0,0,0,,0
map#223366b1cd88591d,,ob5200obj07.mdl,1,,,,1,,,,,,,-1,,-1,,,,,,,,,,,,,,,,,,,-1,,,,,,,,,-1,,,,,,,,-1,,,,,,,,,,,,,,,,,,,,,,,-1,,,,,,,,-1,,,,,,,,,0,0,0,0,0,,1,0,0,0,0,0,1,0,,0,,0,0,0,,0,,0,,,,,,1,,,,,0,,0,,0,,1,0,0,0,0,,,,0,1,0,0,,0,0,0,0,0,0,0,0,0,0,0,0,0,,,0,0,0,0,0,0,1,0,0,,0,,,,1,,,,0,0,,,0,0,0,0,,0,0,0,0,0,0
map#2252aeaa183a583b,,mp6200.mdl,0,1,1,1,1,,,,,,,,,-1,-1,,-1,,-1,,,,,,,,,,,,,,,,,,,,-1,,,-1,-1,-1,,,,,,-1,-1,-1,,-1,,,-1,,-1,,,-1,,,,,,,,,,,-1,,,,,,,,-1,,,,-1,,,,,0,0,0,0,0,,0,0,0,0,0,0,1,1,,1,,0,1,0,,0,,0,,,,,,0,,,,,0,,1,,0,,1,1,1,0,0,,,,0,1,1,1,,1,0,0,1,0,1,0,0,1,0,0,0,0,,,0,0,0,0,0,0,1,0,0,,0,,,,1,,,,1,0,,,0,0,0,0,,0,0,0,0,0,0
map#228027a45ad9923f,,ob6013lig03.mdl,1,,,,1,,,,,,,,,-1,,,,,,,,,,,,,,,,,,,-1,,,,,,,,,,,,,,,,,,,,,,,,,,,,,,,,,,,,,,,,,,,,,,,,,,,,,,,,,0,0,0,0,0,,0,0,0,0,0,0,1,0,,0,,0,0,0,,0,,0,,,,,,1,,,,,0,,0,,0,,0,0,0,0,0,,,,0,0,0,0,,0,0,0,0,0,0,0,0,0,0,0,0,0,,,0,0,0,0,0,0,0,0,0,,,,,,0,,,,0,0,,,,0,0,0,,0,0,0,0,,0
map#22970bd277c040a7,ob2061plt02b.mdl,ob2061plt02b.mdl,1,,,,1,-1,,,,,,,,-1,,,,,,,,,-1,,,,,,,,,,,,,,,,,,,-1,,,,,,,,-1,,,,,,,,,,,,,,,,,,,,,,,-1,,,,,,,,,,,,,,,,,1,0,0,0,0,,0,0,0,0,0,0,1,0,,0,,0,0,0,,0,,1,,,,,,0,,,,,0,,0,,0,,1,0,0,0,0,,,,0,1,0,0,,0,0,0,0,0,0,0,0,0,0,0,0,0,,,0,0,0,0,0,0,1,0,0,,,,,,0,,,,0,0,,,,0,0,0,,0,0,0,0,,0
map#22adc5ba2c5d5dc7,,mp0010.mdl,0,1,,,1,,,,,,,,,-1,,,,-1,,,,,,,,,,,,,,,,,,,,,,,,-1,,,,,,,,-1,,,,,,,-1,,,,,,,,,,,,,,,,-1,,,,,,,,-1,,,,,,,,,0,0,0,0,0,,0,0,0,0,0,0,1,0,,0,,1,0,0,,0,,0,,,,,,0,,,,,0,,0,,0,,1,0,0,0,0,,,,0,1,0,0,,0,0,0,1,0,0,0,0,0,0,0,0,0,,,0,0,0,0,0,0,1,0,0,,0,,,,1,,,,0,0,,,0,0,0,0,,0,0,0,0,0,0
map#22e5fa6770e32ce4,mp0011.mdl,ob0000obj04.mdl,0,,,,1,,,,,,,,,-1,,,,,,,,,,,,,,,,,,,,,,,,,,,,-1,,,-1,,,,,-1,,,,,,,,,,,,,,,,,,,,,,,-1,,,,,,,,,,,,,,,,,0,0,0,0,0,,0,0,0,0,0,0,1,0,,0,,0,0,0,,0,,0,,,,,,0,,,,,0,,0,,0,,1,0,0,1,0,,,,0,1,0,0,,0,0,0,0,0,0,0,0,0,0,0,0,0,,,0,0,0,0,0,0,1,0,0,,,,,,0,,,,0,0,,,,0,2,0,,0,0,0,0,,0
map#2394ea6e6326b89a,mp8100.mdl,ob5300vec00.mdl,1,,,,1,,,,,,,,,-1,,,,,,,,,,,,,,,,,,,-1,,,,,,,,,-1,,,,,,,-1,-1,,,,,,,,,,,,,,,,,,,,,,,,,,,,,,,-1,,,,,,,,,0,0,0,0,0,,0,0,0,0,0,0,1,0,,0,,0,0,0,,0,,0,,,,,,1,,,,,0,,0,,0,,1,0,0,0,0,,,,1,1,0,0,,0,0,0,0,0,0,0,0,0,0,0,0,0,,,0,0,0,0,0,0,0,0,0,,,,,,1,,,,0,0,,,,0,0,0,,0,0,0,0,,0
map#2396afe0a5d1787d,,mp0041.mdl,0,,,,1,,,,,,,,,-1,,,,,,,,,,,,,,,,,,,,,,,,,,,,-1,,,,,,,,-1,,,,,,,,,,,,,,,-1,,,,,,,,-1,,,,,,,,-1,,,,,-1,,,,0,0,0,0,0,,0,0,0,0,0,0,1,0,,0,,0,0,0,,0,,0,,,,,,0,,,,,0,,0,,0,,1,0,0,0,0,,,,0,1,0,0,,0,0,0,0,0,0,0,0,0,0,0,0,1,,,0,0,0,0,0,0,1,0,0,,,,,,1,,,,0,1,,,0,0,0,0,,0,0,0,0,0,0
map#23bebd8a097e56f4,,ob6100hou00.mdl,1,,,,1,,,,,,,,,-1,,,-1,,,,,,,,,,,,,,,,,,,,,,,,,-1,,,-1,,,,,-1,,,,,,,,,,,,,,,,,,,,,,,-1,,,,,,,,-1,,,,-1,,,,,0,0,0,0,0,,0,0,0,0,0,0,1,0,,1,,0,0,0,,0,,0,,,,,,0,,,,,0,,0,,0,,1,0,0,1,0,,,,0,1,0,0,,0,0,0,0,0,0,0,0,0,0,0,0,0,,,0,0,0,0,0,0,1,0,0,,,,,,1,,,,1,0,,,0,0,0,0,,0,0,0,0,,0
map#23f7537782fc6c8e,mp1081_02.mdl,mp1081_02.mdl,1,,,,1,,,,,,,,,,,,,,,,,-1,,,,,,,,,,,,,,,,,,,,-1,,,,,,,,,,,,,,,,,,,,,,,,,,,,,,-1,,,,,,,,,,,,,,,,,,0,0,0,0,0,,0,0,0,0,0,0,0,0,,0,,0,0,0,,1,,0,,,,,,0,,,,,0,,0,,0,,1,0,0,0,0,,,,0,0,0,0,,0,0,0,0,0,0,0,0,0,0,0,0,0,,,0,0,0,0,0,1,0,0,0,,,,,,0,,,,0,0,,,,0,0,0,,0,0,0,0,,0
map#24286f2f6e0ebad9,,ob0000rok03e.mdl,1,,,,1,,,,,,,,,-1,,,-1,,,,,,,,,,,,,,,,,,,,,,-1,,,-1,-1,-1,,,,,,-1,-1,-1,,,,,,,,,,,,,,,,,-1,-1,-1,,-1,,,,,,,,-1,,,,-1,-1,,,,0,0,0,0,0,,0,0,0,0,0,0,1,0,,1,,0,0,0,,0,,0,,,,,,0,,,,,0,,1,,0,,1,1,1,0,0,,,,0,1,1,1,,0,0,0,0,0,0,0,0,0,0,0,0,0,,,0,0,1,1,1,0,1,0,0,,0,,,,1,,,,1,1,,,0,0,0,0,,0,0,0,0,0,0
map#24a1d8251eee525c,mp0011_l1.mdl,mp0011_l1.mdl,1,,,,0,-1,,,,,,,,-1,,,,,,,,,-1,,,,,,,,,,,,,,,,,,,,,,,,,,,-1,,,,,,,,,,,,,,,,,,,,,,,-1,,,,,,,,,,,,,,,,,1,0,0,0,0,,0,0,0,0,0,0,1,0,,0,,0,0,0,,0,,1,,,,,,0,,,,,0,,0,,0,,0,0,0,0,0,,,,0,1,0,0,,0,0,0,0,0,0,0,0,0,0,0,0,,,,0,0,,,,0,1,0,0,,,,,,0,,,,0,0,,,,0,0,0,,0,0,0,0,,0
map#24e1fd1e4ccb9d01,mp0040.mdl,mp0040.mdl,0,,1,1,1,,,,,,,,,-1,-1,,-1,-1,,,,,,,,,,,,,,,,,,,,,-1,,,-1,-1,-1,,,,,,-1,-1,-1,,,,,,,-1,,,-1,,,,,,,,,,,-1,,,,,,,,-1,,,,-1,-1,,,,0,0,0,0,0,,0,0,0,0,0,0,1,1,,1,,1,0,0,,0,,0,,,,,,0,,,,,0,,1,,0,,1,1,1,0,0,,,,0,1,1,1,,0,0,0,0,0,1,0,0,1,0,0,0,0,,,0,0,0,0,0,0,1,0,0,,,,,,1,,,,1,1,,,,0,0,0,,0,0,0,0,,0
map#24f9f6c7db03406f,,ob5500evt02e.mdl,1,,,,0,-1,,,,,,,,-1,,,,,,,,,-1,,,,,,,,,,,,,,,,,,,,,,,,,,-1,,,,,,,,,,,,,,,,,,,,,,,,,,,,,,,,,,,,,-1,,,,1,0,0,0,0,,0,0,0,0,0,0,1,0,,0,,0,0,0,,0,,1,,,,,,0,,,,,0,,0,,0,,0,0,0,0,0,,,,1,0,0,0,,0,0,0,0,0,0,0,0,0,0,0,0,0,,,0,0,0,0,0,0,0,0,0,,0,,,,0,,,,0,1,,,0,0,0,0,,0,0,0,0,0,0
map#25387f341eee0d15,ob4010plt12.mdl,ob4010plt12.mdl,0,,,,0,-1,,,,,,,,-1,,,,-1,,,,,-1,,,,,,,,,,,,,,,,,,,-1,,,,,,,,-1,,,,,,,,,,,,,,,,,,-1,,,,,-1,-1,,,,,,,,,,,,-1,,,,1,0,0,0,0,,0,0,0,0,0,0,1,0,,0,,1,0,0,,0,,1,,,,,,0,,,,,0,,0,,0,,1,0,0,0,0,,,,0,1,0,0,,0,0,0,0,0,0,0,0,0,0,0,0,0,,,1,0,0,0,0,0,1,1,0,,,,,,0,,,,0,1,,,,0,0,0,,0,0,0,0,,0
map#2575292eaaa9bff3,mp2010_07.mdl,mp2010_07.mdl,1,,,,1,,,,,,,,,-1,,,,,,,,,,,,,,,,,,,,,,,,,,,,,,,,,,,,-1,,,,,,,,,,,,,,,,,,,,,,,-1,,,,,,,,-1,,,,,,,,,0,0,0,0,0,,0,0,0,0,0,0,1,0,,0,,0,0,0,,0,,0,,,,,,0,,,,,0,,0,,0,,0,0,0,0,0,,,,0,1,0,0,,0,0,0,0,0,0,0,0,0,0,0,0,0,,,0,0,0,0,0,0,1,0,0,,,,,,1,,,,0,0,,,,0,0,0,,0,0,0,0,,0
map#257b7bdcd7bf05de,,ob_e10_003.mdl,1,,,,0,,,,,,,,,-1,,,,-1,,,,,,,,,,,,,,,,,,,,,,,,-1,,,,,,,,-1,,,,,,,,,,,,,,,,,,,,,,,-1,,,,,,,,,,,,,,,,,0,0,0,0,0,,0,0,0,0,0,0,1,0,,0,,1,0,0,,0,,0,,,,,,0,,,,,0,,0,,0,,1,0,0,0,0,,,,0,1,0,0,,0,0,0,0,0,0,0,0,0,0,0,0,0,,,0,0,0,0,0,0,1,0,0,,,,,,0,,,,0,0,,,,0,0,0,,0,0,0,0,,0
map#25bdd339da99982b,ob2081obj03.mdl,ob2081obj03.mdl,0,,,,0,-1,,,,,,,,-1,,,,-1,,,,-1,-1,,,,,,,,,,,,,,,,,,,,,,,,,,,,,,,,,,,,,,,,,,,,,-1,,,,,,,,,,,,,,,,,,-1,,,,1,0,0,0,0,,0,0,0,0,0,0,1,0,,0,,1,0,0,,1,,1,,,,,,0,,,,,0,,0,,0,,0,0,0,0,0,,,,0,0,0,0,,0,0,0,0,0,0,0,0,0,0,0,0,0,,,1,0,0,0,0,0,0,0,0,,,,,,0,,,,0,1,,,,0,0,0,,0,0,0,0,,0
map#261b1b812b40e7c9,,ob0054obj90.mdl,1,,,,0,,,,,,,,,-1,-1,,-1,-1,-1,-1,,,,-1,-1,-1,-1,,,,,,,,,,,,,,,,,,,,,,-1,,,,,,,,,,,,,,,,,,,,,,,,,,,,,,,,,,,,-1,,,,,0,0,0,0,0,,0,1,1,1,1,0,1,1,,1,,1,1,1,,0,,0,,,,,,0,,,,,0,,0,,0,,0,0,0,0,0,,,,1,0,0,0,,0,0,0,0,0,0,0,0,0,0,0,0,0,,,0,0,0,0,0,0,0,0,0,,0,,,,0,,,,1,0,,,0,0,1,1,,0,0,0,0,0,0
map#2657b78dd82fd5cf,ob0051plt00.mdl,ob0051plt00.mdl,0,,,,0,-1,,,,,,,,-1,,,,-1,,,,,-1,,,,,,,,,,,,,,,,,,,,,,,,,,,,,,,,,,,,,,,,,,,,,,,,,,,,,,,,,,,,,,,-1,,,,1,0,0,0,0,,0,0,0,0,0,0,1,0,,0,,1,0,0,,0,,1,,,,,,0,,,,,0,,0,,0,,0,0,0,0,0,,,,0,0,0,0,,0,0,0,0,0,0,0,0,0,0,0,0,,,,0,0,,,,0,0,0,0,,,,,,0,,,,0,1,,,,0,0,0,,0,0,0,0,,0
map#26a27193ff054001,mp0063_l1.mdl,mp0063_l1.mdl,1,,,,1,,,,,,,,,-1,,,,,,,,,,,,,,,,,,,,,,,,,,,,-1,,,,,,,,-1,,,,,,,,,,,,,,,,,,,,,,,-1,,,,,,,,-1,,,,,,,,,0,0,0,0,0,,0,0,0,0,0,0,1,0,,0,,0,0,0,,0,,0,,,,,,0,,,,,0,,0,,0,,1,0,0,0,0,,,,0,1,0,0,,0,0,0,0,0,0,0,0,0,0,0,0,0,,,0,0,0,0,0,0,1,0,0,,,,,,1,,,,0,0,,,,0,2,0,,0,0,0,0,,0
map#26f2d4b3e2274434,mp3041.mdl,,0,,1,,1,,,,,,,,,-1,-1,,,,-1,,,,,,,,,,,,,,,,,,,,,,,-1,-1,,,,,,,-1,-1,,,,,,,,-1,,,,,,,,,,,,,,-1,,,,,,,,-1,,,,-1,,,,,0,0,0,0,0,,0,0,0,0,0,0,1,1,,0,,0,1,0,,0,,0,,,,,,0,,,,,0,,0,,0,,1,1,0,0,0,,,,0,1,1,0,,0,0,0,0,0,1,0,0,0,0,0,0,0,,,0,0,0,0,0,0,1,0,0,,,,,,1,,,,1,0,,,,0,0,2,,0,0,0,0,,0
map#2708ed11d744b0d7,,mp5400_l1.mdl,1,,1,,1,,,,,,,,,-1,-1,,,,,,,,,,,,,,,,,,,,,,,,-1,,,-1,-1,,-1,,,,,-1,-1,,,,,,,,-1,,,,,,,,,,,,,,-1,,,,,,,,-1,,,,-1,,,,,0,0,0,0,0,,0,0,0,0,0,0,1,1,,0,,0,0,0,,0,,0,,,,,,0,,,,,0,,1,,0,,1,1,0,1,0,,,,0,1,1,0,,0,0,0,0,0,1,0,0,0,0,0,0,0,,,0,0,0,0,0,0,1,0,0,,,,,,1,,,,1,0,,,,0,0,0,,0,0,0,0,,0
map#272ca7c6de2b9caf,,ob5310lig00.mdl,1,,,,1,,,,,,,,,-1,,,,,,,,,,,,,,,,,,,-1,,,,,,,,,-1,,,-1,,,,,,,,,,,,,,,,,,,,,,,,,,,,,,,,,,,,,,,,,,,,,0,0,0,0,0,,0,0,0,0,0,0,1,0,,0,,0,0,0,,0,,0,,,,,,1,,,,,0,,0,,0,,1,0,0,1,0,,,,0,0,0,0,,0,0,0,0,0,0,0,0,0,0,0,0,0,,,0,0,0,0,0,0,0,0,0,,,,,,0,,,,0,0,,,,0,0,0,,0,0,0,0,,0
map#278635f196dcb1da,a0399.mdl,a0399.mdl,0,,,,0,,,,,,,,,-1,,,,,-1,,,,,,,,,,,,,,,,,,,,,,,,,,,,,,,,,,,,,,,,,,,,,,,,,,,,,,-1,,,,,,,,,,,,,,,,,0,0,0,0,0,,0,0,0,0,0,0,1,0,,0,,0,1,0,,0,,0,,,,,,0,,,,,0,,0,,0,,0,0,0,0,0,,,,0,0,0,0,,0,0,0,0,0,0,0,0,0,0,0,0,0,,,0,0,0,0,0,0,1,0,0,,,,,,0,,,,0,0,,,,0,0,0,,0,0,0,0,,0
map#28365accddec3c43,,ob3070obj00.mdl,1,,,,0,,,,,,,,,-1,,,,-1,,,,,,-1,,,-1,,,,,,-1,,,,,,,,,,,,,,,,-1,,,,,,,,,,,,,,,,,,,,,,,,,,,,,,,,,,,,,,,,,0,0,0,0,0,,0,1,0,0,1,0,1,0,,0,,1,0,0,,0,,0,,,,,,1,,,,,0,,0,,0,,0,0,0,0,0,,,,1,0,0,0,,0,0,0,0,0,0,0,0,0,0,0,0,0,,,0,0,0,0,0,0,0,0,0,,0,,,,0,,,,0,0,,,0,0,0,0,,0,0,0,0,0,0
map#286b4f4510116fe8,mp1010_01.mdl,mp1010_01.mdl,1,,,,1,,,,,,,,,-1,,,,,,,,,,,,,,,,,,,,,,,,,,,,-1,,,,,,,,,,,,,,,,,,,,,,,,,,,,,,,-1,,,,,,,,-1,,,,,,,,,0,0,0,0,0,,0,0,0,0,0,0,1,0,,0,,0,0,0,,0,,0,,,,,,0,,,,,0,,0,,0,,1,0,0,0,0,,,,0,0,0,0,,0,0,0,0,0,0,0,0,0,0,0,0,0,,,0,0,0,0,0,0,1,0,0,,,,,,1,,,,0,0,,,,0,0,0,,0,0,0,0,,0
map#289e510e595b982e,ob0000plt17b.mdl,ob0000plt17b.mdl,1,,,,1,,,,,,,,,-1,,,,,,,,,-1,,,,,,,,,,,,,,,,,,,,,,,,,,,,,,,,,,,,,,,,,,,,,,,,,,-1,-1,,,,,,,,,,,,-1,,,,0,0,0,0,0,,0,0,0,0,0,0,1,0,,0,,0,0,0,,0,,1,,,,,,0,,,,,0,,0,,0,,0,0,0,0,0,,,,0,0,0,0,,0,0,0,0,0,0,0,0,0,0,0,0,0,,,0,0,0,0,0,0,1,1,0,,,,,,0,,,,0,1,,,,0,0,0,,0,0,0,0,,0
map#28f832174a557149,mp0040_l1.mdl,mp0040_l1.mdl,0,,1,1,1,,,,,,,,,-1,-1,,-1,,,,,,,,,,,,,,,,,,,,,,,,,-1,-1,-1,,,,,,-1,-1,-1,,-1,,,,,-1,,,-1,,,,,,,,,,,-1,,,,,,,,-1,,,,-1,,,,,0,0,0,0,0,,0,0,0,0,0,0,1,1,,1,,0,0,0,,0,,0,,,,,,0,,,,,0,,0,,0,,1,1,1,0,0,,,,0,1,1,1,,1,0,0,0,0,1,0,0,1,0,0,0,0,,,0,0,0,0,0,0,1,0,0,,,,,,1,,,,1,0,,,,0,0,0,,0,0,0,0,,0
map#291ea91fa5ffac52,mp8000.mdl,mp8000.mdl,1,,,,1,,,,,,,,,-1,,,,-1,-1,,,,,,,,,,,,,,-1,,,,,,,,,-1,,,,,,,-1,-1,,,,,,,,,,,,,,,,,,,,,,,-1,,,,,,,,-1,,,,,,,,,0,0,0,0,0,,0,0,0,0,0,0,1,0,,0,,1,1,0,,0,,0,,,,,,1,,,,,0,,0,,0,,1,0,0,0,0,,,,1,1,0,0,,0,0,0,0,0,0,0,0,0,0,0,0,0,,,0,0,0,0,0,0,1,0,0,,,,,,1,,,,0,0,,,,0,0,0,,0,0,0,0,,0
map#2947d14e737f1cbb,ob2072obj15b.mdl,ob2072obj15b.mdl,1,,,,1,,,,,,,,,-1,,,,,,,,,-1,,,,,,,,,,,,,,,,,,,-1,,,-1,,,,,-1,,,,,,,,,,,,,,,,,,,,,,,-1,,-1,,,,,,-1,,,,,,,,,0,0,0,0,0,,0,0,0,0,0,0,1,0,,0,,0,0,0,,0,,1,,,,,,0,,,,,0,,0,,0,,1,0,0,1,0,,,,0,1,0,0,,0,0,0,0,0,0,0,0,0,0,0,0,0,,,0,0,0,0,0,0,1,0,1,,,,,,1,,,,0,0,,,,0,0,0,,0,0,0,0,,0
map#299394656f1c7095,ef_obj_a022.mdl,,0,,,,1,,,,,,,,,-1,-1,,,,,,,,,,,,,,,,,,,,,,,,,,,,,,,,,,,-1,-1,,,,,,,,,,,,,,,,,,,,,,,,,,,,,,-1,,,,-1,,,,,0,0,0,0,0,,0,0,0,0,0,0,1,1,,0,,0,0,0,,0,,0,,,,,,0,,,,,,,0,,0,,0,0,0,0,0,,,,0,1,1,0,,0,0,0,0,0,0,0,0,0,0,0,,,,,0,0,,,,0,0,0,0,0,,,,,1,,,,1,0,,,,,0,0,,0,0,,0,,0
map#2a113f05c99d9076,ob0000plt02_l1.mdl,ob0000plt02_l1.mdl,1,,,,0,-1,,,-1,,,,,-1,,,,,,,,,,,,,,,,,,,,,,,,,,,,,,,,,,,,,,,,,,,,,,,,,,,,,,,,,,,-1,,,,,,,,,,,,,,,,,1,0,0,1,0,,0,0,0,0,0,0,1,0,,0,,0,0,0,,0,,0,,,,,,0,,,,,0,,0,,0,,0,0,0,0,0,,,,0,0,0,0,,0,0,0,0,0,0,0,0,0,0,0,0,,,,0,0,,,,0,1,0,0,,,,,,0,,,,0,0,,,,0,0,0,,0,0,0,0,,0
map#2a23cc20ee97a817,ob8100obj01b.mdl,ob8100obj01b.mdl,1,,,,0,-1,,,,,,,,-1,-1,,,,,,,,,,,,,,,,,,,,,,,,,,,,,,,,,,,,,,,,,,,,,,,,,,,,,,,,,,,,,,,,,,,,,,,,,,,1,0,0,0,0,,0,0,0,0,0,0,1,1,,0,,0,0,0,,0,,0,,,,,,0,,,,,0,,0,,0,,0,0,0,0,0,,,,0,0,0,0,,0,0,0,0,0,0,0,0,0,0,0,0,0,,,0,0,0,0,0,0,0,0,0,,,,,,0,,,,0,0,,,,0,2,0,,0,0,0,0,,1
map#2a31c59e6c4e7185,,ob8410evt00.mdl,1,,,,0,,,,,,,,,-1,,,,-1,,,,,,,,,,,,,,,,,,,,,,,,,,,,,,,,,,,,,,,,,,,,,,,,,,,,,,,-1,,,,,,,,-1,,,,,-1,,,,0,0,0,0,0,,0,0,0,0,0,0,1,0,,0,,1,0,0,,0,,0,,,,,,0,,,,,0,,0,,0,,0,0,0,0,0,,,,0,0,0,0,,0,0,0,0,0,0,0,0,0,0,0,0,0,,,0,0,0,0,0,0,1,0,0,,0,,,,1,,,,0,1,,,0,0,0,0,,0,0,0,0,0,0
map#2a8e76661b6dd3c5,mp2082_01.mdl,mp2082_01.mdl,1,,,,1,,,,,,,,,-1,-1,,,,,,,,,,,,,,,,,,,,,,,,,,,,,,,,,,,-1,,,,,,,,,,,,,,,,,,,,,,,-1,,,,,,,,-1,,,,-1,,,,,0,0,0,0,0,,0,0,0,0,0,0,1,1,,0,,0,0,0,,0,,0,,,,,,0,,,,,0,,0,,0,,0,0,0,0,0,,,,0,1,0,0,,0,0,0,0,0,0,0,0,0,0,0,0,0,,,0,0,0,0,0,0,1,0,0,,,,,,1,,,,1,0,,,,0,0,2,,0,0,0,0,,0
map#2a9ed54d4ab17ae4,,equ9013.mdl,1,,,,0,,,,,,,,,-1,,,,-1,,,,,,,,,,,,,,,-1,,,,,,,,,-1,,,,,,,-1,-1,,,,,,,,,,,,,,,,,,,,,,,-1,,,,,,,,,,,,,-1,,,,0,0,0,0,0,,0,0,0,0,0,0,1,0,,0,,1,0,0,,0,,0,,,,,,1,,,,,0,,0,,0,,1,0,0,0,0,,,,1,1,0,0,,0,0,0,0,0,0,0,0,0,0,0,0,0,,,0,0,0,0,0,0,1,0,0,,0,,,,0,,,,0,1,,,0,0,0,0,,0,0,0,0,0,0
map#2abfe068a079b1da,ob2061hou00b.mdl,ob2061hou00b.mdl,1,,,,1,,,,,,,,,-1,-1,,,,,,,,,,,,,,,,,,,,,,,,,,,-1,-1,,,,,,,-1,-1,,,,,,,,,,,,,,,,,,,,,,-1,,,,,,,,-1,,,,-1,,,,,0,0,0,0,0,,0,0,0,0,0,0,1,1,,0,,0,0,0,,0,,0,,,,,,0,,,,,0,,0,,0,,1,1,0,0,0,,,,0,1,1,0,,0,0,0,0,0,0,0,0,0,0,0,0,0,,,0,0,0,0,0,0,1,0,0,,,,,,1,,,,1,0,,,,0,2,2,,0,0,0,0,,0
map#2ac519423b05f71d,mp4010_19.mdl,ob_e05_007.mdl,0,,,,0,,,,,,,,,-1,,,,,,,,,,,,,,,,,,,,,,,,,,,,-1,,,-1,,,,,,,,,,,,,,,,,,,,,,,,,,,,-1,,,,,,,,-1,,,,,,,,,0,0,0,0,0,,0,0,0,0,0,0,1,0,,0,,0,0,0,,0,,0,,,,,,0,,,,,0,,0,,0,,1,0,0,1,0,,,,0,0,0,0,,0,0,0,0,0,0,0,0,0,0,0,0,0,,,0,0,0,0,0,0,1,0,0,,,,,,1,,,,0,0,,,,0,0,0,,0,0,0,0,,0
map#2b0c0a40fbce678e,,mp8100.mdl,1,,,,1,,,,,,,,,-1,,,,-1,,,,,,,,,,,,,,,-1,,,,,,,,,-1,,,,,,,-1,-1,,,,,,,,,,,,,,,,,,,,,,,-1,,,,,,,,,,,,,-1,,,,0,0,0,0,0,,0,0,0,0,0,0,1,0,,0,,1,0,0,,0,,0,,,,,,1,,,,,0,,0,,0,,1,0,0,0,0,,,,1,1,0,0,,0,0,0,0,0,0,0,0,0,0,0,0,0,,,0,0,0,0,0,0,1,0,0,,0,,,,0,,,,0,1,,,0,0,0,0,,0,0,0,0,0,0
map#2b23264c685bd7ab,mp0041.mdl,mp2061_01.mdl,0,,,,1,,,,,,,,,-1,-1,,,,,,,,,,,,,,,,,,,,,,,,,,,-1,,,,,,,,-1,,,,,,,,,,,,,,,,,,,,,,,-1,,,,,,,,-1,,,,-1,,,,,0,0,0,0,0,,0,0,0,0,0,0,1,1,,0,,0,0,0,,0,,0,,,,,,0,,,,,0,,0,,0,,1,0,0,0,0,,,,0,1,0,0,,0,0,0,0,0,0,0,0,0,0,0,0,0,,,0,0,0,0,0,0,1,0,0,,,,,,1,,,,1,0,,,,0,2,2,,0,0,0,0,,0
map#2b3266a5f283593b,,mp0050_l1.mdl,1,1,1,,1,,,,,,,,,-1,-1,,-1,,-1,,,,,,,,,,,,,,,,,,,,,,,-1,-1,-1,,,,,,-1,-1,-1,,,,,-1,,-1,,,,,,,,,,,,,,-1,,,,,,,,-1,,,,-1,,,,,0,0,0,0,0,,0,0,0,0,0,0,1,1,,1,,0,1,0,,0,,0,,,,,,0,,,,,0,,0,,0,,1,1,1,0,0,,,,0,1,1,1,,0,0,0,1,0,1,0,0,0,0,0,0,0,,,0,0,0,0,0,0,1,0,0,,0,,,,1,,,,1,0,,,0,0,0,0,,0,0,0,0,0,0
map#2b6c0a6cc5236df2,mp4010.mdl,a1214.mdl,1,,1,,1,,,,,,,,,-1,-1,,,,,,,,,,,,,,,,,,,,,,,,,,,-1,,,,,,,,-1,,,,-1,,,,,-1,,-1,,,,,,,,,,,,-1,,,,,,,,-1,,,,-1,,,,,0,0,0,0,0,,0,0,0,0,0,0,1,1,,0,,0,0,0,,0,,0,,,,,,0,,,,,0,,0,,0,,1,0,0,0,0,,,,0,1,0,0,,1,0,0,0,0,1,0,1,0,0,0,0,0,,,0,0,0,0,0,0,1,0,0,,,,,,1,,,,1,0,,,,0,2,0,,0,0,0,0,,0
map#2b91b2712f540333,,ob_s02_006.mdl,1,,,,0,,,,,,,,,,,,,,,,,,,,,,,,,,,,,,,,,,,,,,,,,,,,,,,,,,,,,,,,,,,,,,,,,,,,,,,,,,,,,,,,,,,-1,,0,0,0,0,0,,0,0,0,0,0,0,0,0,,0,,0,0,0,,0,,0,,,,,,0,,,,,0,,0,,0,,0,0,0,0,0,,,,0,0,0,0,,0,0,0,0,0,0,0,0,0,0,0,0,0,,,0,0,0,0,0,0,0,0,0,,,,,,0,,,,0,0,,,1,0,1,1,,0,0,0,0,,0
map#2ba8a6ce4d4dc932,mp2071_01.mdl,,1,,,,1,,,,,,,,,-1,,,,,-1,,,-1,,,,,,,,,,,,,,,,,,,,-1,,,-1,,,,,-1,,,,,,,,,,,,,,,,,,,,,,,-1,,,,,,,,-1,,,,,,,,,0,0,0,0,0,,0,0,0,0,0,0,1,0,,0,,0,1,0,,1,,0,,,,,,0,,,,,0,,0,,0,,1,0,0,1,0,,,,0,1,0,0,,0,0,0,0,0,0,0,0,0,0,0,0,0,,,0,0,0,0,0,0,1,0,0,,,,,,1,,,,0,0,,,,0,0,0,,0,0,0,0,,0
map#2bc10d2593a18673,ob1050sky00.mdl,ob1050sky00.mdl,1,,,,0,,,,,,,,,-1,,,,,,,,,,,,,,,,,,,,,,,,,,,,,,,,,,,-1,,,,,,,,,,,,,,,,,,,,,,,,-1,,,,,,,,,,,,,,,,,0,0,0,0,0,,0,0,0,0,0,0,1,0,,0,,0,0,0,,0,,0,,,,,,0,,,,,0,,0,,0,,0,0,0,0,0,,,,1,0,0,0,,0,0,0,0,0,0,0,0,0,0,0,0,0,,,0,0,0,0,0,0,1,0,0,,,,,,0,,,,0,0,,,,0,0,0,,0,0,0,0,,0
map#2bc247aa8f63af1b,mp0013.mdl,mp0013.mdl,1,,,,1,,,,,,,,,-1,,,,,,,,-1,,,,,,,,,,,,,,,,,,,,-1,,,,,,,,-1,,,,,,,,,,,,,,,,,,,,,,,-1,,,,,,,,-1,,,,,,,,,0,0,0,0,0,,0,0,0,0,0,0,1,0,,0,,0,0,0,,1,,0,,,,,,0,,,,,0,,0,,0,,1,0,0,0,0,,,,0,1,0,0,,0,0,0,0,0,0,0,0,0,0,0,0,0,,,0,0,0,0,0,0,1,0,0,,,,,,1,,,,0,0,,,,0,0,0,,0,0,0,0,,0
map#2c117c5c2d5c066b,ob0000sky01.mdl,ob0051evt00.mdl,0,,,,0,,,,,,,,,-1,,,,,,,,,,-1,,,-1,,,,,,,,,,,,,,,,,,,,,,-1,,,,,,,,,,,,,,,,,,,,,,,,,,,,,,,,,,,,,,,,,0,0,0,0,0,,0,1,0,0,1,0,1,0,,0,,0,0,0,,0,,0,,,,,,0,,,,,0,,0,,0,,0,0,0,0,0,,,,1,0,0,0,,0,0,0,0,0,0,0,0,0,0,0,0,0,,,0,0,0,0,0,0,0,0,0,,,,,,0,,,,0,0,,,,0,0,0,,0,0,0,0,,0
map#2c2cd83be39cb1a8,,mp0042.mdl,1,,,,0,,,,,,,,,,,,,,,,,,,,,,,,,,,,,,,,,,,,,,,,,,,,,,,,,,,,,,,,,,,,,,,,,,,,-1,,,,,,,,,,,,,,,,-1,0,0,0,0,0,,0,0,0,0,0,0,0,0,,0,,0,0,0,,0,,0,,,,,,0,,,,,0,,0,,0,,0,0,0,0,0,,,,0,0,0,0,,0,0,0,0,0,0,0,0,0,0,0,0,0,,,0,0,0,0,0,0,1,0,0,,0,,,,0,,,,0,0,,,0,1,0,0,,0,0,0,0,0,0
map#2cf39add5ff4a46f,mp0011.mdl,mp0011.mdl,0,,,,1,,,,,,,,,-1,-1,,,,,,,,,,,,,,,,,,,,,,,,,,,-1,,,,,,,,-1,,,,,,,,,,,,,,,,,,,,,,,-1,,,,,,,,-1,,,,-1,,,,,0,0,0,0,0,,0,0,0,0,0,0,1,1,,0,,0,0,0,,0,,0,,,,,,0,,,,,0,,0,,0,,1,0,0,0,0,,,,0,1,0,0,,0,0,0,0,0,0,0,0,0,0,0,0,0,,,0,0,0,0,0,0,1,0,0,,,,,,1,,,,1,0,,,,0,2,0,,0,0,0,0,,0
map#2cf4e199889ff440,,ob6013swt03.mdl,1,,,,0,,,,,,,,,-1,,,,-1,-1,,,,,,,,,,,,,,,,,,,,,,,,,,-1,,,,,,,,,,,,,,,,,,,,,,,,,,,,,,,,,,,,,,,,,,,,,0,0,0,0,0,,0,0,0,0,0,0,1,0,,0,,1,1,0,,0,,0,,,,,,0,,,,,0,,0,,0,,0,0,0,1,0,,,,0,0,0,0,,0,0,0,0,0,0,0,0,0,0,0,0,0,,,0,0,0,0,0,0,0,0,0,,,,,,0,,,,0,0,,,0,0,1,0,,0,0,0,0,,0
map#2d8d1380ddb4da18,mp4010_12.mdl,mp4010_12.mdl,1,,,,1,,,,,,,,,-1,-1,,-1,-1,,,,,,,,,,,,,,,,,,,,,,,,,,,,,,,,,,,,,,,,,,,,,,,,,,,,,,,-1,,,,,,,,-1,,,,-1,,,,,0,0,0,0,0,,0,0,0,0,0,0,1,1,,1,,1,0,0,,0,,0,,,,,,0,,,,,0,,0,,0,,0,0,0,0,0,,,,0,0,0,0,,0,0,0,0,0,0,0,0,0,0,0,0,0,,,0,0,0,0,0,0,1,0,0,,,,,,1,,,,1,0,,,,0,1,1,,0,0,0,0,,0
map#2e0d33e5e1744db4,ob1010hou20_l1.mdl,ob1010hou20_l1.mdl,1,,,,1,,,,,,,,,-1,,,,,,-1,,,,,,,,,,,,,,,,,,,,,,-1,,,,,,,,-1,,,,,,,,,,,,,,,,,,,,,,,-1,,,,,,,,-1,,,,,,,,,0,0,0,0,0,,0,0,0,0,0,0,1,0,,0,,0,0,1,,0,,0,,,,,,0,,,,,0,,0,,0,,1,0,0,0,0,,,,0,1,0,0,,0,0,0,0,0,0,0,0,0,0,0,0,0,,,0,0,0,0,0,0,1,0,0,,,,,,1,,,,0,0,,,,0,0,2,,0,0,0,0,,0
map#2e235d74c0884e34,mp0050.mdl,a1210.mdl,1,2,0,,1,,,,,,,,,-1,-1,,-1,-1,-1,,,,,,,,,,,,,,,,,,,,-1,,,-1,-1,-1,,,,,,-1,-1,-1,,,,,-1,,-1,,,,-1,,,,,,,,,,-1,,,,,,,,-1,,,,-1,-1,,,,0,0,0,0,0,,0,0,0,0,0,0,1,1,,1,,1,1,0,,0,,0,,,,,,0,,,,,0,,1,,0,,1,1,1,0,0,,,,0,1,1,1,,0,0,0,1,0,1,0,0,0,0,1,0,0,,,0,0,0,0,0,0,1,0,0,,,,,,1,,,,1,1,,,,0,0,0,,0,0,0,0,,0
map#2e261dc6e25f062a,,ob0051evt00.mdl,1,,,,0,,,,,,,,,-1,-1,,,-1,-1,,,,,-1,,,-1,,,,,,,,,,,,,,,,,,,,,,,,,,,,,,,,,,,,,,-1,,,,,,,,,,,,,,,,,,,,,,,,,0,0,0,0,0,,0,1,0,0,1,0,1,1,,0,,1,1,0,,0,,0,,,,,,0,,,,,0,,0,,0,,0,0,0,0,0,,,,0,0,0,0,,0,0,0,0,0,0,0,0,0,0,0,0,1,,,0,0,0,0,0,0,0,0,0,,0,,,,0,,,,0,0,,,0,0,1,0,,0,0,0,0,0,0
map#2e89801ceaeca02e,a0302.mdl,a0302.mdl,0,,,,0,,,,,,,,,-1,,,,,,,,,,,,,,,,,,,,,,,,,,,,,,,,,,,,-1,,,,,,,,,,,,,,,,,,,,,,,-1,,,,,,,,,,,,,,,,,0,0,0,0,0,,0,0,0,0,0,0,1,0,,0,,0,0,0,,0,,0,,,,,,0,,,,,0,,0,,0,,0,0,0,0,0,,,,0,1,0,0,,0,0,0,0,0,0,0,0,0,0,0,0,0,,,0,0,0,0,0,0,1,0,0,,,,,,0,,,,0,0,,,,0,0,0,,0,0,0,0,,0
map#2e8c5046ec8b12ff,a0000.mdl,a0000.mdl,0,,,,0,,,,,,,,,-1,,,,,,,,,,,,,,,,,,,,,,,,,,,,,,,,,,,,,,,,,,,,,,,,,,,,,,,,,,,-1,,,,,,,,-1,,,,,,,,,0,0,0,0,0,,0,0,0,0,0,0,1,0,,0,,0,0,0,,0,,0,,,,,,0,,,,,0,,0,,0,,0,0,0,0,0,,,,0,0,0,0,,0,0,0,0,0,0,0,0,0,0,0,0,0,,,0,0,0,0,0,0,1,0,0,,,,,,1,,,,0,0,,,,0,0,0,,0,0,0,0,,0
map#2ebaf2efb17d5e75,,mp5500.mdl,0,,,,1,,,,,,,,,-1,-1,,,-1,-1,,,-1,,,-1,,-1,,,,,,-1,,,,,,,,,,,,,,,,-1,,,,,-1,,,,,,,,,,,,,,,,,,,,,,,,,,,,,,,-1,,,,,0,0,0,0,0,,0,0,1,0,1,0,1,1,,0,,1,1,0,,1,,0,,,,,,1,,,,,0,,0,,0,,0,0,0,0,0,,,,1,0,0,0,,1,0,0,0,0,0,0,0,0,0,0,0,0,,,0,0,0,0,0,0,0,0,0,,0,,,,0,,,,1,0,,,0,0,1,0,,0,0,0,0,0,0
map#2f0660c20623d179,,mp0013_l1.mdl,0,,,,0,,,,,,,,,-1,,,,-1,,,,,,,,,,,,,,,-1,,,,-1,,,,,-1,,,,,,,,,,,,,,,,,,,,,,,,,,,,,,,-1,,,,,,,,,,,,,,,,,0,0,0,0,0,,0,0,0,0,0,0,1,0,,0,,1,0,0,,0,,0,,,,,,1,,,,,1,,0,,0,,1,0,0,0,0,,,,0,0,0,0,,0,0,0,0,0,0,0,0,0,0,0,0,0,,,0,0,0,0,0,0,1,0,0,,,,,,0,,,,0,0,,,,0,0,0,,0,0,0,0,,0
map#2f1754d4c12db18c,,ob0000sky06.mdl,0,,,,0,,,,,,,,,-1,,,,,,,,-1,,,,,,,,,,,,,,,,,,,,,,,,,,,-1,,,,,,,,,,,,,,,,-1,,,,,,,,,,,,,,,,,,,,,,,,,0,0,0,0,0,,0,0,0,0,0,0,1,0,,0,,0,0,0,,1,,0,,,,,,0,,,,,0,,0,,0,,0,0,0,0,0,,,,1,0,0,0,,0,0,0,0,0,0,0,0,0,0,0,0,1,,,0,0,0,0,0,0,0,0,0,,,,,,0,,,,0,0,,,0,0,0,0,,0,0,0,0,,0
map#2f397daf9d5def72,,ob0000plt11b.mdl,0,,,,0,-1,,,,,,,,-1,,,,-1,,,,,-1,,,,,,,,,,,,,,,,,,,,,,,,,,,,,,,,,,,,,,,,,,,,,,,,,-1,,,,,,,,,,,,,,,,,,1,0,0,0,0,,0,0,0,0,0,0,1,0,,0,,1,0,0,,0,,1,,,,,,0,,,,,0,,0,,0,,0,0,0,0,0,,,,0,0,0,0,,0,0,0,0,0,0,0,0,0,0,0,0,0,,,0,0,0,0,0,1,0,0,0,,0,,,,0,,,,0,0,,,0,0,0,0,,0,0,0,0,0,0
map#2f9567e04fe48e68,ob2051hou03.mdl,ob2051hou03.mdl,1,,,,0,,,,,,,,,-1,,,-1,,,,,,,,,,,,,,,,,,,,,,,,,-1,,,-1,,,,,-1,,,,,,,,,,,,,,,,,,,,,,,-1,,,,,,,,-1,,,,-1,,,,,0,0,0,0,0,,0,0,0,0,0,0,1,0,,1,,0,0,0,,0,,0,,,,,,0,,,,,0,,0,,0,,1,0,0,1,0,,,,0,1,0,0,,0,0,0,0,0,0,0,0,0,0,0,0,0,,,0,0,0,0,0,0,1,0,0,,,,,,1,,,,1,0,,,,0,0,2,,0,0,0,0,,0
map#300ed12b581c8fdc,,ob0054obj90.mdl,1,,,,0,,,,,,,,,-1,-1,,,-1,-1,,,,,-1,-1,,-1,,,,,,,,,,,,,,,,,,,,,,-1,,,,,,,,,,,,,,,,,,,,,,,,,,,,,,,,,,,,-1,,,,,0,0,0,0,0,,0,1,1,0,1,0,1,1,,0,,1,1,0,,0,,0,,,,,,0,,,,,0,,0,,0,,0,0,0,0,0,,,,1,0,0,0,,0,0,0,0,0,0,0,0,0,0,0,0,0,,,0,0,0,0,0,0,0,0,0,,0,,,,0,,,,1,0,,,0,0,1,0,,0,0,0,0,0,0
map#305379987d1f600b,ob8000obj22.mdl,ob8000obj22.mdl,1,,,,0,,,,,,,,,-1,,,,,,,,,-1,,,,,,,,,,,,,,,,,,,,,,,,,,-1,,,,,,,,,,,,,,,,,,,,,,,,-1,-1,,,,,,,,,,,,-1,,,,0,0,0,0,0,,0,0,0,0,0,0,1,0,,0,,0,0,0,,0,,1,,,,,,0,,,,,0,,0,,0,,0,0,0,0,0,,,,1,0,0,0,,0,0,0,0,0,0,0,0,0,0,0,0,0,,,0,0,0,0,0,0,1,1,0,,,,,,0,,,,0,1,,,,0,0,0,,0,0,0,0,,0
map#30a027d647c86702,,mp5400_l1.mdl,1,,1,,1,,,,,,,,,-1,-1,,,-1,,,,,,,,,,,,,,,,,,,,,-1,,,-1,-1,,-1,,,,,-1,-1,,,,,,,,-1,,,,,,,,,,,,,,-1,,,,,,,,-1,,,,-1,,,,,0,0,0,0,0,,0,0,0,0,0,0,1,1,,0,,1,0,0,,0,,0,,,,,,0,,,,,0,,1,,0,,1,1,0,1,0,,,,0,1,1,0,,0,0,0,0,0,1,0,0,0,0,0,0,0,,,0,0,0,0,0,0,1,0,0,,,,,,1,,,,1,0,,,,0,0,0,,0,0,0,0,,0
map#30abb17172681278,,mp3043_02.mdl,1,,,,1,,,,,,,,,-1,-1,,,-1,,,,,,,,,,,,,,,,,,,,,,,,,,,,,,,,-1,,,,,,,,,,,,,,,,,,,,,,,-1,,,,,,,,-1,,,,-1,,,,,0,0,0,0,0,,0,0,0,0,0,0,1,1,,0,,1,0,0,,0,,0,,,,,,0,,,,,0,,0,,0,,0,0,0,0,0,,,,0,1,0,0,,0,0,0,0,0,0,0,0,0,0,0,0,0,,,0,0,0,0,0,0,1,0,0,,,,,,1,,,,1,0,,,0,0,2,2,,0,0,0,0,,0
map#3115cc71f8184ef8,ob0000plt17_l1.mdl,ob0000plt17_l1.mdl,1,,,,1,,,,,,,,,,,,,,,,,,-1,,,,,,,,,,,,,,,,,,,,,,,,,,,,,,,,,,,,,,,,,,,,,,,,,,-1,,,,,,,,,,,,,-1,,,,0,0,0,0,0,,0,0,0,0,0,0,0,0,,0,,0,0,0,,0,,1,,,,,,0,,,,,0,,0,,0,,0,0,0,0,0,,,,0,0,0,0,,0,0,0,0,0,0,0,0,0,0,0,0,,,,0,0,,,,0,1,0,0,,,,,,0,,,,0,1,,,,0,0,0,,0,0,0,0,,0
map#3124a5266f6beae4,,ob0000sky09.mdl,1,,,,0,-1,,,,,,,,-1,,,,-1,,,,,,,,,,,,,,,,,,,,,,,,,,,,,,,-1,,,,,,,,,,,,,,,,-1,,,,,,,,,,,,,,,,,,,,,-1,,,,1,0,0,0,0,,0,0,0,0,0,0,1,0,,0,,1,0,0,,0,,0,,,,,,0,,,,,0,,0,,0,,0,0,0,0,0,,,,1,0,0,0,,0,0,0,0,0,0,0,0,0,0,0,0,1,,,0,0,0,0,0,0,0,0,0,,0,,,,0,,,,0,1,,,0,0,0,0,,0,0,0,0,0,0
map#3146a3973f9fc21f,mp0013.mdl,mp0013.mdl,0,1,,,1,,,,,,,,,-1,,,,-1,,,,-1,,,,,,,,,,,,,,,,,,,,-1,,,,,,,,-1,,,,,,,-1,-1,,,,,,,,,,,,,,,-1,,,,,,,,-1,,,,,,,,,0,0,0,0,0,,0,0,0,0,0,0,1,0,,0,,1,0,0,,1,,0,,,,,,0,,,,,0,,0,,0,,1,0,0,0,0,,,,0,1,0,0,,0,0,0,1,1,0,0,0,0,0,0,0,0,,,0,0,0,0,0,0,1,0,0,,,,,,1,,,,0,0,,,,0,0,0,,0,0,0,0,,0
map#31a99e947acad1e0,924.mdl,,0,,,,0,,,,,,,,,-1,-1,,-1,-1,-1,-1,,,,,,,,,,,,,,,,,,,,,,,,,,,,,,,,,,,,,,,,,,,,,,,,,,,,,-1,,,,,,,,,,,,-1,,,,,0,0,0,0,0,,0,0,0,0,0,0,1,1,,1,,1,1,1,,0,,0,,,,,,0,,,,,0,,0,,0,,0,0,0,0,0,,,,0,0,0,0,,0,0,0,0,0,0,0,0,0,0,0,0,0,,,0,0,0,0,0,0,1,0,0,,,,,,0,,,,1,0,,,,0,0,0,,0,0,0,0,,0
map#31e8fb8e5bee9930,ob3010kag87.mdl,ob3010kag87.mdl,1,,,,1,-1,,,,,,,,-1,,,,,,,,,,,,,,,,,,,-1,,,,,,,,,,,,,,,,,,,,,,,,,,,,,,,,,,,,,,,,,,,,,,,,,,,,,-1,,,,1,0,0,0,0,,0,0,0,0,0,0,1,0,,0,,0,0,0,,0,,0,,,,,,1,,,,,0,,0,,0,,0,0,0,0,0,,,,0,0,0,0,,0,0,0,0,0,0,0,0,0,0,0,0,0,,,0,0,0,0,0,0,0,0,0,,,,,,0,,,,0,1,,,,0,0,0,,0,0,0,0,,0
map#32777468ee30839d,ob3030obj07b.mdl,ob3030obj07b.mdl,1,,,,1,,,,,,,,,-1,-1,,,,-1,,,,,,,,,,,,,,-1,,,,,,,,,-1,,,,,,,,-1,,,,,,,,,,,,,,,,,,,,,,,-1,,,,,,,,-1,,,,-1,,,,,0,0,0,0,0,,0,0,0,0,0,0,1,1,,0,,0,1,0,,0,,0,,,,,,1,,,,,0,,0,,0,,1,0,0,0,0,,,,0,1,0,0,,0,0,0,0,0,0,0,0,0,0,0,0,0,,,0,0,0,0,0,0,1,0,0,,,,,,1,,,,1,0,,,,0,1,0,,0,0,0,0,,0
map#3298f697fb435a9b,,mp5500.mdl,0,,,,1,,,,,,,,,-1,,,,,,,,-1,,,,,,,,,,,,,,,,,,,,-1,,,-1,,,,,-1,,,,-1,,,,,,,,,,,,,,,,,,,-1,,,,,,,,-1,,,,,,,,,0,0,0,0,0,,0,0,0,0,0,0,1,0,,0,,0,0,0,,1,,0,,,,,,0,,,,,0,,0,,0,,1,0,0,1,0,,,,0,1,0,0,,1,0,0,0,0,0,0,0,0,0,0,0,0,,,0,0,0,0,0,0,1,0,0,,0,,,,1,,,,0,0,,,0,0,0,0,,0,0,0,0,0,0
map#32abc82c7d4f8136,,ob5600obj03.mdl,1,,,,1,,,,,,,,,-1,,,,,,,,,,,,,,,,,,,,,,,,,,,,-1,,,-1,,,,,,,,,,,,,,,,,,,,,,,,,,,,,,,,,,,,,,,,,,,,,0,0,0,0,0,,0,0,0,0,0,0,1,0,,0,,0,0,0,,0,,0,,,,,,0,,,,,0,,0,,0,,1,0,0,1,0,,,,0,0,0,0,,0,0,0,0,0,0,0,0,0,0,0,0,0,,,0,0,0,0,0,0,0,0,0,,,,,,0,,,,0,0,,,0,0,0,0,,0,0,0,0,1,1
map#32af76d687635bec,mp3041_04.mdl,mp3041_04.mdl,1,,,,1,,,,,,,,,-1,-1,,,-1,,,,,,,,,,,,,,,,,,,,,,,,-1,,,,,,,,,,,,,,,,,,,,,,,,,,,,,,,-1,,,,,,,,-1,,,,-1,,,,,0,0,0,0,0,,0,0,0,0,0,0,1,1,,0,,1,0,0,,0,,0,,,,,,0,,,,,0,,0,,0,,1,0,0,0,0,,,,0,0,0,0,,0,0,0,0,0,0,0,0,0,0,0,0,0,,,0,0,0,0,0,0,1,0,0,,,,,,1,,,,1,0,,,,0,2,2,,0,0,0,0,,0
map#32c563c16e1358a0,,ob0000rok03.mdl,1,,,,1,,,,,,,,,-1,-1,,-1,-1,-1,,,,,,,,,,,,,,,,,,,,-1,,,-1,-1,-1,,,,,,-1,-1,-1,,,,,,,,,,,,,,,,,-1,-1,-1,,-1,,,,,,,,-1,,,,-1,-1,,,,0,0,0,0,0,,0,0,0,0,0,0,1,1,,1,,1,1,0,,0,,0,,,,,,0,,,,,0,,1,,0,,1,1,1,0,0,,,,0,1,1,1,,0,0,0,0,0,0,0,0,0,0,0,0,0,,,0,0,1,1,1,0,1,0,0,,0,,,,1,,,,1,1,,,0,0,0,0,,0,0,0,0,0,0
map#32e9368957b056aa,,ob5110obj03.mdl,1,,,,0,,,,,,,,-1,-1,,,,,,,,,,,,,,,,,,,,,,,,,,,,,,,,,,,,,,,,,,,,,,,,,,,-1,,,,,,,,,,,,,,,,,,,,,-1,,,,0,0,0,0,0,,0,0,0,0,0,1,1,0,,0,,0,0,0,,0,,0,,,,,,0,,,,,0,,0,,0,,0,0,0,0,0,,,,0,0,0,0,,0,0,0,0,0,0,0,0,0,0,0,0,1,,,0,0,0,0,0,0,0,0,0,,0,,,,0,,,,0,1,,,0,0,0,0,,0,0,0,0,0,0
map#330380f96dabbec2,ob0000rok03d.mdl,,1,,,,1,,,,,,,,,-1,,,-1,,,,,,,,,,,,,,,,,,,,,,-1,,,-1,-1,-1,,,,,,-1,-1,-1,,,,,,-1,,,,,-1,,,,,,-1,-1,-1,,-1,,,,,,,,-1,,,,-1,-1,,,,0,0,0,0,0,,0,0,0,0,0,0,1,0,,1,,0,0,0,,0,,0,,,,,,0,,,,,0,,1,,0,,1,1,1,0,0,,,,0,1,1,1,,0,0,0,0,1,0,0,0,0,0,1,0,0,,,0,0,1,1,1,0,1,0,0,,,,,,1,,,,1,1,,,,0,0,0,,0,0,0,0,,0
map#330f97cec6e2d359,,mp0010_01.mdl,1,,,,0,,,,,,,,,-1,,,,-1,,,,,,,,,,,,,,,,,,,,,,,,,,,-1,,,,,,,,,,,,,,,,,,,,,,,,,,,,,,,,,,,,,,,,,,,,,0,0,0,0,0,,0,0,0,0,0,0,1,0,,0,,1,0,0,,0,,0,,,,,,0,,,,,0,,0,,0,,0,0,0,1,0,,,,0,0,0,0,,0,0,0,0,0,0,0,0,0,0,0,0,0,,,0,0,0,0,0,0,0,0,0,,,,,,0,,,,0,0,,,,0,0,0,,0,0,0,0,,0
map#334292748a455e51,mp8200.mdl,mp8200.mdl,1,,,,1,,,,,,,,,-1,,,,,,,,,,,,,,,,,,,-1,,,,,,,,,-1,,,-1,,,,-1,-1,,,,,,,,,,,,,,,,,,,,,,,,,,,,,,,-1,,,,,,,,,0,0,0,0,0,,0,0,0,0,0,0,1,0,,0,,0,0,0,,0,,0,,,,,,1,,,,,0,,0,,0,,1,0,0,1,0,,,,1,1,0,0,,0,0,0,0,0,0,0,0,0,0,0,0,0,,,0,0,0,0,0,0,0,0,0,,,,,,1,,,,0,0,,,,0,0,0,,0,0,0,0,,0
map#334644e3b9df8519,,ob8410evt00.mdl,1,,,,0,,,,,,,,,-1,,,,-1,,,,,,,,,,,,,,,,,,,,,,,,,,,,,,,,,,,,,,,,,,,,,,,,,,,,,,,-1,,,,,,,,-1,,,,,,,,,0,0,0,0,0,,0,0,0,0,0,0,1,0,,0,,1,0,0,,0,,0,,,,,,0,,,,,0,,0,,0,,0,0,0,0,0,,,,0,0,0,0,,0,0,0,0,0,0,0,0,0,0,0,0,0,,,0,0,0,0,0,0,1,0,0,,0,,,,1,,,,0,0,,,0,0,1,0,,0,0,0,0,0,0
map#33c952f4581366bf,ef_obj_p000.mdl,mp0051_l1.mdl,0,,,,1,-1,,,,,,,,-1,,,,,,,,,-1,,,,,,,,,,,,,,,,,,,-1,,,,,,,,-1,,,,,,,,,,,,,,,,,,,,,,,-1,,,,,,,,-1,,,,,,,,,1,0,0,0,0,,0,0,0,0,0,0,1,0,,0,,0,0,0,,0,,1,,,,,,0,,,,,,,0,,0,,1,0,0,0,0,,,,0,1,0,0,,0,0,0,0,0,0,0,0,0,0,0,,,,,0,0,,,,0,1,0,0,0,,,,,1,,,,0,0,,,,,0,0,,0,0,,0,,0
map#33dbd4c2ed0d5615,,ob6013obj00.mdl,1,,,,1,,,,,,,,,-1,,,,-1,,,,,,,,,,,,,,,,,,,,,,,,-1,,,-1,,,,,,,,,,,,,,,,,,,,,,,,,,,,,,,,,,,,-1,,,,,,,,,0,0,0,0,0,,0,0,0,0,0,0,1,0,,0,,1,0,0,,0,,0,,,,,,0,,,,,0,,0,,0,,1,0,0,1,0,,,,0,0,0,0,,0,0,0,0,0,0,0,0,0,0,0,0,0,,,0,0,0,0,0,0,0,0,0,,0,,,,1,,,,0,0,,,0,0,0,0,,0,0,0,0,0,0
map#343c6b6b197125f6,ob0063obj11.mdl,ob0063obj11.mdl,1,,,,1,,,,,,,-1,,-1,,,,,,,,,,,,,,,,,,,,,,,,,,,,,,,,,,,,-1,,,,,,,,,,,,,,,,,,,,,,,-1,,,,,,,,-1,,,,,,,,,0,0,0,0,0,,1,0,0,0,0,0,1,0,,0,,0,0,0,,0,,0,,,,,,0,,,,,0,,0,,0,,0,0,0,0,0,,,,0,1,0,0,,0,0,0,0,0,0,0,0,0,0,0,0,,,,0,0,,,,0,1,0,0,,,,,,1,,,,0,0,,,,0,0,0,,0,0,0,0,,0
map#34428e1815175de1,,ob8300kag00.mdl,1,,,,0,,,,,,,,,-1,-1,,,,,,,,,,,,,,,,,,,,,,,,,,,,,,,,,,,,,,,,,,,,,,,,,,,,,,,,,,-1,,,,,,,,-1,,,,-1,,,,,0,0,0,0,0,,0,0,0,0,0,0,1,1,,0,,0,0,0,,0,,0,,,,,,0,,,,,0,,0,,0,,0,0,0,0,0,,,,0,0,0,0,,0,0,0,0,0,0,0,0,0,0,0,0,0,,,0,0,0,0,0,0,1,0,0,,0,,,,1,,,,1,0,,,0,0,1,0,,0,0,0,0,0,0
map#34659ebfe7800afc,ob4010obj07.mdl,mp6013_01.mdl,1,,,,1,,,,,,,,,-1,-1,,,-1,-1,,,,,,,,,,,,,,,,,,,,,,,-1,,,-1,,,,,-1,,,,,,,,,,,,,,,,,,,,,,,-1,,,,,,,,-1,,,,-1,,,,,0,0,0,0,0,,0,0,0,0,0,0,1,1,,0,,1,1,0,,0,,0,,,,,,0,,,,,0,,0,,0,,1,0,0,1,0,,,,0,1,0,0,,0,0,0,0,0,0,0,0,0,0,0,0,0,,,0,0,0,0,0,0,1,0,0,,,,,,1,,,,1,0,,,,0,0,0,,0,0,0,0,,0
map#348d3a3ae1290294,mp3041_03.mdl,mp3041_05.mdl,1,,,,1,,,,,,,,,-1,,,,-1,,,,,,,,,,,,,,,,,,,,,,,,-1,,,,,,,,,,,,,,,,,,,,,,,,,,,,,,,-1,,,,,,,,-1,,,,,,,,,0,0,0,0,0,,0,0,0,0,0,0,1,0,,0,,1,0,0,,0,,0,,,,,,0,,,,,0,,0,,0,,1,0,0,0,0,,,,0,0,0,0,,0,0,0,0,0,0,0,0,0,0,0,0,0,,,0,0,0,0,0,0,1,0,0,,,,,,1,,,,0,0,,,,0,0,2,,0,0,0,0,,0
map#35041f7ffaa07e38,ef_obj_a005.mdl,,1,,,,0,,,,,,,,,-1,,,,,,,,,,,,,,,,,,,,,,,,,,,,,,,,,,,,-1,,,,,,,,,,,,,,,,,,,,,,,,,,,,,,,-1,,,,,-1,,,,0,0,0,0,0,,0,0,0,0,0,0,1,0,,0,,0,0,0,,0,,0,,,,,,0,,,,,,,0,,0,,0,0,0,0,0,,,,0,1,0,0,,0,0,0,0,0,0,0,0,0,0,0,,,,,0,0,,,,0,0,0,0,0,,,,,1,,,,0,1,,,,,0,0,,0,0,,0,,0
map#351e8079ba69c8a8,ef_obj_a009.mdl,,1,,,,0,,,,,,,,,-1,,,,,,,,,,,,,,,,,,,,,,,,,,,,,,,-1,,,,,-1,,,,,,,,,,,,,,,,,,-1,,,,,,,,,,,,,-1,,,,,-1,,,,0,0,0,0,0,,0,0,0,0,0,0,1,0,,0,,0,0,0,,0,,0,,,,,,0,,,,,,,0,,0,,0,0,0,1,0,,,,0,1,0,0,,0,0,0,0,0,0,0,0,0,0,0,,,,,1,0,,,,0,0,0,0,0,,,,,1,,,,0,1,,,,,0,0,,0,0,,0,,0
map#358208f26c2913d7,,equ9003.mdl,1,,,,1,,,,,,,,,-1,-1,,,,-1,,,,,,,,,,,,,,-1,,,,,,,,,-1,-1,,,,,,,-1,-1,,,,,,,,,,,,,,,,,,,,,,-1,,,,,,,,-1,,,,-1,,,,,0,0,0,0,0,,0,0,0,0,0,0,1,1,,0,,0,1,0,,0,,0,,,,,,1,,,,,0,,0,,0,,1,1,0,0,0,,,,0,1,1,0,,0,0,0,0,0,0,0,0,0,0,0,0,0,,,0,0,0,0,0,0,1,0,0,,,,,,1,,,,1,0,,,,0,0,0,,0,0,0,0,,0
map#36284fab9a679b9c,,ob5600obj03b.mdl,1,,,,1,,,,,,,,,,-1,,,,,,,,,-1,,,,,,,,,,,,,,,,,,,-1,,-1,,,,,,-1,,,,,,,,,,,,,,,,,,,,,,-1,,,,,,,,-1,,,,,,,,,0,0,0,0,0,,0,1,0,0,0,0,0,1,,0,,0,0,0,,0,,0,,,,,,0,,,,,0,,0,,0,,0,1,0,1,0,,,,0,0,1,0,,0,0,0,0,0,0,0,0,0,0,0,0,0,,,0,0,0,0,0,0,1,0,0,,0,,,,1,,,,0,0,,,0,0,0,0,,0,0,0,0,0,0
map#36781bc48f4f7d86,ob0000plt17.mdl,ob0000plt17.mdl,1,,,,1,,,,,,,,,,,,,,,,,,-1,,,,,,,,,,,,,,,,,,,,,,,,,,,,,,,,,,,,,,,,,,,,,,,,,,-1,-1,,,,,,,,,,,,-1,,,,0,0,0,0,0,,0,0,0,0,0,0,0,0,,0,,0,0,0,,0,,1,,,,,,0,,,,,0,,0,,0,,0,0,0,0,0,,,,0,0,0,0,,0,0,0,0,0,0,0,0,0,0,0,0,0,,,0,0,0,0,0,0,1,1,0,,,,,,0,,,,0,1,,,,0,0,0,,0,0,0,0,,0
map#369fd55c768dee27,ob3041hou02.mdl,ob3041hou02.mdl,1,1,,,1,,,,,,,,,-1,,,-1,-1,,,,,,,,,,,,,,,,,,,,,,,,-1,,,,,,,,-1,,,,,,,-1,,,,,,,,,,,,,,,,-1,,,,,,,,-1,,,,-1,,,,,0,0,0,0,0,,0,0,0,0,0,0,1,0,,1,,1,0,0,,0,,0,,,,,,0,,,,,0,,0,,0,,1,0,0,0,0,,,,0,1,0,0,,0,0,0,1,0,0,0,0,0,0,0,0,0,,,0,0,0,0,0,0,1,0,0,,,,,,1,,,,1,0,,,,0,0,2,,0,0,0,0,,0
map#36c5bc4fcaf6319c,,ob8500hou59.mdl,1,,,,0,,,,,,,,-1,-1,,,,,,,,-1,,,,,,,,,,,,,,,,,,,,,,,,,,,-1,,,,,,,,,,,,,,,,,,,,,,,,,,,,,,,,,,,,,,,,,0,0,0,0,0,,0,0,0,0,0,1,1,0,,0,,0,0,0,,1,,0,,,,,,0,,,,,0,,0,,0,,0,0,0,0,0,,,,1,0,0,0,,0,0,0,0,0,0,0,0,0,0,0,0,0,,,0,0,0,0,0,0,0,0,0,,0,,,,0,,,,0,0,,,0,0,0,0,,0,0,0,0,0,0
map#370eba1f0511d5dc,etc0205.mdl,etc0205.mdl,1,,,,1,,,,,,,,,-1,,,,,,,,,-1,,,,,,,,,,,,,,,,,,,,,,,,,,,,,,,,,,,,,,,,,,,,,,,,,,,,,,,,,,,,,,,,,,,0,0,0,0,0,,0,0,0,0,0,0,1,0,,0,,0,0,0,,0,,1,,,,,,0,,,,,0,,0,,0,,0,0,0,0,0,,,,0,0,0,0,,0,0,0,0,0,0,0,0,0,0,0,0,0,,,0,0,0,0,0,0,0,0,0,,,,,,0,,,,0,0,,,,0,0,0,,0,0,0,0,,0
map#372a070ce42c6f47,,ob4010vec00.mdl,1,,,,1,,,,,,,,,-1,-1,,,,,,,,,,,,,,,,,,,,,,,,,,,-1,,,-1,,,,,-1,,,,,,,,-1,,,,,,,,,,,,,,,-1,,,,,,,,-1,,,,,,,,,0,0,0,0,0,,0,0,0,0,0,0,1,1,,0,,0,0,0,,0,,0,,,,,,0,,,,,0,,0,,0,,1,0,0,1,0,,,,0,1,0,0,,0,0,0,0,1,0,0,0,0,0,0,0,0,,,0,0,0,0,0,0,1,0,0,,0,,,,1,,,,0,0,,,0,0,2,2,,0,0,0,0,0,0
map#376e942f6f9ee97d,mp0042_01.mdl,mp0042_01.mdl,1,,,,1,,,,,,,,,-1,-1,,-1,,,,,,,,,,,,,,,,,,,,,,,,,-1,-1,,,,,,,,-1,,,,,,,,,,,,,,,,,,,,,,-1,,,,,,,,-1,,,,-1,,,,,0,0,0,0,0,,0,0,0,0,0,0,1,1,,1,,0,0,0,,0,,0,,,,,,0,,,,,0,,0,,0,,1,1,0,0,0,,,,0,0,1,0,,0,0,0,0,0,0,0,0,0,0,0,0,0,,,0,0,0,0,0,0,1,0,0,,,,,,1,,,,1,0,,,,0,0,0,,0,0,0,0,,0
map#3770adc9954ad72c,,mp6100_01.mdl,1,,,,1,,,,,,,,,-1,-1,,-1,,,,,,,,,,,,,,,,,,,,,,,,,,,-1,-1,,,,,-1,,-1,,-1,,,,,,,,,,,,,,,,,,,-1,,,,,,,,-1,,,,-1,,,,,0,0,0,0,0,,0,0,0,0,0,0,1,1,,1,,0,0,0,,0,,0,,,,,,0,,,,,0,,0,,0,,0,0,1,1,0,,,,0,1,0,1,,1,0,0,0,0,0,0,0,0,0,0,0,0,,,0,0,0,0,0,0,1,0,0,,0,,,,1,,,,1,0,,,0,0,0,0,,0,0,0,0,0,0
map#3779de31e2dd2316,,ob6200hou02.mdl,1,,,,1,,,,,,,,,-1,-1,,,,-1,,,,,,,,,,,,,,,,,,,,,,,-1,-1,,-1,,,,,-1,-1,,,,,,,,,,,,,,,,,,,,,,-1,,,,,,,,-1,,,,-1,,,,,0,0,0,0,0,,0,0,0,0,0,0,1,1,,0,,0,1,0,,0,,0,,,,,,0,,,,,0,,0,,0,,1,1,0,1,0,,,,0,1,1,0,,0,0,0,0,0,0,0,0,0,0,0,0,0,,,0,0,0,0,0,0,1,0,0,,,,,,1,,,,1,0,,,,0,0,0,,0,0,0,0,,0
map#378a6917ae24f84b,,mp5500.mdl,0,,,,1,,,,,,,,,-1,-1,,,-1,-1,,,-1,,,-1,,-1,,,,,,-1,,,,,,,,,,,,,,,,-1,,,,,,,,,,,,,,,,,,,,,,,,,,,,,,,,,,,,-1,,,,,0,0,0,0,0,,0,0,1,0,1,0,1,1,,0,,1,1,0,,1,,0,,,,,,1,,,,,0,,0,,0,,0,0,0,0,0,,,,1,0,0,0,,0,0,0,0,0,0,0,0,0,0,0,0,0,,,0,0,0,0,0,0,0,0,0,,0,,,,0,,,,1,0,,,0,0,1,0,,0,0,0,0,0,0
map#37936245ec9f561d,ob2072obj01.mdl,ob2072obj01.mdl,1,,,,1,,,,,,,,,-1,,,,,,,,,-1,,,,,,,,,,,,,,,,,,,-1,,,,,,,,-1,,,,,,,,,,,,,,,,,,,,,,,-1,,-1,,,,,,-1,,,,,,,,,0,0,0,0,0,,0,0,0,0,0,0,1,0,,0,,0,0,0,,0,,1,,,,,,0,,,,,0,,0,,0,,1,0,0,0,0,,,,0,1,0,0,,0,0,0,0,0,0,0,0,0,0,0,0,0,,,0,0,0,0,0,0,1,0,1,,,,,,1,,,,0,0,,,,0,0,0,,0,0,0,0,,0
map#3799e4095038d6ed,ob0090plt00.mdl,ob0090plt00.mdl,1,,,,0,-1,,-1,,,,,,-1,,,,,,,,,-1,,,,,,,,,,,,,,,,,,,,,,,,,,,,,,,,,,,,,,,,,,,,,,,,,,,-1,,,,,,,,,,,,,,,,1,0,1,0,0,,0,0,0,0,0,0,1,0,,0,,0,0,0,,0,,1,,,,,,0,,,,,0,,0,,0,,0,0,0,0,0,,,,0,0,0,0,,0,0,0,0,0,0,0,0,0,0,0,0,0,,,0,0,0,0,0,0,0,1,0,,,,,,0,,,,0,0,,,,0,0,0,,0,0,0,0,,0
map#389d35d57f25fb20,,ob6100dor03.mdl,1,,,,1,,,,,,,,,-1,,,,-1,,,,,,,,,,,,,,,-1,,,,,,,,,-1,,,,,,,,-1,,,,,,,,,,,,,,,,,,,,,,,,,,,,,,,,,,,,,,,,0,0,0,0,0,,0,0,0,0,0,0,1,0,,0,,1,0,0,,0,,0,,,,,,1,,,,,0,,0,,0,,1,0,0,0,0,,,,0,1,0,0,,0,0,0,0,0,0,0,0,0,0,0,0,0,,,0,0,0,0,0,0,0,0,0,,,,,,0,,,,0,0,,,0,0,0,0,,0,0,0,0,,0
map#38a1408bd3d8be18,mp4050.mdl,mp4050.mdl,0,,1,,1,,,,,,,,,-1,-1,,-1,,,-1,,,,,,,,,,,,,,,,,,,-1,,,-1,-1,,,,,,,-1,-1,,,-1,,,,,-1,,,,,,,,,,,,,,-1,,,,,,,,-1,,,,-1,,,,,0,0,0,0,0,,0,0,0,0,0,0,1,1,,1,,0,0,1,,0,,0,,,,,,0,,,,,0,,1,,0,,1,1,0,0,0,,,,0,1,1,0,,1,0,0,0,0,1,0,0,0,0,0,0,0,,,0,0,0,0,0,0,1,0,0,,,,,,1,,,,1,0,,,,0,0,1,,0,0,0,0,,0
map#38b6d330e33a1c61,mp0013.mdl,mp0013.mdl,0,,,,1,,,,,,,,,-1,-1,,,,,,,-1,,,,,,,,,,,,,,,,,,,,-1,,,,,,,,-1,,,,,,,,,,,,,,,,,,,,,,,-1,,,,,,,,-1,,,,-1,,,,,0,0,0,0,0,,0,0,0,0,0,0,1,1,,0,,0,0,0,,1,,0,,,,,,0,,,,,0,,0,,0,,1,0,0,0,0,,,,0,1,0,0,,0,0,0,0,0,0,0,0,0,0,0,0,0,,,0,0,0,0,0,0,1,0,0,,,,,,1,,,,1,0,,,,0,2,0,,0,0,0,0,,0
map#38b9168fda6c023e,,ob8500obj01.mdl,1,,,,1,,,,,,,,,-1,,,,,,,,,,,,,,,,,,,,,,,,,,,,-1,,,-1,,,,,-1,,,,,,,,,,,,,,,,,,,,,,,-1,,,,,,,,-1,,,,,,,,,0,0,0,0,0,,0,0,0,0,0,0,1,0,,0,,0,0,0,,0,,0,,,,,,0,,,,,0,,0,,0,,1,0,0,1,0,,,,0,1,0,0,,0,0,0,0,0,0,0,0,0,0,0,0,0,,,0,0,0,0,0,0,1,0,0,,0,,,,1,,,,0,0,,,0,0,1,0,,0,0,0,0,0,0
map#38d522540f7317cd,ob_e05_002.mdl,ob_e05_002.mdl,1,,,,1,-1,,,,,,,,-1,,,,,,,,,-1,,,,,,,,,,,,,,,,,,,-1,,,,,,,,-1,,,,,,,,,,,,,,,,,,,,,,,-1,-1,-1,,,,,,-1,,,,-1,,,,,1,0,0,0,0,,0,0,0,0,0,0,1,0,,0,,0,0,0,,0,,1,,,,,,0,,,,,0,,0,,0,,1,0,0,0,0,,,,0,1,0,0,,0,0,0,0,0,0,0,0,0,0,0,0,0,,,0,0,0,0,0,0,1,1,1,,,,,,1,,,,1,0,,,,0,0,0,,0,0,0,0,,0
map#38f1877e07b0b059,ob1010hou19.mdl,,0,1,,,1,,,,,,,,,-1,,,-1,,,,,,,-1,,,,,,,,,,,,,,,,,,-1,,,,,,,,-1,,,,,,,-1,,,,,,,,,,,,,,,,-1,,,,,,,,-1,,,,,,,,,0,0,0,0,0,,0,1,0,0,0,0,1,0,,1,,0,0,0,,0,,0,,,,,,0,,,,,0,,0,,0,,1,0,0,0,0,,,,0,1,0,0,,0,0,0,1,0,0,0,0,0,0,0,0,0,,,0,0,0,0,0,0,1,0,0,,,,,,1,,,,0,0,,,,0,2,2,,0,0,0,0,,0
map#39532ba333156132,mp4040.mdl,1008.mdl,1,,,,0,-1,,,,,,,-1,-1,,,,,,,,,,,,,,,,,,,,,,,,,,,,,,,,,,,,,,,,,,,,,,,,,,,,,,,,,,,,,,,,,,,,,,,,-1,,,,1,0,0,0,0,,0,0,0,0,0,1,1,0,,0,,0,0,0,,0,,0,,,,,,0,,,,,0,,0,,0,,0,0,0,0,0,,,,0,0,0,0,,0,0,0,0,0,0,0,0,0,0,0,0,0,,,0,0,0,0,0,0,0,0,0,,,,,,0,,,,0,1,,,,0,0,0,,0,0,0,0,,0
map#399e4ba236cb36a1,ob0000sky09.mdl,,1,,,,0,-1,,,,,,,,-1,,,,-1,,,,,,,,,,,,,,,,,,,,,,,,,,,,,,,-1,,,,,,,,,,,,,,,,,,,,,,,,,,,,,,,,,,,,,-1,,,,1,0,0,0,0,,0,0,0,0,0,0,1,0,,0,,1,0,0,,0,,0,,,,,,0,,,,,0,,0,,0,,0,0,0,0,0,,,,1,0,0,0,,0,0,0,0,0,0,0,0,0,0,0,0,0,,,0,0,0,0,0,0,0,0,0,,,,,,0,,,,0,1,,,,0,0,0,,0,0,0,0,,0
map#3a1eda294457f0b1,ob3010lig00.mdl,ob3010lig00.mdl,1,,,,0,,,,,,,,,-1,,,,,,,,,,,,,,,,,,,,,,,,,,,,,,,,,,,,-1,,,,,,,,,,,,,,,,,,,,,,,-1,-1,,,,,,,-1,,,,,-1,,,,0,0,0,0,0,,0,0,0,0,0,0,1,0,,0,,0,0,0,,0,,0,,,,,,0,,,,,0,,0,,0,,0,0,0,0,0,,,,0,1,0,0,,0,0,0,0,0,0,0,0,0,0,0,0,0,,,0,0,0,0,0,0,1,1,0,,,,,,1,,,,0,1,,,,0,0,0,,0,0,0,0,,0
map#3a2b18d4c9b228d7,a0302.mdl,a0302.mdl,0,,,,1,,,,,,,,,-1,,,,,,,,,,,,,,,,,,,,,,,,,,,,-1,,,,,,,,-1,,,,,,,,,,,,,,,,,,,,,,,-1,,,,,,,,,,,,,,,,,0,0,0,0,0,,0,0,0,0,0,0,1,0,,0,,0,0,0,,0,,0,,,,,,0,,,,,0,,0,,0,,1,0,0,0,0,,,,0,1,0,0,,0,0,0,0,0,0,0,0,0,0,0,0,0,,,0,0,0,0,0,0,1,0,0,,,,,,0,,,,0,0,,,,0,0,0,,0,0,0,0,,0
map#3a33766713962b3d,mp2081.mdl,mp2081.mdl,1,,,,1,,,,,,,,,-1,-1,,-1,-1,,-1,,,,,,,,,,,,,,,,,,,-1,,,-1,-1,-1,,,,,,-1,-1,-1,,,,,,,,,,,,,,,,,,,,,-1,,,,,,,,-1,,,,-1,,,,,0,0,0,0,0,,0,0,0,0,0,0,1,1,,1,,1,0,1,,0,,0,,,,,,0,,,,,0,,1,,0,,1,1,1,0,0,,,,0,1,1,1,,0,0,0,0,0,0,0,0,0,0,0,0,0,,,0,0,0,0,0,0,1,0,0,,,,,,1,,,,1,0,,,,0,0,0,,0,0,0,0,,0
map#3a7e8ff0e3381e6c,,mp3070.mdl,0,1,1,1,1,,,,,,,,,-1,-1,,-1,,,-1,,,,,,,,,,,,,,,,,,,-1,,,-1,-1,-1,,,,,,-1,-1,-1,,,,,-1,,-1,,,-1,,,,,,,,,,,-1,,,,,,,,-1,,,,-1,,,,,0,0,0,0,0,,0,0,0,0,0,0,1,1,,1,,0,0,1,,0,,0,,,,,,0,,,,,0,,1,,0,,1,1,1,0,0,,,,0,1,1,1,,0,0,0,1,0,1,0,0,1,0,0,0,0,,,0,0,0,0,0,0,1,0,0,,0,,,,1,,,,1,0,,,0,0,0,0,,0,0,0,0,0,0
map#3a9e0f2ac0fa003c,,mp5310_05.mdl,1,,,,1,,,,,,,-1,,-1,,,,-1,,,,,,,,,,,,,,,-1,,,,,,,,,-1,,,,,,,-1,-1,,,,,,,,,,,,,,,,,,,,,,,,,,,,,,,-1,,,,,,,,,0,0,0,0,0,,1,0,0,0,0,0,1,0,,0,,1,0,0,,0,,0,,,,,,1,,,,,0,,0,,0,,1,0,0,0,0,,,,1,1,0,0,,0,0,0,0,0,0,0,0,0,0,0,0,0,,,0,0,0,0,0,0,0,0,0,,,,,,1,,,,0,0,,,,0,0,0,,0,0,0,0,,0
map#3ad55e14fd41dac7,,ob5600obj03.mdl,1,,,,1,,,,,,,,,-1,-1,,,,,,,,,-1,,,,,,,,,,,,,,,,,,,-1,,-1,,,,,,-1,,,,-1,,,,,,,,,,,,,,,,,,-1,,,,,,,,-1,,,,,,,,,0,0,0,0,0,,0,1,0,0,0,0,1,1,,0,,0,0,0,,0,,0,,,,,,0,,,,,0,,0,,0,,0,1,0,1,0,,,,0,0,1,0,,0,1,0,0,0,0,0,0,0,0,0,0,0,,,0,0,0,0,0,0,1,0,0,,,,,,1,,,,0,0,,,0,0,0,0,,0,0,0,0,0,0
map#3aeec65c63e6e9ec,,ob4010vec00_l1.mdl,1,,,,1,,,,,,,,,-1,-1,,,,,,,,,,,,,,,,,,,,,,,,,,,-1,,,-1,,,,,-1,,,,,,,,-1,,,,,,,,,,,,,,,-1,,,,,,,,-1,,,,-1,,,,,0,0,0,0,0,,0,0,0,0,0,0,1,1,,0,,0,0,0,,0,,0,,,,,,0,,,,,0,,0,,0,,1,0,0,1,0,,,,0,1,0,0,,0,0,0,0,1,0,0,0,0,0,0,0,0,,,0,0,0,0,0,0,1,0,0,,,,,,1,,,,1,0,,,,0,2,2,,0,0,0,0,,0
map#3aef6dca09cf4868,,mp2010_13.mdl,1,,,,0,,,,,,,,,-1,,,,,,,,,,,,,,,,,,,,,,,,,,,,,,,,,,,,,,,,,,,,,,,,,,,,,,,,,,,-1,,,,,,,,-1,,,,,-1,,,,0,0,0,0,0,,0,0,0,0,0,0,1,0,,0,,0,0,0,,0,,0,,,,,,0,,,,,0,,0,,0,,0,0,0,0,0,,,,0,0,0,0,,0,0,0,0,0,0,0,0,0,0,0,0,0,,,0,0,0,0,0,0,1,0,0,,0,,,,1,,,,0,1,,,0,0,0,0,,0,0,0,0,0,0
map#3af7db30f571e8e6,,1008.mdl,1,,,,1,,,,,,,,,-1,-1,,-1,,,,,,,-1,,,-1,,,,,,-1,,,,,,,,,,-1,,-1,,,,,,-1,,,,-1,,,,,,,,,,,,,,,,,,-1,,,,,,,,-1,,,,-1,,,,,0,0,0,0,0,,0,1,0,0,1,0,1,1,,1,,0,0,0,,0,,0,,,,,,1,,,,,0,,0,,0,,0,1,0,1,0,,,,0,0,1,0,,0,1,0,0,0,0,0,0,0,0,0,0,0,,,0,0,0,0,0,0,1,0,0,,,,,,1,,,,1,0,,,,0,0,2,,0,0,0,0,,0
map#3b7ad5a70a50861a,ob1010hou16.mdl,ob1010hou16.mdl,0,,1,,1,,,,,,,,,-1,-1,,-1,-1,,,,,,-1,,,,,,,,,,,,,,,,,,-1,,,,,,,,-1,,,,,,,,,-1,,,,,,,,,,,,,,-1,,,,,,,,-1,,,,-1,,,,,0,0,0,0,0,,0,1,0,0,0,0,1,1,,1,,1,0,0,,0,,0,,,,,,0,,,,,0,,0,,0,,1,0,0,0,0,,,,0,1,0,0,,0,0,0,0,0,1,0,0,0,0,0,0,,,,0,0,,,,0,1,0,0,,,,,,1,,,,1,0,,,,0,2,2,,0,0,0,0,,0
map#3bf0a830d94b9e75,ob0000plt19c_l1.mdl,ef_obj_n021.mdl,0,,,,1,-1,,,,,,,,-1,,,,-1,,,,,-1,,,,,,,,,,,,,,,,,,,-1,,,,,,,,-1,,,,,,,,,,,,,,,,,,-1,,,,,-1,,,,,,,,,,,,,-1,,,,1,0,0,0,0,,0,0,0,0,0,0,1,0,,0,,1,0,0,,0,,1,,,,,,0,,,,,0,,0,,0,,1,0,0,0,0,,,,0,1,0,0,,0,0,0,0,0,0,0,0,0,0,0,0,0,,,1,0,0,0,0,0,1,0,0,,,,,,0,,,,0,1,,,,0,0,0,,0,0,0,0,,0
map#3c6a3b42d30d4e8b,,ob1081kmo16.mdl,1,,,,1,,,,,,,,,-1,,,,,,,,,,-1,,,-1,,,,,,,,,,,,,,,-1,,,,,,,,-1,,,,,,,,,,,,,,,,,,,,,,,-1,,,,,,,,-1,,,,,,,,,0,0,0,0,0,,0,1,0,0,1,0,1,0,,0,,0,0,0,,0,,0,,,,,,0,,,,,0,,0,,0,,1,0,0,0,0,,,,0,1,0,0,,0,0,0,0,0,0,0,0,0,0,0,0,0,,,0,0,0,0,0,0,1,0,0,,,,,,1,,,,0,0,,,0,0,0,0,,0,0,0,0,0,0
map#3c9fb42155616544,ob0061plt00.mdl,ob0061plt00.mdl,0,,,,1,-1,,,,,,,,-1,,,,,,,,,-1,,,,,,,,,,,,,,,,,,,-1,,,,,,,,-1,,,,,,,,,,,,,,,,,,,,,,,-1,-1,,,,,,,,,,,,,,,,1,0,0,0,0,,0,0,0,0,0,0,1,0,,0,,0,0,0,,0,,1,,,,,,0,,,,,0,,0,,0,,1,0,0,0,0,,,,0,1,0,0,,0,0,0,0,0,0,0,0,0,0,0,0,0,,,0,0,0,0,0,0,1,1,0,,,,,,0,,,,0,0,,,,0,0,0,,0,0,0,0,,0
map#3cbdc9434f5591e0,,ob6800hou00.mdl,1,,,,1,,,,,,,,,-1,,,,-1,,,,,,,,,,,,,,,,,,,,,,,,,,,-1,,,,,,,,,,,,,,,,,,,,,,,,,,,,-1,,,,,,,,-1,,,,,,,,,0,0,0,0,0,,0,0,0,0,0,0,1,0,,0,,1,0,0,,0,,0,,,,,,0,,,,,0,,0,,0,,0,0,0,1,0,,,,0,0,0,0,,0,0,0,0,0,0,0,0,0,0,0,0,0,,,0,0,0,0,0,0,1,0,0,,0,,,,1,,,,0,0,,,0,0,2,0,,0,0,0,0,0,0
map#3ce8807fd988e7a6,ob0010kag03.mdl,ob0010kag03.mdl,1,,,,1,,,,,,,,,-1,,,,,,,,,-1,,,,,,,,,,,,,,,,,,,-1,,,-1,,,,,,,,,,,,,,,,,,,,,,,,,,,,-1,,,,,,,,,,,,,-1,,,,0,0,0,0,0,,0,0,0,0,0,0,1,0,,0,,0,0,0,,0,,1,,,,,,0,,,,,0,,0,,0,,1,0,0,1,0,,,,0,0,0,0,,0,0,0,0,0,0,0,0,0,0,0,0,0,,,0,0,0,0,0,0,1,0,0,,,,,,0,,,,0,1,,,,0,0,0,,0,0,0,0,,0
map#3d37608583dc0553,mp0051_01.mdl,m8_ob8500evt51.mdl,1,,,,1,,,,,,,,,-1,,,,,,,,,,,,,,,,,,,-1,,,,,,,,,-1,,,-1,,,,,-1,,,,,,,,,,,,,,,,,,,,,,,-1,,,,,,,,-1,,,,,,,,,0,0,0,0,0,,0,0,0,0,0,0,1,0,,0,,0,0,0,,0,,0,,,,,,1,,,,,0,,0,,0,,1,0,0,1,0,,,,0,1,0,0,,0,0,0,0,0,0,0,0,0,0,0,0,0,,,0,0,0,0,0,0,1,0,0,,,,,,1,,,,0,0,,,,0,0,0,,0,0,0,0,,0
map#3d3baa8a90e28f03,ob3010hou06.mdl,ob3010hou06.mdl,1,,,,0,,,,,,,,,-1,-1,,,,,,,,,,,,,,,,,,,,,,,,,,,-1,,,-1,,,,,-1,,,,,,,,,,,,,,,,,,,,,,,-1,,,,,,,,-1,,,,,,,,,0,0,0,0,0,,0,0,0,0,0,0,1,1,,0,,0,0,0,,0,,0,,,,,,0,,,,,0,,0,,0,,1,0,0,1,0,,,,0,1,0,0,,0,0,0,0,0,0,0,0,0,0,0,0,0,,,0,0,0,0,0,0,1,0,0,,,,,,1,,,,0,0,,,,0,2,0,,0,0,0,0,,0
map#3d52c00e3c09f38c,,ob6013swt00.mdl,1,,,,0,,,,,,,,,-1,-1,,-1,-1,,,,,,-1,,-1,-1,,,,,,-1,,,,,,,,,,,,,,,,,,,,,,,,,,,,,,,,,,,,,,,,,,,,,,,,,,,,-1,,,,,0,0,0,0,0,,0,1,0,1,1,0,1,1,,1,,1,0,0,,0,,0,,,,,,1,,,,,0,,0,,0,,0,0,0,0,0,,,,0,0,0,0,,0,0,0,0,0,0,0,0,0,0,0,0,0,,,0,0,0,0,0,0,0,0,0,,,,,,0,,,,1,0,,,0,0,2,0,,0,0,0,0,,0
map#3d9e856cf60bf792,,mp5105.mdl,1,,,,0,-1,,,,,,,-1,-1,,,,,,,,,,,,,,,,,,,,,,,,,,,,,,,,,,,,,,,,,,,,,,,,,,,-1,,,,,,,,,,,,,,,,,,,,,-1,,,,1,0,0,0,0,,0,0,0,0,0,1,1,0,,0,,0,0,0,,0,,0,,,,,,0,,,,,0,,0,,0,,0,0,0,0,0,,,,0,0,0,0,,0,0,0,0,0,0,0,0,0,0,0,0,1,,,0,0,0,0,0,0,0,0,0,,0,,,,0,,,,0,1,,,0,0,0,0,,0,0,0,0,0,0
map#3dc22e3100df1530,ef_obj_y001.mdl,mp4010_23.mdl,1,,,,0,,,,,,,,,-1,,,,,,,,,-1,,,,,,,,,,,,,,,,,,,-1,,,,,,,,-1,,,,,,,,,,,,,,,,,,,,,,,-1,,,,,,,,-1,,,,,,,,,0,0,0,0,0,,0,0,0,0,0,0,1,0,,0,,0,0,0,,0,,1,,,,,,0,,,,,,,0,,0,,1,0,0,0,0,,,,0,1,0,0,,0,0,0,0,0,0,0,0,0,0,0,,,,,0,0,,,,0,1,0,0,0,,,,,1,,,,0,0,,,,,0,0,,0,0,,0,,0
map#3e0ce344fd041392,mp0040_01.mdl,mp0040_01.mdl,1,1,1,1,1,,,,,,,,,-1,-1,,-1,,,,,,,,,,,,,,,,,,,,,,,,,-1,-1,-1,,,,,,-1,-1,-1,,,,,-1,,-1,-1,,-1,,,,,,,,,,,-1,,,,,,,,-1,,,,-1,,,,,0,0,0,0,0,,0,0,0,0,0,0,1,1,,1,,0,0,0,,0,,0,,,,,,0,,,,,0,,0,,0,,1,1,1,0,0,,,,0,1,1,1,,0,0,0,1,0,1,1,0,1,0,0,0,0,,,0,0,0,0,0,0,1,0,0,,,,,,1,,,,1,0,,,,0,0,0,,0,0,0,0,,0
map#3e2e729bb86fbf85,mp0030_l1.mdl,mp0030_l1.mdl,0,1,,,1,,,,,,,,,-1,,,,,,,,,,-1,,,,,,,,,,,,,,,,,,-1,,,,,,,,,,,,,,,-1,,,,,,,,,,,,,,,,-1,,,,,,,,,,,,,,,,,0,0,0,0,0,,0,1,0,0,0,0,1,0,,0,,0,0,0,,0,,0,,,,,,0,,,,,0,,0,,0,,1,0,0,0,0,,,,0,0,0,0,,0,0,0,1,0,0,0,0,0,0,0,0,0,,,0,0,0,0,0,0,1,0,0,,,,,,0,,,,0,0,,,,0,0,0,,0,0,0,0,,0
map#3e586d868b10bda0,,ob2000plt00b.mdl,0,,,,0,-1,,,,,,,,-1,,,,-1,,,,,,,,,,,,,,,,,,,,,,,,,,,,,,,,,,,,,,,,,,,,,,,,,,,,,,-1,,,,,,,,,,,,,,,,,,1,0,0,0,0,,0,0,0,0,0,0,1,0,,0,,1,0,0,,0,,0,,,,,,0,,,,,0,,0,,0,,0,0,0,0,0,,,,0,0,0,0,,0,0,0,0,0,0,0,0,0,0,0,0,0,,,0,0,0,0,0,1,0,0,0,,0,,,,0,,,,0,0,,,0,0,0,0,,0,0,0,0,0,0
map#3f27d0ac44b89494,mp4040.mdl,mp4040.mdl,1,,,,0,,,,,,,,,-1,,,,-1,-1,,,,,,,,,,,,,,,,,,,,,,,-1,,,,,,,,-1,-1,,,,,,,,,,,,,,,,,,,,,,-1,,,,,,,,,,,,,,,,,0,0,0,0,0,,0,0,0,0,0,0,1,0,,0,,1,1,0,,0,,0,,,,,,0,,,,,0,,0,,0,,1,0,0,0,0,,,,0,1,1,0,,0,0,0,0,0,0,0,0,0,0,0,0,0,,,0,0,0,0,0,0,1,0,0,,,,,,0,,,,0,0,,,,0,0,0,,0,0,0,0,,0
map#3f5f5b9c96275f62,,ob_e20_041.mdl,1,,,,1,-1,,,,,,,,-1,,,,,,,,,-1,,,,,,,,,,,,,,,,,,,-1,,,,,,,,-1,,,,,,,,,,,,,,,,,,,,,,,-1,-1,-1,,,,,,-1,,,,,,,,,1,0,0,0,0,,0,0,0,0,0,0,1,0,,0,,0,0,0,,0,,1,,,,,,0,,,,,0,,0,,0,,1,0,0,0,0,,,,0,1,0,0,,0,0,0,0,0,0,0,0,0,0,0,0,0,,,0,0,0,0,0,0,1,1,1,,0,,,,1,,,,0,0,,,0,0,0,0,,0,0,0,0,0,0
map#3fc368879fe6202d,,ob5110obj05.mdl,1,,,,0,,,,,,,,,-1,,,,-1,,,,,-1,,,,,,,,,,-1,,,,,,,,,,,,,,,,-1,,,,,,,,,,,,,,,,,,,,,,,,,,,,,,,,,,,,,,,,,0,0,0,0,0,,0,0,0,0,0,0,1,0,,0,,1,0,0,,0,,1,,,,,,1,,,,,0,,0,,0,,0,0,0,0,0,,,,1,0,0,0,,0,0,0,0,0,0,0,0,0,0,0,0,0,,,0,0,0,0,0,0,0,0,0,,,,,,0,,,,0,0,,,0,0,0,0,,0,0,0,0,,0
map#400c5e8a00ef885b,,ob6012plt03.mdl,0,,,,0,-1,,,,,,,,-1,,,,,,,,,-1,,,,,,,,,,-1,,,,,,,,,,,,,,,,,,,,,,,,,,,,,,,,,,,-1,,,,,-1,-1,,,,,,,,,,,,-1,,,,1,0,0,0,0,,0,0,0,0,0,0,1,0,,0,,0,0,0,,0,,1,,,,,,1,,,,,0,,0,,0,,0,0,0,0,0,,,,0,0,0,0,,0,0,0,0,0,0,0,0,0,0,0,0,0,,,1,0,0,0,0,0,1,1,0,,,,,,0,,,,0,1,,,0,0,0,0,,0,0,0,0,0,0
map#402972fe4175026e,mp2051_01.mdl,mp2051_01.mdl,1,,,,1,,,,,,,,,-1,-1,,,-1,,,,,,,,,,,,,,,,,,,,,,,,-1,,,,,,,,-1,,,,,,,,,,,,,,,,,,,,,,,-1,,,,,,,,-1,,,,-1,,,,,0,0,0,0,0,,0,0,0,0,0,0,1,1,,0,,1,0,0,,0,,0,,,,,,0,,,,,0,,0,,0,,1,0,0,0,0,,,,0,1,0,0,,0,0,0,0,0,0,0,0,0,0,0,0,0,,,0,0,0,0,0,0,1,0,0,,,,,,1,,,,1,0,,,,0,0,2,,0,0,0,0,,0
map#402cbcea1e56736f,mp0051_01.mdl,mp0051_01.mdl,1,,,,1,,,,,,,,,-1,-1,,-1,-1,-1,,,,,,,,,,,,,,,,,,,,-1,,,-1,-1,-1,,,,,,,-1,-1,,,,,,,,,,,,,,,,,,,,,-1,,,,,,,,-1,,,,-1,,,,,0,0,0,0,0,,0,0,0,0,0,0,1,1,,1,,1,1,0,,0,,0,,,,,,0,,,,,0,,1,,0,,1,1,1,0,0,,,,0,0,1,1,,0,0,0,0,0,0,0,0,0,0,0,0,0,,,0,0,0,0,0,0,1,0,0,,,,,,1,,,,1,0,,,,0,0,0,,0,0,0,0,,0
map#40788df0f3ff1bd2,mp2082.mdl,mp2082_01.mdl,1,,,,1,,,,,,,,,-1,-1,,,,,,,,,,,,,,,,,,,,,,,,,,,,,,,,,,,-1,,,,,,,,,,,,,,,,,,,,,,,-1,,,,,,,,-1,,,,-1,,,,,0,0,0,0,0,,0,0,0,0,0,0,1,1,,0,,0,0,0,,0,,0,,,,,,0,,,,,0,,0,,0,,0,0,0,0,0,,,,0,1,0,0,,0,0,0,0,0,0,0,0,0,0,0,0,0,,,0,0,0,0,0,0,1,0,0,,,,,,1,,,,1,0,,,,0,2,2,,0,0,0,0,,0
map#409833572a257185,,mp5010.mdl,1,,,,1,,,,,,,,,-1,,,,,,,,,,,,,,,,,,,,,,,,,,,,-1,,,-1,,,,,-1,-1,,,,,,,,,,,,,,,,,,,,,,-1,,,,,,,,-1,,,,-1,-1,,,,0,0,0,0,0,,0,0,0,0,0,0,1,0,,0,,0,0,0,,0,,0,,,,,,0,,,,,0,,0,,0,,1,0,0,1,0,,,,0,1,1,0,,0,0,0,0,0,0,0,0,0,0,0,0,0,,,0,0,0,0,0,0,1,0,0,,0,,,,1,,,,1,1,,,0,0,0,0,,0,0,0,0,0,0
map#40b6dfc33800937e,mp1010_01.mdl,mp1010_01.mdl,1,,,,1,,,,,,,,,-1,-1,,-1,,,,,,,,,,,,,,,,,,,,,,,,,-1,,,,,,,,-1,,,,,,,,,,,,,,,,,,,,,,,-1,,,,,,,,-1,,,,-1,,,,,0,0,0,0,0,,0,0,0,0,0,0,1,1,,1,,0,0,0,,0,,0,,,,,,0,,,,,0,,0,,0,,1,0,0,0,0,,,,0,1,0,0,,0,0,0,0,0,0,0,0,0,0,0,0,0,,,0,0,0,0,0,0,1,0,0,,,,,,1,,,,1,0,,,,0,0,2,,0,0,0,0,,0
map#40c4a50abd3bb2b1,ob2071hou63.mdl,ob2071hou63.mdl,1,,,,1,,,,,,,,,-1,-1,,-1,,,,,,,,,,,,,,,,,,,,,,,,,-1,-1,-1,,,,,,-1,-1,-1,,,-1,,,,,,,,,,,,,,,,,,-1,,,,,,,,-1,,,,-1,,,,,0,0,0,0,0,,0,0,0,0,0,0,1,1,,1,,0,0,0,,0,,0,,,,,,0,,,,,0,,0,,0,,1,1,1,0,0,,,,0,1,1,1,,0,1,0,0,0,0,0,0,0,0,0,0,0,,,0,0,0,0,0,0,1,0,0,,,,,,1,,,,1,0,,,,0,0,0,,0,0,0,0,,0
map#40c85283596f4461,mp3041_01.mdl,mp3041_01.mdl,1,,,,1,,,,,,,,,-1,,,-1,-1,,,,,,,,,,,,,,,,,,,,,,,,-1,,,,,,,,-1,,,,,,,,,,,,,,,,,,,,,,,-1,,,,,,,,-1,,,,-1,,,,,0,0,0,0,0,,0,0,0,0,0,0,1,0,,1,,1,0,0,,0,,0,,,,,,0,,,,,0,,0,,0,,1,0,0,0,0,,,,0,1,0,0,,0,0,0,0,0,0,0,0,0,0,0,0,0,,,0,0,0,0,0,0,1,0,0,,,,,,1,,,,1,0,,,,0,0,2,,0,0,0,0,,0
map#40db5eceb585497e,ob3010obj95c.mdl,ob3010obj95c.mdl,1,,,,0,-1,,,,,,,,-1,,,,-1,,,,,,,,,,,,,,,,,,,,,,,,,,,,,,,-1,,,,,,,,,,,,,,,,,,,,,,,,,,,,,,,,,,,,,,,,,1,0,0,0,0,,0,0,0,0,0,0,1,0,,0,,1,0,0,,0,,0,,,,,,0,,,,,0,,0,,0,,0,0,0,0,0,,,,1,0,0,0,,0,0,0,0,0,0,0,0,0,0,0,0,0,,,0,0,0,0,0,0,0,0,0,,,,,,0,,,,0,0,,,,0,0,0,,0,0,0,0,,1
map#410cf6b1b4f3a227,ob_e01_011b.mdl,ob3010lig02.mdl,1,,,,0,,,-1,,,,,,-1,,,,,,,,,,,,,,,,,,,,,,,,,,,,,,,,,,,-1,,,,,,,,,,,,,,,,,,,,,,,,,,,,,,,,,,,,,,,,,0,0,1,0,0,,0,0,0,0,0,0,1,0,,0,,0,0,0,,0,,0,,,,,,0,,,,,0,,0,,0,,0,0,0,0,0,,,,1,0,0,0,,0,0,0,0,0,0,0,0,0,0,0,0,0,,,0,0,0,0,0,0,0,0,0,,,,,,0,,,,0,0,,,,0,0,0,,0,0,0,0,,0
map#413151f5affaf05b,ef_obj_d005.mdl,,1,,,,0,,,,,,,,,-1,-1,,,-1,-1,,,,,,,,,,,,,,,,,,,,,,,,,,,,,,-1,,,,,,,,,,,,,,,,,,,,,,,,,,,,,,,,,,,,,,,,,0,0,0,0,0,,0,0,0,0,0,0,1,1,,0,,1,1,0,,0,,0,,,,,,0,,,,,,,0,,0,,0,0,0,0,0,,,,1,0,0,0,,0,0,0,0,0,0,0,0,0,0,0,,,,,0,0,,,,0,0,0,0,0,,,,,0,,,,0,0,,,,,0,0,,0,0,,0,,0
map#41753ffd2ecc9319,,ob5110lig00.mdl,1,,,,1,,,,,,,,,-1,,,,-1,,,,,,-1,,,-1,,,,,,-1,,,,,,,,,-1,,,,,,,,-1,,,,,,,,,,,,,,,,,,,,,,,,,,,,,,,,,,,,-1,,,,0,0,0,0,0,,0,1,0,0,1,0,1,0,,0,,1,0,0,,0,,0,,,,,,1,,,,,0,,0,,0,,1,0,0,0,0,,,,0,1,0,0,,0,0,0,0,0,0,0,0,0,0,0,0,0,,,0,0,0,0,0,0,0,0,0,,0,,,,0,,,,0,1,,,0,0,0,0,,0,0,0,0,0,0
map#41bdc6a5255352b0,mp3010_05.mdl,,1,,,,1,,,,,,,,,-1,,,,,-1,,,,-1,,,,,,,,,,,,,,,,,,,-1,,,-1,,,,,-1,,,,,,,,,,,,,,,,,,,,,,,-1,,,,,,,,-1,,,,,,,,,0,0,0,0,0,,0,0,0,0,0,0,1,0,,0,,0,1,0,,0,,1,,,,,,0,,,,,0,,0,,0,,1,0,0,1,0,,,,0,1,0,0,,0,0,0,0,0,0,0,0,0,0,0,0,0,,,0,0,0,0,0,0,1,0,0,,,,,,1,,,,0,0,,,,0,0,0,,0,0,0,0,,0
map#42085a75c51fbf33,,ob0000sky12.mdl,0,,,,0,,,,,,,,,-1,,,,-1,,,,,,,,,,,,,,,,,,,,,,,,,,,,,,,,,,,,,,,,,,,,,,,-1,,,-1,,,,,,,,,,,,,,,,,,,,,,0,0,0,0,0,,0,0,0,0,0,0,1,0,,0,,1,0,0,,0,,0,,,,,,0,,,,,0,,0,,0,,0,0,0,0,0,,,,0,0,0,0,,0,0,0,0,0,0,0,0,0,0,0,0,1,,,1,0,0,0,0,0,0,0,0,,,,,,0,,,,0,0,,,0,0,0,0,,0,0,0,0,0,0
map#425d9e661b1f3a24,ob_s05_000m.mdl,ob_s05_000m.mdl,0,,,,1,,,,,,,,,-1,-1,,,-1,,,,,,,,,,,,,,,,,,,,,-1,,,-1,-1,,,,,,,-1,-1,,,-1,,,,,,,,,,,,,,,,,,,-1,,,,,,,,-1,,,,-1,-1,,,,0,0,0,0,0,,0,0,0,0,0,0,1,1,,0,,1,0,0,,0,,0,,,,,,0,,,,,0,,1,,0,,1,1,0,0,0,,,,0,1,1,0,,1,0,0,0,0,0,0,0,0,0,0,0,0,,,0,0,0,0,0,0,1,0,0,,,,,,1,,,,1,1,,,,0,0,0,,0,0,0,0,,0
map#43202a42ef0ab896,mp0062.mdl,mp0062.mdl,1,,,,1,,,,,,,,,-1,,,,-1,,,,,,,,,,,,,,,,,,,,,,,,-1,,,,,,,,-1,,,,,,,,,,,,,,,,,,,,,,,-1,,,,,,,,,,,,,,,,,0,0,0,0,0,,0,0,0,0,0,0,1,0,,0,,1,0,0,,0,,0,,,,,,0,,,,,0,,0,,0,,1,0,0,0,0,,,,0,1,0,0,,0,0,0,0,0,0,0,0,0,0,0,0,0,,,0,0,0,0,0,0,1,0,0,,,,,,0,,,,0,0,,,,0,0,0,,0,0,0,0,,0
map#4350b958c8be6841,mp0010_01.mdl,mp0010_01.mdl,1,1,,,1,,,,,,,,,-1,,,,,,,,,,,,,,,,,,,,,,,,,,,,-1,,,,,,,,-1,,,,,,,-1,,,,,,,,,,,,,,,,-1,,,,,,,,-1,,,,,,,,,0,0,0,0,0,,0,0,0,0,0,0,1,0,,0,,0,0,0,,0,,0,,,,,,0,,,,,0,,0,,0,,1,0,0,0,0,,,,0,1,0,0,,0,0,0,1,0,0,0,0,0,0,0,0,0,,,0,0,0,0,0,0,1,0,0,,,,,,1,,,,0,0,,,,0,0,0,,0,0,0,0,,0
map#43f5ec0228f4f508,ob3010plt00.mdl,ob3010plt00.mdl,1,,,,1,-1,,,,,,,,-1,,,,,,,,,-1,,,,,,,,,,,,,,,,,,,,,,,,,,,,,,,,,,,,,,,,,,,,,,,,,,-1,,,,,,,,-1,,,,,,,,,1,0,0,0,0,,0,0,0,0,0,0,1,0,,0,,0,0,0,,0,,1,,,,,,0,,,,,0,,0,,0,,0,0,0,0,0,,,,0,0,0,0,,0,0,0,0,0,0,0,0,0,0,0,0,0,,,0,0,0,0,0,0,1,0,0,,,,,,1,,,,0,0,,,,0,0,0,,0,0,0,0,,0
map#44016d269f981d34,,mp2071_01.mdl,0,,,,1,,,,,,,,,-1,,,,,,,,-1,,,,,,,,,,,,,,,,,,,,-1,,,-1,,,,,,,,,,,,,,,,,,,,,,,,,,,,-1,,,,,,,,,,,,,,,,,0,0,0,0,0,,0,0,0,0,0,0,1,0,,0,,0,0,0,,1,,0,,,,,,0,,,,,0,,0,,0,,1,0,0,1,0,,,,0,0,0,0,,0,0,0,0,0,0,0,0,0,0,0,0,0,,,0,0,0,0,0,0,1,0,0,,0,,,,0,,,,0,0,,,0,0,0,0,,0,0,0,0,0,0
map#442271e3d11b2983,,ob6100lig01.mdl,1,,,,1,,,,,,,,,-1,,,,,,,,,,,,,,,,,,,-1,,,,,,,,,,,,,,,,,-1,,,,,,,,,,,,,,,,,,,,,,,,,,,,,,,,,,,,,,,,0,0,0,0,0,,0,0,0,0,0,0,1,0,,0,,0,0,0,,0,,0,,,,,,1,,,,,0,,0,,0,,0,0,0,0,0,,,,0,1,0,0,,0,0,0,0,0,0,0,0,0,0,0,0,0,,,0,0,0,0,0,0,0,0,0,,,,,,0,,,,0,0,,,0,0,0,2,,0,0,0,0,,0
map#447b6425b2390ced,,equ9010.mdl,1,,,,1,,,,,,,,,-1,-1,,,,-1,,,,,,,,,,,,,,,,,,,,,,,-1,,,-1,,,,,-1,-1,,,,,,,,,,,,,,,,,,,,,,-1,,,,,,,,-1,,,,-1,,,,,0,0,0,0,0,,0,0,0,0,0,0,1,1,,0,,0,1,0,,0,,0,,,,,,0,,,,,0,,0,,0,,1,0,0,1,0,,,,0,1,1,0,,0,0,0,0,0,0,0,0,0,0,0,0,0,,,0,0,0,0,0,0,1,0,0,,,,,,1,,,,1,0,,,,0,0,0,,0,0,0,0,,0
map#448ea9db4f25e61d,ob4044evt04a.mdl,ob4044evt04a.mdl,1,,,,0,,,,,,,,,-1,,,,-1,,,,,,-1,,,-1,,,,,,-1,,,,,,,,,,,,,,,,,,,,,,,,,,,,,,,,,,,,,,,,,,,,,,,,,,,,,,,,,0,0,0,0,0,,0,1,0,0,1,0,1,0,,0,,1,0,0,,0,,0,,,,,,1,,,,,0,,0,,0,,0,0,0,0,0,,,,0,0,0,0,,0,0,0,0,0,0,0,0,0,0,0,0,0,,,0,0,0,0,0,0,0,0,0,,,,,,0,,,,0,0,,,,0,0,0,,0,0,0,0,,0
map#44bc5e41e0438455,,ob8000obj04b.mdl,1,,,,0,-1,,,,,,,,-1,,,,,,,,,,,,,,,,,,,,,,,,,,,,,,,,,,,,,,,,,,,,,,,,,,,,,,,,,,,,,,,,,,,,,,,,-1,,,,1,0,0,0,0,,0,0,0,0,0,0,1,0,,0,,0,0,0,,0,,0,,,,,,0,,,,,0,,0,,0,,0,0,0,0,0,,,,0,0,0,0,,0,0,0,0,0,0,0,0,0,0,0,0,0,,,0,0,0,0,0,0,0,0,0,,0,,,,0,,,,0,1,,,0,0,0,0,,0,0,0,0,0,0
map#44fbaaad597446a3,,ef_obj_o021.mdl,1,,,,0,-1,,,,,,,,-1,,,,,,,,,,-1,,,-1,,,,,,,,,,,,,,,,,,,,,,,-1,,,,,,,,,,,,,,,,,,,,,,,-1,,,,,,,,,,,,,-1,,,,1,0,0,0,0,,0,1,0,0,1,0,1,0,,0,,0,0,0,,0,,0,,,,,,0,,,,,0,,0,,0,,0,0,0,0,0,,,,0,1,0,0,,0,0,0,0,0,0,0,0,0,0,0,0,0,,,0,0,0,0,0,0,1,0,0,,,,,,0,,,,0,1,,,,0,3,0,,0,0,0,0,,0
map#44fc1ac4575bf611,ob4010kmo01.mdl,ob4010kmo01.mdl,0,,,,0,,,,,,,,,-1,,,,,,,,,,,,,,,,,,,,,,,,,,,,-1,,,-1,,,,,-1,,,,,,,,,,,,,,,,,,,,,,,-1,,,,,,,,,,,,,,,,,0,0,0,0,0,,0,0,0,0,0,0,1,0,,0,,0,0,0,,0,,0,,,,,,0,,,,,0,,0,,0,,1,0,0,1,0,,,,0,1,0,0,,0,0,0,0,0,0,0,0,0,0,0,0,0,,,0,0,0,0,0,0,1,0,0,,,,,,0,,,,0,0,,,,0,0,0,,0,0,0,0,,0
map#45a28aa2fc445c20,,mp0010.mdl,0,1,1,,1,,,,,,,,,-1,-1,,,-1,,,,,,,,,,,,,,,,,,,,,,,,-1,,,,,,,,-1,,,,,,,-1,,-1,,,,,,,,,,,,,,-1,,,,,,,,-1,,,,-1,,,,,0,0,0,0,0,,0,0,0,0,0,0,1,1,,0,,1,0,0,,0,,0,,,,,,0,,,,,0,,0,,0,,1,0,0,0,0,,,,0,1,0,0,,0,0,0,1,0,1,0,0,0,0,0,0,0,,,0,0,0,0,0,0,1,0,0,,0,,,,1,,,,1,0,,,0,0,2,0,,0,0,0,0,0,0
map#46052a188da373fc,,ob5110evt01.mdl,1,,,,0,,,,,,,,,-1,,,,,,,,,,-1,,,-1,,,,,,-1,,,,,,,,,,,,,,,,,,,,,,,,,,,,,,,,,,,,,,,,,,,,,,,,,,,,,,,,,0,0,0,0,0,,0,1,0,0,1,0,1,0,,0,,0,0,0,,0,,0,,,,,,1,,,,,0,,0,,0,,0,0,0,0,0,,,,0,0,0,0,,0,0,0,0,0,0,0,0,0,0,0,0,0,,,0,0,0,0,0,0,0,0,0,,,,,,0,,,,0,0,,,,0,0,0,,0,0,0,0,,0
map#460ef58cbd426601,ob0061hou01.mdl,ob0061hou01.mdl,1,,,,1,-1,,,,,,,,-1,,,,,,,,,-1,,,,,,,,,,,,,,,,,,,-1,,,,,,,,-1,,,,,,,,,,,,,,,,,,,,,,,,,,,,,,,-1,,,,,-1,,,,1,0,0,0,0,,0,0,0,0,0,0,1,0,,0,,0,0,0,,0,,1,,,,,,0,,,,,0,,0,,0,,1,0,0,0,0,,,,0,1,0,0,,0,0,0,0,0,0,0,0,0,0,0,0,0,,,0,0,0,0,0,0,0,0,0,,,,,,1,,,,0,1,,,,0,0,2,,0,0,0,0,,0
map#463c9b937040f2bb,mp0010_06.mdl,,1,,,,0,,,,,,,,,-1,,,,,,,,,,,,,,,,,,,-1,,,,,,,,,-1,,,,,,,,,,,,,,,,,,,,,,,,,,,,,,,-1,,,,,,,,,,,,,,,,,0,0,0,0,0,,0,0,0,0,0,0,1,0,,0,,0,0,0,,0,,0,,,,,,1,,,,,0,,0,,0,,1,0,0,0,0,,,,0,0,0,0,,0,0,0,0,0,0,0,0,0,0,0,0,0,,,0,0,0,0,0,0,1,0,0,,,,,,0,,,,0,0,,,,0,0,0,,0,0,0,0,,0
map#4640e21d93cc5c3d,mp1010.mdl,,1,,,,1,,,,,,,,,-1,-1,,,,,-1,,,,,,,,,,,,,,,,,,,,,,-1,,,,,,,,-1,,,,,,,,,,,,,,,,,,,,,,,-1,,,,,,,,-1,,,,-1,,,,,0,0,0,0,0,,0,0,0,0,0,0,1,1,,0,,0,0,1,,0,,0,,,,,,0,,,,,0,,0,,0,,1,0,0,0,0,,,,0,1,0,0,,0,0,0,0,0,0,0,0,0,0,0,0,0,,,0,0,0,0,0,0,1,0,0,,,,,,1,,,,1,0,,,,0,0,2,,0,0,0,0,,0
map#46a535eda1d95d49,,mp5400_l1.mdl,1,,,,1,,,,,,,,,-1,-1,,,,,,,,,,,,,,,,,,,,,,,,,,,-1,-1,,-1,,,,,-1,-1,,,,,,,,,,,,,,,,,,,,,,-1,,,,,,,,-1,,,,-1,,,,,0,0,0,0,0,,0,0,0,0,0,0,1,1,,0,,0,0,0,,0,,0,,,,,,0,,,,,0,,0,,0,,1,1,0,1,0,,,,0,1,1,0,,0,0,0,0,0,0,0,0,0,0,0,0,0,,,0,0,0,0,0,0,1,0,0,,,,,,1,,,,1,0,,,,0,0,0,,0,0,0,0,,0
map#46ae12724d3c3643,ob0000plt13.mdl,ob0000plt13.mdl,0,,,,0,-1,,,,,,,,-1,,,,,,,,,,,,,,,,,,,,,,,,,,,,-1,,,,,,,,-1,,,,,,,,,,,,,,,,,,,,,,,-1,,,,,,,,,,,,,,,,,1,0,0,0,0,,0,0,0,0,0,0,1,0,,0,,0,0,0,,0,,0,,,,,,0,,,,,0,,0,,0,,1,0,0,0,0,,,,0,1,0,0,,0,0,0,0,0,0,0,0,0,0,0,0,,,,0,0,,,,0,1,0,0,,,,,,0,,,,0,0,,,,0,0,0,,0,0,0,0,,0
map#46ec302a193f8769,,ob2051plt00.mdl,0,,,,1,-1,,,,,,,,-1,,,,,,,,,-1,,-1,,,,,,,,,,,,,,,,,-1,,,,,,,,-1,,,,,,,,,,,,,,,,,,-1,,,,,-1,-1,,,,,,,,,,,,-1,,,,1,0,0,0,0,,0,0,1,0,0,0,1,0,,0,,0,0,0,,0,,1,,,,,,0,,,,,0,,0,,0,,1,0,0,0,0,,,,0,1,0,0,,0,0,0,0,0,0,0,0,0,0,0,0,0,,,1,0,0,0,0,0,1,1,0,,0,,,,0,,,,0,1,,,0,0,0,0,,0,0,0,0,0,0
map#46ed8c43567fb7d8,ob0061hou00.mdl,ob0061hou00.mdl,0,,,,1,,,,,,,,,-1,-1,,-1,,,,,,,,,,,,,,,,,,,,,,,,,-1,-1,,,,,,,,-1,,,,,,,,,,,,,,,,,,,,,,-1,,,,,,,,-1,,,,-1,,,,,0,0,0,0,0,,0,0,0,0,0,0,1,1,,1,,0,0,0,,0,,0,,,,,,0,,,,,0,,0,,0,,1,1,0,0,0,,,,0,0,1,0,,0,0,0,0,0,0,0,0,0,0,0,0,0,,,0,0,0,0,0,0,1,0,0,,,,,,1,,,,1,0,,,,0,0,2,,0,0,0,0,,0
map#46fa18140b2f1234,ob0061hou02.mdl,ob0061hou02.mdl,1,,,,1,-1,,,,,,,,-1,,,,,,,,,-1,,,,,,,,,,,,,,,,,,,-1,,,,,,,,-1,,,,,,,,,,,,,,,,,,,,,,,,,,,,,,,-1,,,,,-1,,,,1,0,0,0,0,,0,0,0,0,0,0,1,0,,0,,0,0,0,,0,,1,,,,,,0,,,,,0,,0,,0,,1,0,0,0,0,,,,0,1,0,0,,0,0,0,0,0,0,0,0,0,0,0,0,0,,,0,0,0,0,0,0,0,0,0,,,,,,1,,,,0,1,,,,0,0,0,,0,0,0,0,,0
map#46fd73ef32412d23,ob0061plt02.mdl,ob0061plt02.mdl,1,,,,1,-1,,,,,,,,-1,,,,,,,,,-1,,,,,,,,,,,,,,,,,,,-1,,,,,,,,-1,,,,,,,,,,,,,,,,,,,,,,,-1,-1,,,,,,,-1,,,,,,,,,1,0,0,0,0,,0,0,0,0,0,0,1,0,,0,,0,0,0,,0,,1,,,,,,0,,,,,0,,0,,0,,1,0,0,0,0,,,,0,1,0,0,,0,0,0,0,0,0,0,0,0,0,0,0,0,,,0,0,0,0,0,0,1,1,0,,,,,,1,,,,0,0,,,,0,0,0,,0,0,0,0,,0
map#47783f9ee622055f,ob1010hou20.mdl,ob1010hou20.mdl,1,,,,0,,,,,,,,,-1,-1,,-1,,,-1,,,,,,,,,,,,,,,,,,,,,,-1,,,,,,,,-1,,,,,,,,,,,,,,,,,,,,,,,-1,,,,,,,,-1,,,,-1,,,,,0,0,0,0,0,,0,0,0,0,0,0,1,1,,1,,0,0,1,,0,,0,,,,,,0,,,,,0,,0,,0,,1,0,0,0,0,,,,0,1,0,0,,0,0,0,0,0,0,0,0,0,0,0,0,,,,0,0,,,,0,1,0,0,,,,,,1,,,,1,0,,,,0,0,2,,0,0,0,0,,0
map#47ae6b387e0d6720,mp0051_01.mdl,mp0051_01.mdl,1,,,,1,,,,,,,,,-1,-1,,,,,,,,,,,,,,,,,,,,,,,,,,,-1,,,-1,,,,,-1,,,,,,,,,,,,,,,,,,,,,,,-1,,,,,,,,-1,,,,-1,,,,,0,0,0,0,0,,0,0,0,0,0,0,1,1,,0,,0,0,0,,0,,0,,,,,,0,,,,,0,,0,,0,,1,0,0,1,0,,,,0,1,0,0,,0,0,0,0,0,0,0,0,0,0,0,0,0,,,0,0,0,0,0,0,1,0,0,,,,,,1,,,,1,0,,,,0,0,0,,0,0,0,0,,0
map#4824b2d9cdf662ee,,ef_obj_o017.mdl,0,,,,1,,,,,,,,,-1,-1,,,,-1,,,,,,,,,,,,,,,,,,,,-1,,,-1,,,,,,,,-1,,,,,,,,,,,,,,,,,,,,,,,-1,,,,,,,,-1,,,,,,,,,0,0,0,0,0,,0,0,0,0,0,0,1,1,,0,,0,1,0,,0,,0,,,,,,0,,,,,0,,1,,0,,1,0,0,0,0,,,,0,1,0,0,,0,0,0,0,0,0,0,0,0,0,0,0,0,,,0,0,0,0,0,0,1,0,0,,,,,,1,,,,0,0,,,,0,0,0,,0,0,0,0,,0
map#482815df65cb65f9,ob0000plt21.mdl,ob0000plt21.mdl,1,,1,,1,,,,,,,,,-1,-1,,,-1,,,,,,,,,,,,,,,,,,,,,,,,-1,-1,,,,,,,-1,-1,,,,,,,,-1,,-1,,,,,,,,,,,,-1,,,,,,,,-1,,,,,,,,,0,0,0,0,0,,0,0,0,0,0,0,1,1,,0,,1,0,0,,0,,0,,,,,,0,,,,,0,,0,,0,,1,1,0,0,0,,,,0,1,1,0,,0,0,0,0,0,1,0,1,0,0,0,0,0,,,0,0,0,0,0,0,1,0,0,,,,,,1,,,,0,0,,,,0,0,0,,0,0,0,0,,0
map#496eed8ab90c8053,,mp5110_20.mdl,1,,,,1,,,,,,,,,-1,-1,,,-1,,,,,,-1,,,-1,,,,,,-1,,,,-1,,,,,,-1,,-1,,,,,,-1,,,,-1,,,,,,,,,,,,,,,,,,-1,,,,,,,,-1,,,,-1,,,,,0,0,0,0,0,,0,1,0,0,1,0,1,1,,0,,1,0,0,,0,,0,,,,,,1,,,,,1,,0,,0,,0,1,0,1,0,,,,0,0,1,0,,0,1,0,0,0,0,0,0,0,0,0,0,0,,,0,0,0,0,0,0,1,0,0,,0,,,,1,,,,1,0,,,0,0,0,0,,0,0,0,0,0,0
map#4972b9c8faca0fcd,mp0010_01.mdl,a0305.mdl,1,,,,0,,,,,,,,,,,,,,,,,,,,,,,,,,,,,,,,,,,,,,,,,,,,,,,,,,,,,,,,,,,,,,,,,,,-1,-1,,,,,,,,,,,,,,,,,0,0,0,0,0,,0,0,0,0,0,0,0,0,,0,,0,0,0,,0,,0,,,,,,0,,,,,0,,0,,0,,0,0,0,0,0,,,,0,0,0,0,,0,0,0,0,0,0,0,0,0,0,0,0,0,,,0,0,0,0,0,1,1,0,0,,,,,,0,,,,0,0,,,,0,0,0,,0,0,0,0,,0
map#498c9fa776a58429,ob0000rok00b.mdl,ob0000rok13e.mdl,1,,,,1,,,,,,,,,-1,-1,,-1,,,,,,,,,,,,,,,,,,,,,,-1,,,-1,-1,-1,,,,,,-1,-1,-1,,,,,,-1,,,,,-1,,,,,,-1,-1,-1,,-1,,,,,,,,-1,,,,-1,-1,,,,0,0,0,0,0,,0,0,0,0,0,0,1,1,,1,,0,0,0,,0,,0,,,,,,0,,,,,0,,1,,0,,1,1,1,0,0,,,,0,1,1,1,,0,0,0,0,1,0,0,0,0,0,1,0,0,,,0,0,1,1,1,0,1,0,0,,,,,,1,,,,1,1,,,,0,0,0,,0,0,0,0,,0
map#498dd04c6bc6b4d7,,ob6200plt00.mdl,1,,,,0,-1,,,,,,,,-1,,,,,,,,,,,,,,,,,,,,,,,,,,,,,,,,,,,,-1,,,,,,,,,,,,,,,,,,,,,,,-1,-1,-1,,,,,,,,,,,,,,,1,0,0,0,0,,0,0,0,0,0,0,1,0,,0,,0,0,0,,0,,0,,,,,,0,,,,,0,,0,,0,,0,0,0,0,0,,,,0,1,0,0,,0,0,0,0,0,0,0,0,0,0,0,0,0,,,0,0,0,0,0,0,1,1,1,,,,,,0,,,,0,0,,,,0,0,0,,0,0,0,0,,0
map#49efc68e9cd5fb09,mp2071_01.mdl,mp2071_01.mdl,1,,,,1,,,,,,,,,-1,,,,,,,,-1,,,,,,,,,,,,,,,,,,,,,,,-1,,,,,,,,,,,,,,,,,,,,,,,,,,,,-1,,,,,,,,-1,,,,,,,,,0,0,0,0,0,,0,0,0,0,0,0,1,0,,0,,0,0,0,,1,,0,,,,,,0,,,,,0,,0,,0,,0,0,0,1,0,,,,0,0,0,0,,0,0,0,0,0,0,0,0,0,0,0,0,0,,,0,0,0,0,0,0,1,0,0,,,,,,1,,,,0,0,,,,0,0,0,,0,0,0,0,,0
map#4a0bf3488a98d44c,,ob_e21_011.mdl,0,,,,1,,,,,,,,,-1,,,,-1,,,,,,,,,,,,,,,,,,,,,,,,,,,,,,,,,,,,,,,,,,,,,,,,,,,,,,,-1,,,,,,,,-1,,,,,,,,,0,0,0,0,0,,0,0,0,0,0,0,1,0,,0,,1,0,0,,0,,0,,,,,,0,,,,,0,,0,,0,,0,0,0,0,0,,,,0,0,0,0,,0,0,0,0,0,0,0,0,0,0,0,0,0,,,0,0,0,0,0,0,1,0,0,,0,,,,1,,,,0,0,,,0,0,0,0,,0,0,0,0,0,0
map#4a42fd156298110d,,mp1051.mdl,1,,,,0,,,,,,,,-1,-1,,,,,,,,,,,,,,,,,,,,,,,,,,,,,,,,,,,-1,,,,,,,,,,,,,,,,,,,,,,,,,,,,,,,,,,,,,,,,,0,0,0,0,0,,0,0,0,0,0,1,1,0,,0,,0,0,0,,0,,0,,,,,,0,,,,,0,,0,,0,,0,0,0,0,0,,,,1,0,0,0,,0,0,0,0,0,0,0,0,0,0,0,0,0,,,0,0,0,0,0,0,0,0,0,,0,,,,0,,,,0,0,,,0,0,0,0,,0,0,0,0,0,0
map#4a467d551ebb1bfe,mp0030.mdl,,0,,1,,1,,,,,,,,,-1,-1,,,-1,,,,,,-1,,,,,,,,,,,,,,,,,,-1,,,,,,,,-1,,,,,,,,,-1,,,,,,,,,,,,,,-1,,,,,,,,-1,,,,-1,,,,,0,0,0,0,0,,0,1,0,0,0,0,1,1,,0,,1,0,0,,0,,0,,,,,,0,,,,,0,,0,,0,,1,0,0,0,0,,,,0,1,0,0,,0,0,0,0,0,1,0,0,0,0,0,0,0,,,0,0,0,0,0,0,1,0,0,,,,,,1,,,,1,0,,,,0,2,0,,0,0,0,0,,0
map#4a4c9de54be44210,a0399.mdl,a0399.mdl,0,,,,0,,,,,,,,,,,,,,,,,,,,,,,,,,,,,,,,,,,,,,,,,,,,,,,,,,,,,,,,,,,-1,,,,,,,,,,,,,,,,,,,,,-1,,,,,0,0,0,0,0,,0,0,0,0,0,0,0,0,,0,,0,0,0,,0,,0,,,,,,0,,,,,0,,0,,0,,0,0,0,0,0,,,,0,0,0,0,,0,0,0,0,0,0,0,0,0,0,0,1,0,,,0,0,0,0,0,0,0,0,0,,,,,,0,,,,1,0,,,,0,0,0,,0,0,0,0,,0
map#4a9267904e5b69c2,,mp6013.mdl,0,,1,,1,,,,,,,,,-1,-1,,-1,,-1,-1,,,,,,,,,,,,,,,,,,,-1,,,-1,-1,,,,,,,-1,-1,-1,,,-1,,,,-1,,,,,,,,,,,,,,-1,,,,,,,,-1,,,,-1,,,,,0,0,0,0,0,,0,0,0,0,0,0,1,1,,1,,0,1,1,,0,,0,,,,,,0,,,,,0,,1,,0,,1,1,0,0,0,,,,0,1,1,1,,0,1,0,0,0,1,0,0,0,0,0,0,0,,,0,0,0,0,0,0,1,0,0,,0,,,,1,,,,1,0,,,0,0,0,2,,0,0,0,0,0,0
map#4af5013448caabad,,ef_obj_o011.mdl,0,,,,1,,,,,,,,,-1,-1,,,,-1,,,,,,,,,,,,,,,,,,,,-1,,,-1,,,,,,,,-1,,,,,,,,,,,,,,,,,,,,,,,-1,,,,,,,,-1,,,,,-1,,,,0,0,0,0,0,,0,0,0,0,0,0,1,1,,0,,0,1,0,,0,,0,,,,,,0,,,,,0,,1,,0,,1,0,0,0,0,,,,0,1,0,0,,0,0,0,0,0,0,0,0,0,0,0,0,0,,,0,0,0,0,0,0,1,0,0,,,,,,1,,,,0,1,,,0,0,0,0,,0,0,0,0,0,0
map#4afcee7b172c40f8,,ob5500evt00.mdl,0,,,,1,,,,,,,,,-1,,,,,,,,-1,,,,,,,,,,,-1,,,,-1,,,,,-1,,,-1,,,,,-1,,,,-1,,,,,,,,,,,,,,,,,,,-1,,,,,,,,-1,,,,,,,,,0,0,0,0,0,,0,0,0,0,0,0,1,0,,0,,0,0,0,,1,,0,,,,,,1,,,,,1,,0,,0,,1,0,0,1,0,,,,0,1,0,0,,1,0,0,0,0,0,0,0,0,0,0,0,0,,,0,0,0,0,0,0,1,0,0,,0,,,,1,,,,0,0,,,0,0,0,0,,0,0,0,0,0,0
map#4b3d0c9a0c5fdbca,,ef_obj_a001.mdl,1,,,,0,,,,,,,,,-1,,,,-1,,,,,,,,,,,,,,,,,,,,,,,,-1,,,,,,,,-1,,,,,,,,,,,,,,,,,,,,,,,,,,,,,,,-1,,,,,-1,,,,0,0,0,0,0,,0,0,0,0,0,0,1,0,,0,,1,0,0,,0,,0,,,,,,0,,,,,0,,0,,0,,1,0,0,0,0,,,,0,1,0,0,,0,0,0,0,0,0,0,0,0,0,0,0,0,,,0,0,0,0,0,0,0,0,0,,0,,,,1,,,,0,1,,,0,0,0,0,,0,0,0,0,0,0
map#4b579f11c4cb3678,,ef_obj_a404.mdl,1,,,,1,,,,,,,-1,,-1,,,,,,,,,,,,,,,,,,,,,,,,,,,,,,,,,,,,,,,,,,,,,,,,,,,,,,,,,,,,,,,,,,,,,,,,,,,,0,0,0,0,0,,1,0,0,0,0,0,1,0,,0,,0,0,0,,0,,0,,,,,,0,,,,,0,,0,,0,,0,0,0,0,0,,,,0,0,0,0,,0,0,0,0,0,0,0,0,0,0,0,0,0,,,0,0,0,0,0,0,0,0,0,,0,,,,0,,,,0,0,,,0,0,0,0,,0,0,0,0,0,0
map#4bb624a2e3b521a4,ef_obj_x007.mdl,,1,,,,0,,,,,,,,,-1,,,,-1,,,,,,,,,,,,,,,,,,,,,,,,,,,-1,,,,,-1,,,,,-1,,,,,,,,,,,,,,,,,,,,,,,,,,-1,,,,,,,,,0,0,0,0,0,,0,0,0,0,0,0,1,0,,0,,1,0,0,,0,,0,,,,,,0,,,,,,,0,,0,,0,0,0,1,0,,,,0,1,0,0,,0,1,0,0,0,0,0,0,0,0,0,,,,,0,0,,,,0,0,0,0,0,,,,,1,,,,0,0,,,,,0,0,,0,0,,0,,0
map#4bb6a6760b1aac0b,ob0042kag04.mdl,ob0042kag04.mdl,1,,,,0,,,,,,,,,-1,,,,,,,,,,,,,,,,,,,,,,,,,,,,-1,,,-1,,,,,,,,,,,,,,,,,,,,,,,,,,,,-1,,,,,,,,,,,,,,,,,0,0,0,0,0,,0,0,0,0,0,0,1,0,,0,,0,0,0,,0,,0,,,,,,0,,,,,0,,0,,0,,1,0,0,1,0,,,,0,0,0,0,,0,0,0,0,0,0,0,0,0,0,0,0,0,,,0,0,0,0,0,0,1,0,0,,,,,,0,,,,0,0,,,,0,0,0,,0,0,0,0,,0
map#4bd17832da5fafc4,,ob0054obj62.mdl,1,,,,1,,,,,,,,,-1,,,,,,,,,,,,,,,,,,,-1,,,,,,,,,-1,,,-1,,,,,-1,,,,-1,,,,,,,,,,,,,,,,,,,-1,,,,,,,,-1,,,,,,,,,0,0,0,0,0,,0,0,0,0,0,0,1,0,,0,,0,0,0,,0,,0,,,,,,1,,,,,0,,0,,0,,1,0,0,1,0,,,,0,1,0,0,,1,0,0,0,0,0,0,0,0,0,0,0,0,,,0,0,0,0,0,0,1,0,0,,0,,,,1,,,,0,0,,,0,0,0,0,,0,0,0,0,0,0
map#4c4598b5957be9be,mp2051.mdl,mp2051.mdl,0,,1,1,1,,,,,,,,,-1,-1,,-1,-1,,,,,,,,,,,,,,,,,,,,,-1,,,-1,-1,-1,,,,,,-1,-1,-1,,-1,,,,,-1,,,-1,,,,,,,,,,,-1,,,,,,,,-1,,,,-1,-1,,,,0,0,0,0,0,,0,0,0,0,0,0,1,1,,1,,1,0,0,,0,,0,,,,,,0,,,,,0,,1,,0,,1,1,1,0,0,,,,0,1,1,1,,1,0,0,0,0,1,0,0,1,0,0,0,0,,,0,0,0,0,0,0,1,0,0,,,,,,1,,,,1,1,,,,0,0,0,,0,0,0,0,,0
map#4c4797d851d40e13,,a1214.mdl,1,,1,1,1,,,,,,,,,-1,-1,,-1,,,,,,,,,,,,,,,,,,,,,,,,,-1,,,,,,,,-1,,-1,,-1,,,,,-1,,-1,-1,,,,,,,,,,,-1,,,,,,,,-1,,,,-1,,,,,0,0,0,0,0,,0,0,0,0,0,0,1,1,,1,,0,0,0,,0,,0,,,,,,0,,,,,0,,0,,0,,1,0,0,0,0,,,,0,1,0,1,,1,0,0,0,0,1,0,1,1,0,0,0,0,,,0,0,0,0,0,0,1,0,0,,,,,,1,,,,1,0,,,,0,2,0,,0,0,0,0,,0
map#4c8f239cb2a69d5a,ef_obj_z055.mdl,mp2000.mdl,1,,,,0,,,,,,,,,-1,,,,,,,,,,,,,,,,,,,,,,,,,,,,,,,,,,,,-1,,,,,,,,,,,,,,,,,,,,,,,,,,,,,,,-1,,,,,,,,,0,0,0,0,0,,0,0,0,0,0,0,1,0,,0,,0,0,0,,0,,0,,,,,,0,,,,,,,0,,0,,0,0,0,0,0,,,,0,1,0,0,,0,0,0,0,0,0,0,0,0,0,0,,,,,0,0,,,,0,0,0,0,0,,,,,1,,,,0,0,,,,,0,0,,0,0,,0,,0
map#4ce0d97e2eb67352,ob0000rok04_l1.mdl,ob0000rok04_l1.mdl,1,0,2,1,1,,,,,,,,,-1,-1,,-1,-1,-1,,,,,,,,,,,,,,,,,,,,-1,,,-1,-1,-1,,,,,,-1,-1,-1,,,,,-1,,-1,,,-1,,,,,,,,,,,-1,,,,,,,,-1,,,,,,,,,0,0,0,0,0,,0,0,0,0,0,0,1,1,,1,,1,1,0,,0,,0,,,,,,0,,,,,0,,1,,0,,1,1,1,0,0,,,,0,1,1,1,,0,0,0,1,0,1,0,0,1,0,0,0,,,,0,0,,,,0,1,0,0,,,,,,1,,,,0,0,,,,0,0,0,,0,0,0,0,,0
map#4d07c52c78ee0c99,,ob0054obj01.mdl,1,,,,1,,,,,,,,,-1,-1,,,,,,,,,-1,,,,,,,,,-1,,,,-1,,,,,-1,-1,,,,,,,,-1,,,-1,-1,,,,,,,,,,,,,,,,,,-1,,,,,,,,-1,,,,-1,,,,,0,0,0,0,0,,0,1,0,0,0,0,1,1,,0,,0,0,0,,0,,0,,,,,,1,,,,,1,,0,,0,,1,1,0,0,0,,,,0,0,1,0,,1,1,0,0,0,0,0,0,0,0,0,0,0,,,0,0,0,0,0,0,1,0,0,,0,,,,1,,,,1,0,,,0,0,0,0,,0,0,0,0,0,0
map#4d0ede87b5927aeb,,ob8500hou52.mdl,0,,,,1,,,,,,,-1,,-1,,,,,,,,-1,,,,,,,,,,,-1,,,,,,,,,-1,,,,,,,,-1,,,,,,,,,,,,,,,,,,,,,,,,,,,,,,,-1,,,,,,,,,0,0,0,0,0,,1,0,0,0,0,0,1,0,,0,,0,0,0,,1,,0,,,,,,1,,,,,0,,0,,0,,1,0,0,0,0,,,,0,1,0,0,,0,0,0,0,0,0,0,0,0,0,0,0,0,,,0,0,0,0,0,0,0,0,0,,0,,,,1,,,,0,0,,,0,0,0,0,,0,0,0,0,0,0
map#4d174b1f3d269e60,ef_obj_q002.mdl,ef_obj_q002.mdl,0,,,,0,-1,,,,,,,,-1,,,,-1,,,,,-1,,,,,,,,,,,,,,,,,,,,,,,,,,,,,,,,,,,,,,,,,,,,,,,,,,-1,,,,,,,,,,,,,-1,,,,1,0,0,0,0,,0,0,0,0,0,0,1,0,,0,,1,0,0,,0,,1,,,,,,0,,,,,,,0,,0,,0,0,0,0,0,,,,0,0,0,0,,0,0,0,0,0,0,0,0,0,0,0,,,,,0,0,,,,0,1,0,0,0,,,,,0,,,,0,1,,,,,0,0,,0,0,,0,,0
map#4d292828d2a30dfa,mp0062_l1.mdl,mp0062_l1.mdl,1,,,,1,,,,,,,,,-1,,,,,,,,,,,,,,,,,,,,,,,,,,,,-1,,,,,,,,,,,,,,,,,,,,,,,,,,,,,,,,,,,,,,,,,,,,,,,,0,0,0,0,0,,0,0,0,0,0,0,1,0,,0,,0,0,0,,0,,0,,,,,,0,,,,,0,,0,,0,,1,0,0,0,0,,,,0,0,0,0,,0,0,0,0,0,0,0,0,0,0,0,0,,,,0,0,,,,0,0,0,0,,,,,,0,,,,0,0,,,,0,0,0,,0,0,0,0,,0
map#4d8de8e2076da16f,ob1010hou00.mdl,,1,,,,1,,,,,,,,,-1,,,-1,,,,,,,,,,,,,,,,,,,,,,,,,-1,,,-1,,,,,-1,,,,,,,,,,,,,,,,,,,,,,,-1,,,,,,,,-1,,,,-1,,,,,0,0,0,0,0,,0,0,0,0,0,0,1,0,,1,,0,0,0,,0,,0,,,,,,0,,,,,0,,0,,0,,1,0,0,1,0,,,,0,1,0,0,,0,0,0,0,0,0,0,0,0,0,0,0,0,,,0,0,0,0,0,0,1,0,0,,,,,,1,,,,1,0,,,,0,2,2,,0,0,0,0,,0
map#4df9c49eeacc14ef,,ob0010hou04.mdl,0,1,,,1,,,,,,,,,-1,-1,,,-1,,,,-1,,,,,,,,,,,,,,,,,,,,-1,,,,,,,,-1,,,,,,,-1,,,,,,,,,,,,,,,,-1,,,,,,,,-1,,,,,,,,,0,0,0,0,0,,0,0,0,0,0,0,1,1,,0,,1,0,0,,1,,0,,,,,,0,,,,,0,,0,,0,,1,0,0,0,0,,,,0,1,0,0,,0,0,0,1,0,0,0,0,0,0,0,0,0,,,0,0,0,0,0,0,1,0,0,,,,,,1,,,,0,0,,,0,0,2,0,,0,0,0,0,0,0
map#4e4cb4bbca4fca40,ob8000obj21.mdl,ob8000obj23.mdl,1,,,,0,,,,,,,,-1,-1,-1,,-1,,,,,,,,,,,,,,,,,,,,,,-1,,,,,,,,,,,-1,-1,-1,,-1,-1,-1,,,,,,,,,,,,,,,,,,,,,,,,,,,,,-1,,,,,0,0,0,0,0,,0,0,0,0,0,1,1,1,,1,,0,0,0,,0,,0,,,,,,0,,,,,0,,1,,0,,0,0,0,0,0,,,,0,1,1,1,,1,1,1,0,0,0,0,0,0,0,0,0,0,,,0,0,0,0,0,0,0,0,0,,,,,,0,,,,1,0,,,,0,0,0,,0,0,0,0,,0
map#4e6c1cbf072b7446,ef_obj_n007.mdl,ef_obj_o024.mdl,1,,,,1,,,,,,,,,-1,,,,,,,,,,,,,,,,,,,,,,,,,,,,-1,,,-1,,,,,-1,,,,,,,,,,,,,,,,,,,,,,,-1,,,,,,,,-1,,,,,-1,,,,0,0,0,0,0,,0,0,0,0,0,0,1,0,,0,,0,0,0,,0,,0,,,,,,0,,,,,,,0,,0,,1,0,0,1,0,,,,0,1,0,0,,0,0,0,0,0,0,0,0,0,0,0,,,,,0,0,,,,0,1,0,0,0,,,,,1,,,,0,1,,,,,0,0,,0,0,,0,,0
map#4ea710e89b4a9735,ef_obj_n009.mdl,mp1010_02.mdl,0,,,,1,,,,,,,,,-1,,,,,,,,,,,,,,,,,,,,,,,,,,,,-1,,,,,,,,-1,,,,,,,,,,,,,,,,,,,,,,,-1,,,,,,,,-1,,,,,,,,,0,0,0,0,0,,0,0,0,0,0,0,1,0,,0,,0,0,0,,0,,0,,,,,,0,,,,,,,0,,0,,1,0,0,0,0,,,,0,1,0,0,,0,0,0,0,0,0,0,0,0,0,0,,,,,0,0,,,,0,1,0,0,0,,,,,1,,,,0,0,,,,,0,2,,0,0,,0,,0
map#4eb042a4d90e367a,mp2051_03.mdl,mp2051_03.mdl,1,,,,1,,,,,,,,,-1,,,,-1,,,,,,,,,,,,,,,,,,,,,,,,-1,,,,,,,,-1,,,,,,,,,,,,,,,,,,,,,,,-1,,,,,,,,-1,,,,-1,,,,,0,0,0,0,0,,0,0,0,0,0,0,1,0,,0,,1,0,0,,0,,0,,,,,,0,,,,,0,,0,,0,,1,0,0,0,0,,,,0,1,0,0,,0,0,0,0,0,0,0,0,0,0,0,0,0,,,0,0,0,0,0,0,1,0,0,,,,,,1,,,,1,0,,,,0,2,2,,0,0,0,0,,0
map#4ed922d48a6fee2f,,ob5600evt00.mdl,0,,,,1,,,,,,,,,-1,,,,,,,,,,,,,,,,,,,-1,,,,,,,,,-1,,,-1,,,,,-1,,,,,,,,,,,,,,,,,,,,,,,,,,,,,,,,,,,,,,,,0,0,0,0,0,,0,0,0,0,0,0,1,0,,0,,0,0,0,,0,,0,,,,,,1,,,,,0,,0,,0,,1,0,0,1,0,,,,0,1,0,0,,0,0,0,0,0,0,0,0,0,0,0,0,0,,,0,0,0,0,0,0,0,0,0,,0,,,,0,,,,0,0,,,0,0,0,0,,0,0,0,0,0,0
map#4f03b4742b97cd90,ef_obj_d002.mdl,,1,,,,0,,-1,,,,,,,-1,,,,,,,,,,,,,,,,,,,,,,,,,,,,,,,,,,,-1,,,,,,,,,,,,,,,,,,,,,,,,,,,,,,,,,,,,,-1,,,,0,1,0,0,0,,0,0,0,0,0,0,1,0,,0,,0,0,0,,0,,0,,,,,,0,,,,,,,0,,0,,0,0,0,0,0,,,,1,0,0,0,,0,0,0,0,0,0,0,0,0,0,0,,,,,0,0,,,,0,0,0,0,0,,,,,0,,,,0,1,,,,,0,0,,0,0,,0,,0
map#4f36ac3026f45ab9,ob4061plt15.mdl,ob4061plt15.mdl,1,,,,0,-1,,,,,,,,-1,,,,,,,,,-1,,,,,,,,,,,,,,,,,,,-1,,,,,,,,-1,,,,,,,,,,,,,,,,,,,,,,,-1,,,,,,,,-1,,,,,-1,,,,1,0,0,0,0,,0,0,0,0,0,0,1,0,,0,,0,0,0,,0,,1,,,,,,0,,,,,0,,0,,0,,1,0,0,0,0,,,,0,1,0,0,,0,0,0,0,0,0,0,0,0,0,0,0,0,,,0,0,0,0,0,0,1,0,0,,,,,,1,,,,0,1,,,,0,0,0,,0,0,0,0,,0
map#4f49d72d58de2dfe,ob3010obj98.mdl,ob3010obj98.mdl,1,,,,0,,,,,,,,,-1,,,,-1,,,,,,,,,,,,,,,,,,,,,,,,,,,,,,,-1,,,,,,,,,,,,,,,,,,,,,,,,,,,,,,,,,,,,,-1,,,,0,0,0,0,0,,0,0,0,0,0,0,1,0,,0,,1,0,0,,0,,0,,,,,,0,,,,,0,,0,,0,,0,0,0,0,0,,,,1,0,0,0,,0,0,0,0,0,0,0,0,0,0,0,0,0,,,0,0,0,0,0,0,0,0,0,,,,,,0,,,,0,1,,,,0,0,0,,0,0,0,0,,0
map#4f8d6f98339a9dd2,ob0010hou04.mdl,,0,1,,,1,,,,,,,,,-1,-1,,,-1,,,,-1,,-1,,,,,,,,,,,,,,,,,,-1,,,,,,,,-1,,,,,,,-1,,,,,,,,,,,,,,,,-1,,,,,,,,-1,,,,,,,,,0,0,0,0,0,,0,1,0,0,0,0,1,1,,0,,1,0,0,,1,,0,,,,,,0,,,,,0,,0,,0,,1,0,0,0,0,,,,0,1,0,0,,0,0,0,1,0,0,0,0,0,0,0,0,0,,,0,0,0,0,0,0,1,0,0,,,,,,1,,,,0,0,,,,0,2,2,,0,0,0,0,,0
map#4f9b88cd43bb3b3d,mp2071_02.mdl,mp2071_02.mdl,1,,,,1,,,,,,,,-1,-1,,,,,,,,,,,,,,,,,,,,,,,,,,,,,,,,,,,-1,,,,,,,,,,,,,,,,,,,,,,,,,,,,,,,,,,,,,,,,,0,0,0,0,0,,0,0,0,0,0,1,1,0,,0,,0,0,0,,0,,0,,,,,,0,,,,,0,,0,,0,,0,0,0,0,0,,,,1,0,0,0,,0,0,0,0,0,0,0,0,0,0,0,0,0,,,0,0,0,0,0,0,0,0,0,,,,,,0,,,,0,0,,,,0,0,0,,0,0,0,0,,0
map#50134b4e5d3c0958,mp0063_l1.mdl,mp0063_l1.mdl,1,,,,1,,,,,,,,,-1,,,,,-1,,,,,,,,,,,,,,,,,,,,,,,-1,,,,,,,,-1,,,,,,,,,,,,,,,,,,,,,,,-1,,,,,,,,-1,,,,,,,,,0,0,0,0,0,,0,0,0,0,0,0,1,0,,0,,0,1,0,,0,,0,,,,,,0,,,,,0,,0,,0,,1,0,0,0,0,,,,0,1,0,0,,0,0,0,0,0,0,0,0,0,0,0,0,0,,,0,0,0,0,0,0,1,0,0,,,,,,1,,,,0,0,,,,0,2,0,,0,0,0,0,,0
map#502b0b6ae267fe51,ob0000rok01.mdl,ob0000rok01.mdl,1,0,2,1,1,,,,,,,,,-1,-1,,-1,,,,,,,,,,,,,,,,,,,,,,,,,-1,-1,-1,,,,,,-1,-1,-1,,,,,-1,-1,-1,,,-1,-1,,,,,,,,,,-1,,,,,,,,-1,,,,-1,,,,,0,0,0,0,0,,0,0,0,0,0,0,1,1,,1,,0,0,0,,0,,0,,,,,,0,,,,,0,,0,,0,,1,1,1,0,0,,,,0,1,1,1,,0,0,0,1,1,1,0,0,1,0,1,0,,,,0,0,,,,0,1,0,0,,,,,,1,,,,1,0,,,,0,0,0,,0,0,0,0,,0
map#5048ad13b7f70acc,ef_obj_a025.mdl,,1,,,,0,,,,,,,,,-1,-1,,,-1,-1,,,,,,,,,,,,,,,,,,,,,,,,,,,,,,,-1,-1,,,,,,,,,,,,,,,,,,,,,,-1,,,,,,,,-1,,,,-1,,,,,0,0,0,0,0,,0,0,0,0,0,0,1,1,,0,,1,1,0,,0,,0,,,,,,0,,,,,,,0,,0,,0,0,0,0,0,,,,0,1,1,0,,0,0,0,0,0,0,0,0,0,0,0,,,,,0,0,,,,0,1,0,0,0,,,,,1,,,,1,0,,,,,0,0,,0,0,,0,,0
map#504cb2f02838b9ff,mp2051_02.mdl,mp2051_02.mdl,1,,,,1,,,,,,,,,-1,,,,-1,,,,,,,,,,,,,,,,,,,,,,,,-1,,,,,,,,-1,,,,,,,,,,,,,,,,,,,,,,,-1,,,,,,,,-1,,,,,,,,,0,0,0,0,0,,0,0,0,0,0,0,1,0,,0,,1,0,0,,0,,0,,,,,,0,,,,,0,,0,,0,,1,0,0,0,0,,,,0,1,0,0,,0,0,0,0,0,0,0,0,0,0,0,0,0,,,0,0,0,0,0,0,1,0,0,,,,,,1,,,,0,0,,,,0,0,2,,0,0,0,0,,0
map#50e4f9cd2007f6b5,mp0030_l1.mdl,mp0030_l1.mdl,0,1,1,,1,,,,,,,,,-1,,,,-1,,,,,,-1,,,,,,,,,,,,,,,,,,-1,,,,,,,,,,,,,,,-1,,-1,,,,,,,,,,,,,,-1,,,,,,,,,,,,,,,,,0,0,0,0,0,,0,1,0,0,0,0,1,0,,0,,1,0,0,,0,,0,,,,,,0,,,,,0,,0,,0,,1,0,0,0,0,,,,0,0,0,0,,0,0,0,1,0,1,0,0,0,0,0,0,0,,,0,0,0,0,0,0,1,0,0,,,,,,0,,,,0,0,,,,0,2,0,,0,0,0,0,,0
map#511c14fcb48a9fd9,ob4061plt13.mdl,ob4061plt13.mdl,1,,,,1,-1,,,,,,,,-1,,,,,,,,,-1,,,,,,,,,,,,,,,,,,,-1,,,,,,,,-1,,,,,,,,,,,,,,,,,,,,,,,-1,-1,,,,,,,-1,,,,,-1,,,,1,0,0,0,0,,0,0,0,0,0,0,1,0,,0,,0,0,0,,0,,1,,,,,,0,,,,,0,,0,,0,,1,0,0,0,0,,,,0,1,0,0,,0,0,0,0,0,0,0,0,0,0,0,0,0,,,0,0,0,0,0,0,1,1,0,,,,,,1,,,,0,1,,,,0,0,0,,0,0,0,0,,0
map#5188af79a64f9e3f,ef_obj_a263.mdl,ef_obj_a263.mdl,1,,,,0,,,,,,,,,-1,,,,,-1,,,,,,,,,,,,,,,,,,,,,,,-1,,,-1,,,,,-1,,,,,,,,,,,,,,,,,,,,,,,,,,,,,,,-1,,,,,,,,,0,0,0,0,0,,0,0,0,0,0,0,1,0,,0,,0,1,0,,0,,0,,,,,,0,,,,,0,,0,,0,,1,0,0,1,0,,,,0,1,0,0,,0,0,0,0,0,0,0,0,0,0,0,0,,,,0,0,,,,0,0,0,0,,,,,,1,,,,0,0,,,,0,1,0,,0,0,0,0,,0
map#518c1273a9b53411,a0302.mdl,a0302.mdl,0,,,,1,,,,,,,,,-1,,,,,,,,,,,,,,,,,,,,,,,,,,,,-1,,,,,,,,-1,,,,,,,,,,,,,,,,,,,,,,,-1,,,,,,,,-1,,,,,,,,,0,0,0,0,0,,0,0,0,0,0,0,1,0,,0,,0,0,0,,0,,0,,,,,,0,,,,,0,,0,,0,,1,0,0,0,0,,,,0,1,0,0,,0,0,0,0,0,0,0,0,0,0,0,0,0,,,0,0,0,0,0,0,1,0,0,,,,,,1,,,,0,0,,,,0,0,0,,0,0,0,0,,0
map#518cad1137f4582f,,mp1051.mdl,1,,1,,1,,,,,,,,,-1,-1,,,,,,,,,,,,,,,,,,,,,,,,,,,-1,-1,,,,,,,-1,-1,,,,,,,,-1,,,,,,,,,,,,,,-1,,,,,,,,-1,,,,-1,,,,,0,0,0,0,0,,0,0,0,0,0,0,1,1,,0,,0,0,0,,0,,0,,,,,,0,,,,,0,,0,,0,,1,1,0,0,0,,,,0,1,1,0,,0,0,0,0,0,1,0,0,0,0,0,0,0,,,0,0,0,0,0,0,1,0,0,,0,,,,1,,,,1,0,,,0,0,0,0,,0,0,0,0,0,0
map#527987e535a725c8,,ob5111obj01.mdl,1,,,,0,,,,,,,,,-1,,,,-1,,,,,,,,,,,,,,,-1,,,,,,,,,,,,,,,,-1,-1,,,,,,,,,,,,,,,,,,,,,,,,,,,,,,,,,,,,-1,,,,0,0,0,0,0,,0,0,0,0,0,0,1,0,,0,,1,0,0,,0,,0,,,,,,1,,,,,0,,0,,0,,0,0,0,0,0,,,,1,1,0,0,,0,0,0,0,0,0,0,0,0,0,0,0,0,,,0,0,0,0,0,0,0,0,0,,,,,,0,,,,0,1,,,0,0,0,0,,0,0,0,0,0,0
map#529f93752bbb5506,ob2061hou00b.mdl,ob2061hou00b.mdl,1,,,,1,,,,,,,,,-1,-1,,,,,,,,,,,,,,,,,,,,,,,,,,,-1,-1,,,,,,,-1,-1,,,,,,,,,,,,,,,,,,,,,,-1,,,,,,,,-1,,,,-1,-1,,,,0,0,0,0,0,,0,0,0,0,0,0,1,1,,0,,0,0,0,,0,,0,,,,,,0,,,,,0,,0,,0,,1,1,0,0,0,,,,0,1,1,0,,0,0,0,0,0,0,0,0,0,0,0,0,0,,,0,0,0,0,0,0,1,0,0,,,,,,1,,,,1,1,,,,0,2,2,,0,0,0,0,,0
map#52cd79550e727791,,ob0054lig01.mdl,1,,,,1,,,,,,,,,-1,-1,,,,,,,,,,-1,,-1,,,,,,-1,,,,,,,,,,,,,,,,,-1,,,,,,,,,,,,,,,,,,,,,,,,,,,,,,,,,,,-1,,,,,0,0,0,0,0,,0,0,1,0,1,0,1,1,,0,,0,0,0,,0,,0,,,,,,1,,,,,0,,0,,0,,0,0,0,0,0,,,,0,1,0,0,,0,0,0,0,0,0,0,0,0,0,0,0,0,,,0,0,0,0,0,0,0,0,0,,0,,,,0,,,,1,0,,,0,0,0,0,,0,0,0,0,0,0
map#5360d85d9b625ae1,mp4010_13.mdl,etc1100.mdl,1,,,,1,,,,,,,,,,,,,,,,,,,,,,,,,,,,,,,,,,,,,,,,,,,,,,,,,,,,,,,,,,,,,,,,,,,-1,,,,,,,,,,,,,,,,,,0,0,0,0,0,,0,0,0,0,0,0,0,0,,0,,0,0,0,,0,,0,,,,,,0,,,,,0,,0,,0,,0,0,0,0,0,,,,0,0,0,0,,0,0,0,0,0,0,0,0,0,0,0,0,0,,,0,0,0,0,0,1,0,0,0,,,,,,0,,,,0,0,,,,0,0,0,,0,0,0,0,,0
map#5368a12270633191,ob0000plt19d_l1.mdl,ob0000plt19d_l1.mdl,0,,,,1,-1,,,,,,,,-1,,,,,,,,,-1,,,,,,,,,,,,,,,,,,,-1,,,,,,,,-1,,,,,,,,,,,,,,,,,,-1,,,,,-1,,,,,,,,,,,,,-1,,,,1,0,0,0,0,,0,0,0,0,0,0,1,0,,0,,0,0,0,,0,,1,,,,,,0,,,,,0,,0,,0,,1,0,0,0,0,,,,0,1,0,0,,0,0,0,0,0,0,0,0,0,0,0,0,0,,,1,0,0,0,0,0,1,0,0,,,,,,0,,,,0,1,,,,0,0,0,,0,0,0,0,,0
map#536f68a3ba7a85fd,,ob4020dor03.mdl,1,,,,0,,,,,,,,,-1,,,,,,,,,,,,,,,,,,,,,,,,,,,,-1,,,,,,,,-1,,,,,,,,,,,,,,,,,,,,,,,-1,,,,,,,,,,,,,-1,,,,0,0,0,0,0,,0,0,0,0,0,0,1,0,,0,,0,0,0,,0,,0,,,,,,0,,,,,0,,0,,0,,1,0,0,0,0,,,,0,1,0,0,,0,0,0,0,0,0,0,0,0,0,0,0,0,,,0,0,0,0,0,0,1,0,0,,0,,,,0,,,,0,1,,,0,0,0,0,,0,0,0,0,0,0
map#53b99aca505c886c,mp0042_00.mdl,a1207.mdl,0,,,,0,,,,,,,,,,,,,,,,,,,,,,,,,,,,,,,,,,,,,,,,,,,,,,,,,,,,,,,,,,,,,,,,,,,-1,,,,,,,,,,,,,,,,,,0,0,0,0,0,,0,0,0,0,0,0,0,0,,0,,0,0,0,,0,,0,,,,,,0,,,,,0,,0,,0,,0,0,0,0,0,,,,0,0,0,0,,0,0,0,0,0,0,0,0,0,0,0,0,,,,0,0,,,,1,0,0,0,,,,,,0,,,,0,0,,,,0,0,0,,0,0,0,0,,0
map#53ea785a717cd2dd,ef_obj_q000.mdl,ef_obj_q000.mdl,0,,,,0,-1,,,,,,,,-1,,,,,,,,,-1,,,,,,,,,,,,,,,,,,,,,,,,,,,,,,,,,,,,,,,,,,,,,,,,,,-1,,,,,,,,,,,,,,,,,1,0,0,0,0,,0,0,0,0,0,0,1,0,,0,,0,0,0,,0,,1,,,,,,0,,,,,,,0,,0,,0,0,0,0,0,,,,0,0,0,0,,0,0,0,0,0,0,0,0,0,0,0,0,,,,0,0,,,,0,1,0,0,,,,,,0,,,,0,0,,,,0,0,0,,0,0,0,0,,0
map#53f79883a88c1abc,,ob0054evt00.mdl,1,,,,0,,,,,,,,,-1,,,,,,,,,-1,,,,,,,,,,-1,,,,,,,,,,,,,,,,-1,,,,,,,,,,,,,,,,,,,,,,,,,,,,,,,,,,,,,,,,,0,0,0,0,0,,0,0,0,0,0,0,1,0,,0,,0,0,0,,0,,1,,,,,,1,,,,,0,,0,,0,,0,0,0,0,0,,,,1,0,0,0,,0,0,0,0,0,0,0,0,0,0,0,0,0,,,0,0,0,0,0,0,0,0,0,,0,,,,0,,,,0,0,,,0,0,0,0,,0,0,0,0,0,0
map#544d89b9eb8279ab,ob0061hou00.mdl,mp6100_01.mdl,0,,,,1,,,,,,,,,-1,,,-1,,,,,,,,,,,,,,,,,,,,,,,,,-1,,,-1,,,,,-1,,,,,,,,,,,,,,,,,,,,,,,-1,,,,,,,,-1,,,,-1,,,,,0,0,0,0,0,,0,0,0,0,0,0,1,0,,1,,0,0,0,,0,,0,,,,,,0,,,,,0,,0,,0,,1,0,0,1,0,,,,0,1,0,0,,0,0,0,0,0,0,0,0,0,0,0,0,0,,,0,0,0,0,0,0,1,0,0,,,,,,1,,,,1,0,,,,0,0,2,,0,0,0,0,,0
map#545dcffdc6cca561,ob2071hou02.mdl,ob2071hou02.mdl,1,,,,1,,,,,,,,-1,-1,-1,,,,,,,,,,,,,,,,,,,,,,,,,,,-1,,,,,,,,-1,,,,,,,,,,,,,,,,,,,,,,,-1,,,,,,,,-1,,,,,,,,,0,0,0,0,0,,0,0,0,0,0,1,1,1,,0,,0,0,0,,0,,0,,,,,,0,,,,,0,,0,,0,,1,0,0,0,0,,,,0,1,0,0,,0,0,0,0,0,0,0,0,0,0,0,0,0,,,0,0,0,0,0,0,1,0,0,,,,,,1,,,,0,0,,,,0,2,0,,0,0,0,0,,0
map#54689a2f3801df7d,ob4061kmo10.mdl,ob4061kmo10.mdl,1,,,,1,,,,,,,-1,,-1,,,,-1,,,,,,,,,,,,,,,,,,,,,,,,-1,,,,,,,,-1,,,,,,,,,,,,,,,,,,,,,,,-1,,,,,,,,-1,,,,,,,,,0,0,0,0,0,,1,0,0,0,0,0,1,0,,0,,1,0,0,,0,,0,,,,,,0,,,,,0,,0,,0,,1,0,0,0,0,,,,0,1,0,0,,0,0,0,0,0,0,0,0,0,0,0,0,0,,,0,0,0,0,0,0,1,0,0,,,,,,1,,,,0,0,,,,0,0,0,,0,0,0,0,,0
map#557a65dbd84fc85f,,ob5310obj03.mdl,1,,,,0,,,,,,,,,-1,,,,,,,,,,,,,,,,,,,-1,,,,,,,,,,,,,,,,,,,,,-1,,,,,,,,,,,,,,,,,,,,,,,,,,,,,,,,,,,,0,0,0,0,0,,0,0,0,0,0,0,1,0,,0,,0,0,0,,0,,0,,,,,,1,,,,,0,,0,,0,,0,0,0,0,0,,,,0,0,0,0,,1,0,0,0,0,0,0,0,0,0,0,0,0,,,0,0,0,0,0,0,0,0,0,,,,,,0,,,,0,0,,,,0,2,0,,0,0,0,0,,0
map#55b18c9076365920,,ob0000rok13j.mdl,1,,,,1,,,,,,,,,-1,-1,,-1,,-1,,,,,,,,,,,,,,,,,,,,-1,,,-1,-1,-1,,,,,,-1,-1,-1,,,,,,-1,,,,,-1,,,,,,-1,-1,-1,,-1,,,,,,,,-1,,,,-1,-1,,,,0,0,0,0,0,,0,0,0,0,0,0,1,1,,1,,0,1,0,,0,,0,,,,,,0,,,,,0,,1,,0,,1,1,1,0,0,,,,0,1,1,1,,0,0,0,0,1,0,0,0,0,0,1,0,0,,,0,0,1,1,1,0,1,0,0,,0,,,,1,,,,1,1,,,0,0,0,0,,0,0,0,0,0,0
map#5675e50eae1359b8,ob3010obj95b.mdl,ob3010obj95b.mdl,1,,,,1,,,,,,,,,-1,,,,,,,,,,,,,,,,,,,-1,,,,,,,,,-1,,,-1,,,,,-1,,,,,,,,,,,,,,,,,,,,,,,,,,,,,,,-1,,,,,,,,,0,0,0,0,0,,0,0,0,0,0,0,1,0,,0,,0,0,0,,0,,0,,,,,,1,,,,,0,,0,,0,,1,0,0,1,0,,,,0,1,0,0,,0,0,0,0,0,0,0,0,0,0,0,0,0,,,0,0,0,0,0,0,0,0,0,,,,,,1,,,,0,0,,,,0,0,0,,0,0,0,0,,0
map#56a14f692dee3704,,ob_e12_001b.mdl,1,,,,0,,,,,,,,,-1,,,,,,,,,,,,,,,,,,,-1,,,,,,,,,-1,,,,,,,,-1,,,,-1,,,,,,,,,,,,,,,,,,,,,,,,,,,,,,,,,,,,0,0,0,0,0,,0,0,0,0,0,0,1,0,,0,,0,0,0,,0,,0,,,,,,1,,,,,0,,0,,0,,1,0,0,0,0,,,,0,1,0,0,,1,0,0,0,0,0,0,0,0,0,0,0,0,,,0,0,0,0,0,0,0,0,0,,0,,,,0,,,,0,0,,,0,0,0,0,,0,0,0,0,0,0
map#56bc47fd8cd2f11c,mp2081.mdl,mp2081.mdl,1,,,,1,,,,,,,,,-1,-1,,,-1,,,,,,,,,,,,,,,,,,,,,,,,-1,-1,,,,,,,-1,-1,,,,,,,,,,,,,,,,,,,,,,-1,,,,,,,,-1,,,,-1,,,,,0,0,0,0,0,,0,0,0,0,0,0,1,1,,0,,1,0,0,,0,,0,,,,,,0,,,,,0,,0,,0,,1,1,0,0,0,,,,0,1,1,0,,0,0,0,0,0,0,0,0,0,0,0,0,0,,,0,0,0,0,0,0,1,0,0,,,,,,1,,,,1,0,,,,0,0,0,,0,0,0,0,,0
map#5712449c003961a2,,mp1051.mdl,0,,,1,1,,,,,,,,,-1,-1,,-1,-1,-1,,,,,,,,,,,,,,,,,,,,-1,,,-1,-1,-1,,,,,,-1,-1,-1,,,,,,,,,,-1,,,,,,,,,,,-1,,,,,,,,-1,,,,-1,,,,,0,0,0,0,0,,0,0,0,0,0,0,1,1,,1,,1,1,0,,0,,0,,,,,,0,,,,,0,,1,,0,,1,1,1,0,0,,,,0,1,1,1,,0,0,0,0,0,0,0,0,1,0,0,0,0,,,0,0,0,0,0,0,1,0,0,,0,,,,1,,,,1,0,,,0,0,0,0,,0,0,0,0,0,0
map#5723c2ec3c68f91c,,ob6013obj00.mdl,1,,,,1,,,,,,,,,-1,,,,-1,,,,,,,,,,,,,,,-1,,,,,,,,,-1,,,-1,,,,-1,,,,,,,,,,,,,,,,,,,,,,,,,,,,,,,,-1,,,,,,,,,0,0,0,0,0,,0,0,0,0,0,0,1,0,,0,,1,0,0,,0,,0,,,,,,1,,,,,0,,0,,0,,1,0,0,1,0,,,,1,0,0,0,,0,0,0,0,0,0,0,0,0,0,0,0,0,,,0,0,0,0,0,0,0,0,0,,0,,,,1,,,,0,0,,,0,0,0,0,,0,0,0,0,0,0
map#573722669731387f,,ob1051plt03.mdl,0,,,,1,-1,,,,,,,,-1,,,,,,,,,-1,,,,,,,,,,,,,,,,,,,,,,,,,,,-1,,,,,,,,,,,,,,,,,,-1,,,,,-1,-1,,,,,,,,,,,,,,,,1,0,0,0,0,,0,0,0,0,0,0,1,0,,0,,0,0,0,,0,,1,,,,,,0,,,,,0,,0,,0,,0,0,0,0,0,,,,0,1,0,0,,0,0,0,0,0,0,0,0,0,0,0,0,0,,,1,0,0,0,0,0,1,1,0,,,,,,0,,,,0,0,,,,0,0,0,,0,0,0,0,,0
map#5799b50eeba3b9e4,ef_obj_m014.mdl,,1,,,,0,,,,,,,,,-1,,,,-1,,,,,,,,,,,,,,,,,,,,,,,,,,,,,,,,-1,,,,,,,,,,,,,,,,,,,,,,,-1,,,,,,,,-1,,,,,,,,,0,0,0,0,0,,0,0,0,0,0,0,1,0,,0,,1,0,0,,0,,0,,,,,,0,,,,,,,0,,0,,0,0,0,0,0,,,,0,1,0,0,,0,0,0,0,0,0,0,0,0,0,0,,,,,0,0,,,,0,1,0,0,0,,,,,1,,,,0,0,,,,,0,0,,0,0,,0,,0
map#579ae2e07a2ede29,mp0010_01.mdl,mp0010_01.mdl,1,,,,1,,,,,,,,,-1,-1,,-1,,,,,,,,,,,,,,,,,,,,,,-1,,,-1,-1,,,,,,,,-1,,,,,,,,,,,,,,,,,,,,,,-1,,,,,,,,-1,,,,-1,,,,,0,0,0,0,0,,0,0,0,0,0,0,1,1,,1,,0,0,0,,0,,0,,,,,,0,,,,,0,,1,,0,,1,1,0,0,0,,,,0,0,1,0,,0,0,0,0,0,0,0,0,0,0,0,0,0,,,0,0,0,0,0,0,1,0,0,,,,,,1,,,,1,0,,,,0,0,0,,0,0,0,0,,0
map#57c6f5193ca6c71e,mp2051_02.mdl,mp2051_02.mdl,1,,,,1,,,,,,,,,-1,,,-1,,,,,,,,,,,,,,,,,,,,,,,,,-1,,,-1,,,,,-1,,,,,,,,,,,,,,,,,,,,,,,-1,,,,,,,,-1,,,,,,,,,0,0,0,0,0,,0,0,0,0,0,0,1,0,,1,,0,0,0,,0,,0,,,,,,0,,,,,0,,0,,0,,1,0,0,1,0,,,,0,1,0,0,,0,0,0,0,0,0,0,0,0,0,0,0,0,,,0,0,0,0,0,0,1,0,0,,,,,,1,,,,0,0,,,,0,0,2,,0,0,0,0,,0
map#57d14028fe51e2c0,mp4045.mdl,mp4045.mdl,1,,,,1,,,,,,,,,-1,-1,,,-1,,,,,,-1,-1,,-1,,,,,,,,,,,,,,,,,,,,,,-1,,,,,,,,,,,,,,,,,,,,,,,,,,,,,,,,,,,,,-1,,,,0,0,0,0,0,,0,1,1,0,1,0,1,1,,0,,1,0,0,,0,,0,,,,,,0,,,,,0,,0,,0,,0,0,0,0,0,,,,1,0,0,0,,0,0,0,0,0,0,0,0,0,0,0,0,0,,,0,0,0,0,0,0,0,0,0,,,,,,0,,,,0,1,,,,0,2,0,,0,0,0,0,,0
map#583e2680edfa96b4,ob2061kmo10.mdl,ob2061kmo10.mdl,1,,,,1,,,,,,,,,-1,-1,,,-1,,,,,,,,,,,,,,,,,,,,,,,,-1,,,-1,,,,,-1,,,,,,,,,,,,,,,,,,,,,,,-1,,,,,,,,-1,,,,,,,,,0,0,0,0,0,,0,0,0,0,0,0,1,1,,0,,1,0,0,,0,,0,,,,,,0,,,,,0,,0,,0,,1,0,0,1,0,,,,0,1,0,0,,0,0,0,0,0,0,0,0,0,0,0,0,0,,,0,0,0,0,0,0,1,0,0,,,,,,1,,,,0,0,,,,0,2,0,,0,0,0,0,,0
map#58479eb50d1dcd6f,,ob5400obj00.mdl,1,,,,0,-1,,,,,,,,-1,-1,,-1,,-1,-1,,,-1,-1,-1,-1,-1,,,,,,,,,,,,,,,,,,,,,,,-1,-1,,,,,,,,,,,,,,,,,,,,,,-1,-1,-1,,,,,,,,,,-1,-1,,,,1,0,0,0,0,,0,1,1,1,1,0,1,1,,1,,0,1,1,,0,,1,,,,,,0,,,,,0,,0,,0,,0,0,0,0,0,,,,0,1,1,0,,0,0,0,0,0,0,0,0,0,0,0,0,0,,,0,0,0,0,0,0,1,1,1,,,,,,0,,,,1,1,,,,0,0,1,,0,0,0,0,,0
map#5857624d072c06f0,mp1010_01.mdl,mp1010_01.mdl,1,,,,1,,,,,,,,,-1,-1,,,,,,,,,,,,,,,,,,,,,,,,,,,-1,-1,,,,,,,-1,,,,,,,,,,,,,,,,,,,,,,,-1,,,,,,,,-1,,,,-1,,,,,0,0,0,0,0,,0,0,0,0,0,0,1,1,,0,,0,0,0,,0,,0,,,,,,0,,,,,0,,0,,0,,1,1,0,0,0,,,,0,1,0,0,,0,0,0,0,0,0,0,0,0,0,0,0,0,,,0,0,0,0,0,0,1,0,0,,,,,,1,,,,1,0,,,,0,0,0,,0,0,0,0,,0
map#585dfc14eb946324,,ob5401lig00.mdl,1,,,,1,,,,,,,,,-1,,,,,,,,,,,,,,,,,,,-1,,,,-1,,,,,-1,,,,,,,,-1,,,,-1,,,,,,,,,,,,,,,,,,,-1,,,,,,,,-1,,,,,,,,,0,0,0,0,0,,0,0,0,0,0,0,1,0,,0,,0,0,0,,0,,0,,,,,,1,,,,,1,,0,,0,,1,0,0,0,0,,,,0,1,0,0,,1,0,0,0,0,0,0,0,0,0,0,0,0,,,0,0,0,0,0,0,1,0,0,,,,,,1,,,,0,0,,,,0,0,0,,0,0,0,0,,0
map#5865431feef3edfd,mp0010_01.mdl,mp2010_13.mdl,1,,,,1,,,,,,,,,-1,,,,-1,,,,,,,,,,,,,,,,,,,,,,,,,,,-1,,,,,,,,,,,,,,,,,,,,,,,,,,,,,,,,,,,,,,,,,,,,,0,0,0,0,0,,0,0,0,0,0,0,1,0,,0,,1,0,0,,0,,0,,,,,,0,,,,,0,,0,,0,,0,0,0,1,0,,,,0,0,0,0,,0,0,0,0,0,0,0,0,0,0,0,0,0,,,0,0,0,0,0,0,0,0,0,,,,,,0,,,,0,0,,,,0,0,0,,0,0,0,0,,0
map#586d414b6582fe7b,ob4061kag03.mdl,ob4061kag03.mdl,1,,,,1,,,,,,,,,-1,,,,,,,,,-1,,,,,,,,,,,,,,,,,,,,,,-1,,,,,,,,,,,,,,,,,,,,,,,,,,,,-1,,,,,,,,,,,,,,,,,0,0,0,0,0,,0,0,0,0,0,0,1,0,,0,,0,0,0,,0,,1,,,,,,0,,,,,0,,0,,0,,0,0,0,1,0,,,,0,0,0,0,,0,0,0,0,0,0,0,0,0,0,0,0,0,,,0,0,0,0,0,0,1,0,0,,,,,,0,,,,0,0,,,,0,0,0,,0,0,0,0,,0
map#587055011fde19ba,,mp8500_l1.mdl,1,,,,1,-1,,,,,,,,-1,,,,,,,,,,,,,,,,,,,,,,,,,,,,,,,-1,,,,,,,,,,,,,,,,,,,,,,,,,,,,-1,,,,,,,,-1,,,,,-1,,,,1,0,0,0,0,,0,0,0,0,0,0,1,0,,0,,0,0,0,,0,,0,,,,,,0,,,,,0,,0,,0,,0,0,0,1,0,,,,0,0,0,0,,0,0,0,0,0,0,0,0,0,0,0,0,0,,,0,0,0,0,0,0,1,0,0,,,,,,1,,,,0,1,,,0,0,0,0,,0,0,0,0,0,0
map#5896869b32010613,ob3041hou00_l1.mdl,ob3041hou00_l1.mdl,1,,,,0,,,,,,,,,-1,,,,-1,,,,,,,,,,,,,,,-1,,,,,,,,,-1,,,,,,,,-1,,,,,,,,,,,,,,,,,,,,,,,-1,,,,,,,,-1,,,,,,,,,0,0,0,0,0,,0,0,0,0,0,0,1,0,,0,,1,0,0,,0,,0,,,,,,1,,,,,0,,0,,0,,1,0,0,0,0,,,,0,1,0,0,,0,0,0,0,0,0,0,0,0,0,0,0,0,,,0,0,0,0,0,0,1,0,0,,,,,,1,,,,0,0,,,,0,0,0,,0,0,0,0,,0
map#58acb5b269f0a51a,mp1100.mdl,mp1100.mdl,1,,,1,1,,,,,,,,,-1,-1,,-1,,,,,,,,,,,,,,,,,,,,,,-1,,,-1,-1,-1,,,,,,-1,-1,-1,,,,,,,,,,-1,,,,,,,,,,,-1,,,,,,,,-1,,,,-1,,,,,0,0,0,0,0,,0,0,0,0,0,0,1,1,,1,,0,0,0,,0,,0,,,,,,0,,,,,0,,1,,0,,1,1,1,0,0,,,,0,1,1,1,,0,0,0,0,0,0,0,0,1,0,0,0,0,,,0,0,0,0,0,0,1,0,0,,,,,,1,,,,1,0,,,,0,0,0,,0,0,0,0,,0
map#5903630f9cdb9601,mp4020_01.mdl,mp4020_01.mdl,1,,,,1,,,,,,,,,-1,,,,-1,,,,-1,,,,,,,,,,,,,,,,,,,,-1,,,-1,,,,,-1,,,,,,,,,,,,,,,,,,,,,,,-1,,,,,,,,-1,,,,,,,,,0,0,0,0,0,,0,0,0,0,0,0,1,0,,0,,1,0,0,,1,,0,,,,,,0,,,,,0,,0,,0,,1,0,0,1,0,,,,0,1,0,0,,0,0,0,0,0,0,0,0,0,0,0,0,0,,,0,0,0,0,0,0,1,0,0,,,,,,1,,,,0,0,,,,0,0,0,,0,0,0,0,,0
map#5913198d78933ef9,,mp0051.mdl,1,,,,1,-1,,,,,,,,-1,,,,,,,,,-1,,,,,,,,,,,,,,,,,,,-1,,,,,,,,-1,,,,,,,,,,,,,,,-1,,,,,,,,-1,,,,,,,,-1,,,,,,,,,1,0,0,0,0,,0,0,0,0,0,0,1,0,,0,,0,0,0,,0,,1,,,,,,0,,,,,0,,0,,0,,1,0,0,0,0,,,,0,1,0,0,,0,0,0,0,0,0,0,0,0,0,0,0,1,,,0,0,0,0,0,0,1,0,0,,0,,,,1,,,,0,0,,,0,0,0,0,,0,0,0,0,0,0
map#595c6b155829198e,ob4011obj00.mdl,ob4011obj00.mdl,1,,,,1,,,,,,,,,-1,,,,,,,,,,,,,,,,,,,,,,,,,,,,-1,,,,,,,,-1,,,,,,,,,,,,,,,,,,,,,,,-1,-1,-1,,,,,,,,,,-1,,,,,0,0,0,0,0,,0,0,0,0,0,0,1,0,,0,,0,0,0,,0,,0,,,,,,0,,,,,0,,0,,0,,1,0,0,0,0,,,,0,1,0,0,,0,0,0,0,0,0,0,0,0,0,0,0,0,,,0,0,0,0,0,0,1,1,1,,,,,,0,,,,1,0,,,,0,0,0,,0,0,0,0,,0
map#595d8db190ef2360,,ob6200hou01.mdl,1,1,1,1,1,,,,,,,,,-1,-1,,-1,,,,,,,,,,,,,,,,,,,,,,,,,-1,-1,,,,,,,-1,-1,,,,,,-1,-1,-1,-1,-1,-1,,,,,,,,,,,-1,,,,,,,,-1,,,,-1,,,,,0,0,0,0,0,,0,0,0,0,0,0,1,1,,1,,0,0,0,,0,,0,,,,,,0,,,,,0,,0,,0,,1,1,0,0,0,,,,0,1,1,0,,0,0,0,1,1,1,1,1,1,0,0,0,0,,,0,0,0,0,0,0,1,0,0,,,,,,1,,,,1,0,,,,0,0,2,,0,0,0,0,,0
map#596361baa021fa40,ob0000plt01.mdl,ef_obj_n021.mdl,0,,,,0,-1,,,,,,,,-1,,,,,,,,,,,,,,,,,,,,,,,,,,,,,,,,,,,,,,,,,,,,,,,,,,,,,,,,,,-1,,,,,,,,,,,,,,,,,,1,0,0,0,0,,0,0,0,0,0,0,1,0,,0,,0,0,0,,0,,0,,,,,,0,,,,,0,,0,,0,,0,0,0,0,0,,,,0,0,0,0,,0,0,0,0,0,0,0,0,0,0,0,0,,,,0,0,,,,1,0,0,0,,,,,,0,,,,0,0,,,,0,0,0,,0,0,0,0,,0
map#59aae24b1a803a88,mp1000.mdl,mp1000.mdl,0,,1,1,1,,,,,,,,,-1,-1,,-1,-1,,,,,,,,,,,,,,,,,,,,,-1,,,-1,-1,-1,,,,,,-1,-1,-1,,,,,,,-1,,,-1,,,,,,,,,,,-1,,,,,,,,-1,,,,-1,,,,,0,0,0,0,0,,0,0,0,0,0,0,1,1,,1,,1,0,0,,0,,0,,,,,,0,,,,,0,,1,,0,,1,1,1,0,0,,,,0,1,1,1,,0,0,0,0,0,1,0,0,1,0,0,0,0,,,0,0,0,0,0,0,1,0,0,,,,,,1,,,,1,0,,,,0,0,0,,0,0,0,0,,0
map#5a32fa3f2ae136f0,mp3010_01.mdl,a0305.mdl,1,,,,1,,,,,,,,,-1,-1,,-1,,-1,,,,,,,,,,,,,,,,,,,,,,,-1,,,-1,,,,,-1,,,,,,,,,,,,,,,,,,,,,,,-1,,,,,,,,-1,,,,-1,,,,,0,0,0,0,0,,0,0,0,0,0,0,1,1,,1,,0,1,0,,0,,0,,,,,,0,,,,,0,,0,,0,,1,0,0,1,0,,,,0,1,0,0,,0,0,0,0,0,0,0,0,0,0,0,0,0,,,0,0,0,0,0,0,1,0,0,,,,,,1,,,,1,0,,,,0,0,0,,0,0,0,0,,0
map#5a3bf459c2f6f1cc,,equ9001.mdl,0,,,,1,-1,,,,,,,,-1,,,,,,,,,,,,,,,,,,,,,,,,,,,,-1,,,-1,,,,,-1,,,,,,,,,,,,,,,,,,,,,,,-1,,,,,,,,-1,,,,,,,,,1,0,0,0,0,,0,0,0,0,0,0,1,0,,0,,0,0,0,,0,,0,,,,,,0,,,,,0,,0,,0,,1,0,0,1,0,,,,0,1,0,0,,0,0,0,0,0,0,0,0,0,0,0,0,0,,,0,0,0,0,0,0,1,0,0,,,,,,1,,,,0,0,,,,0,1,0,,0,0,0,0,,0
map#5a7b8a78958762b8,mp3010_05.mdl,a0305.mdl,1,,,,1,,,,,,,,,-1,,,,,-1,,,,,,,,,,,,,,,,,,,,,,,-1,,,-1,,,,,-1,,,,,,,,,,,,,,,,,,,,,,,-1,,,,,,,,-1,,,,,,,,,0,0,0,0,0,,0,0,0,0,0,0,1,0,,0,,0,1,0,,0,,0,,,,,,0,,,,,0,,0,,0,,1,0,0,1,0,,,,0,1,0,0,,0,0,0,0,0,0,0,0,0,0,0,0,0,,,0,0,0,0,0,0,1,0,0,,,,,,1,,,,0,0,,,,0,0,0,,0,0,0,0,,0
map#5acb48afbc6a4c19,mp4020.mdl,mp4020.mdl,1,,1,,1,,,,,,,,,-1,-1,,,,,,,-1,,,,,,,,,,,,,,,,,,,,-1,,,,,,,,-1,,,,,,,,,-1,,-1,,,,,,,,,,,,-1,,,,,,,,-1,,,,-1,,,,,0,0,0,0,0,,0,0,0,0,0,0,1,1,,0,,0,0,0,,1,,0,,,,,,0,,,,,0,,0,,0,,1,0,0,0,0,,,,0,1,0,0,,0,0,0,0,0,1,0,1,0,0,0,0,0,,,0,0,0,0,0,0,1,0,0,,,,,,1,,,,1,0,,,,0,2,0,,0,0,0,0,,0
map#5b4f0db778536f31,,ob5200obj06.mdl,1,,,,0,-1,,,,,,,,-1,,,,,,,,,,-1,,,-1,,,,,,-1,,,,,,,,,,,,,,,,-1,,,,,,,,,,,,,,,,,,,,,,,,-1,,,,,,,,,,,,,-1,,,,1,0,0,0,0,,0,1,0,0,1,0,1,0,,0,,0,0,0,,0,,0,,,,,,1,,,,,0,,0,,0,,0,0,0,0,0,,,,1,0,0,0,,0,0,0,0,0,0,0,0,0,0,0,0,0,,,0,0,0,0,0,0,1,0,0,,,,,,0,,,,0,1,,,,0,0,0,,0,0,0,0,,0
map#5b52aa8d9b196bcb,mp4010.mdl,a1214.mdl,1,,,,1,-1,,,,,,,,-1,,,,,,,,,-1,,,,,,,,,,,,,,,,,,,-1,,,-1,,,,,-1,,,,,,,,,,,,,,,,,,,,,,,-1,,,,,,,,-1,,,,,,,,,1,0,0,0,0,,0,0,0,0,0,0,1,0,,0,,0,0,0,,0,,1,,,,,,0,,,,,0,,0,,0,,1,0,0,1,0,,,,0,1,0,0,,0,0,0,0,0,0,0,0,0,0,0,0,0,,,0,0,0,0,0,0,1,0,0,,,,,,1,,,,0,0,,,,0,0,0,,0,0,0,0,,0
map#5bb6802037fea831,ob0010plt01.mdl,ob0010plt01.mdl,0,,,,0,-1,,,,,,,,-1,,,,,,,,,,,,,,,,,,,,,,,,,,,,,,,,,,,,,,,,,,,,,,,,,,,,,,,,,,,-1,-1,,,,,,,,,,,,,,,,1,0,0,0,0,,0,0,0,0,0,0,1,0,,0,,0,0,0,,0,,0,,,,,,0,,,,,0,,0,,0,,0,0,0,0,0,,,,0,0,0,0,,0,0,0,0,0,0,0,0,0,0,0,0,,,,0,0,,,,0,1,1,0,,,,,,0,,,,0,0,,,,0,0,0,,0,0,0,0,,0
map#5bc80c7431125bf6,ob1091obj00.mdl,ob1091obj00.mdl,1,,,,0,-1,,,,,,,,-1,,,,,,,,,,,,,,,,,,,,,,,,,,,,-1,,,-1,,,,,-1,,,,,,,,,,,,,,,,,,,,,,,-1,,,,,,,,-1,,,,,,,,,1,0,0,0,0,,0,0,0,0,0,0,1,0,,0,,0,0,0,,0,,0,,,,,,0,,,,,0,,0,,0,,1,0,0,1,0,,,,0,1,0,0,,0,0,0,0,0,0,0,0,0,0,0,0,0,,,0,0,0,0,0,0,1,0,0,,,,,,1,,,,0,0,,,,0,0,0,,0,0,0,0,,0
map#5c7253bcc63ef41d,ob2071hou61.mdl,ob5400hou00_l1.mdl,0,,,,1,,,,,,,,,-1,,,,,,,,,,,,,,,,,,,,,,,,,,,,-1,,,-1,,,,,,,,,,,,,,,,,,,,,,,,,,,,-1,,,,,,,,,,,,,,,,,0,0,0,0,0,,0,0,0,0,0,0,1,0,,0,,0,0,0,,0,,0,,,,,,0,,,,,0,,0,,0,,1,0,0,1,0,,,,0,0,0,0,,0,0,0,0,0,0,0,0,0,0,0,0,0,,,0,0,0,0,0,0,1,0,0,,,,,,0,,,,0,0,,,,0,2,0,,0,0,0,0,,0
map#5c8f5d1f29d7920c,ob0000plt21.mdl,ob0000plt21.mdl,0,,1,,1,,,,,,,,,-1,-1,,,,,,,,,,,,,,,,,,,,,,,,-1,,,-1,,,,,,,,-1,-1,,,,,,,,-1,,-1,,,,,,,,,,,,-1,,,,,,,,-1,,,,,,,,,0,0,0,0,0,,0,0,0,0,0,0,1,1,,0,,0,0,0,,0,,0,,,,,,0,,,,,0,,1,,0,,1,0,0,0,0,,,,0,1,1,0,,0,0,0,0,0,1,0,1,0,0,0,0,0,,,0,0,0,0,0,0,1,0,0,,,,,,1,,,,0,0,,,,0,0,0,,0,0,0,0,,0
map#5dad54bb810c852b,,mp4010_25.mdl,1,,,,0,,,,,,,,,-1,-1,,,,-1,,,,,,,,,,,,,,,,,,,,,,,-1,,,,,,,,-1,,,,,,,,,,,,,,,,,,,,,,,-1,,,,,,,,-1,,,,-1,,,,,0,0,0,0,0,,0,0,0,0,0,0,1,1,,0,,0,1,0,,0,,0,,,,,,0,,,,,0,,0,,0,,1,0,0,0,0,,,,0,1,0,0,,0,0,0,0,0,0,0,0,0,0,0,0,0,,,0,0,0,0,0,0,1,0,0,,0,,,,1,,,,1,0,,,0,0,0,0,,0,0,0,0,0,0
map#5de14eb94072ae5f,,ob5600obj03.mdl,1,,,,0,,,,,,,,,-1,-1,,,,,,,,,-1,,,-1,,,,,,-1,,,,,,,,,,-1,,,,,,,,-1,,,,-1,,,,,,,,,,,,,,,,,,-1,,,,,,,,,,,,,,,,,0,0,0,0,0,,0,1,0,0,1,0,1,1,,0,,0,0,0,,0,,0,,,,,,1,,,,,0,,0,,0,,0,1,0,0,0,,,,0,0,1,0,,0,1,0,0,0,0,0,0,0,0,0,0,0,,,0,0,0,0,0,0,1,0,0,,,,,,0,,,,0,0,,,0,0,0,0,,0,0,0,0,0,0
map#5de2d6755dd2fc09,,mp8500_01.mdl,0,,,,1,,,,,,,,,-1,,,,,,,,-1,,,,,,,,,,,-1,,,,-1,,,,,-1,,,-1,,,,,-1,,,,,,,,,,,,,,,,,,,,,,,-1,,,,,,,,-1,,,,,,,,,0,0,0,0,0,,0,0,0,0,0,0,1,0,,0,,0,0,0,,1,,0,,,,,,1,,,,,1,,0,,0,,1,0,0,1,0,,,,0,1,0,0,,0,0,0,0,0,0,0,0,0,0,0,0,0,,,0,0,0,0,0,0,1,0,0,,0,,,,1,,,,0,0,,,0,0,0,0,,0,0,0,0,0,0
map#5df00c27195c1531,,equ9002.mdl,1,,,,1,,,,,,,,,-1,-1,,,-1,-1,,,,,,,,,,,,,,-1,,,,,,,,,-1,-1,,,,,,,-1,-1,,,,,,,,,,,,,,,,,,,,,,-1,,,,,,,,-1,,,,-1,,,,,0,0,0,0,0,,0,0,0,0,0,0,1,1,,0,,1,1,0,,0,,0,,,,,,1,,,,,0,,0,,0,,1,1,0,0,0,,,,0,1,1,0,,0,0,0,0,0,0,0,0,0,0,0,0,0,,,0,0,0,0,0,0,1,0,0,,,,,,1,,,,1,0,,,,0,0,0,,0,0,0,0,,0
map#5e00fae2809a12ca,ob0063hou00.mdl,mp2082.mdl,1,,,,1,,,,,,,,,-1,-1,,,,,,,,,,,,,,,,,,,,,,,,,,,,,,,,,,,-1,,,,,,,,,,,,,,,,,,,,,,,-1,,,,,,,,-1,,,,-1,,,,,0,0,0,0,0,,0,0,0,0,0,0,1,1,,0,,0,0,0,,0,,0,,,,,,0,,,,,0,,0,,0,,0,0,0,0,0,,,,0,1,0,0,,0,0,0,0,0,0,0,0,0,0,0,0,0,,,0,0,0,0,0,0,1,0,0,,,,,,1,,,,1,0,,,,0,2,0,,0,0,0,0,,0
map#5e5514cb670918e7,mp0041.mdl,mp2051_02.mdl,0,,,,1,,,,,,,,,-1,,,,,,,,,,,,,,,,,,,,,,,,,,,,-1,,,-1,,,,,-1,,,,,,,,,,,,,,,,,,,,,,,-1,,,,,,,,-1,,,,-1,,,,,0,0,0,0,0,,0,0,0,0,0,0,1,0,,0,,0,0,0,,0,,0,,,,,,0,,,,,0,,0,,0,,1,0,0,1,0,,,,0,1,0,0,,0,0,0,0,0,0,0,0,0,0,0,0,0,,,0,0,0,0,0,0,1,0,0,,,,,,1,,,,1,0,,,,0,0,2,,0,0,0,0,,0
map#5e62efdf143e7bb0,ob0000plt00.mdl,ob0000plt00.mdl,1,,,,1,,,,,,,,,,,,,,,,,,-1,,,,,,,,,,,,,,,,,,,,,,,,,,,,,,,,,,,,,,,,,,,,,,,,,,-1,-1,,,,,,,,,,,,,,,,0,0,0,0,0,,0,0,0,0,0,0,0,0,,0,,0,0,0,,0,,1,,,,,,0,,,,,0,,0,,0,,0,0,0,0,0,,,,0,0,0,0,,0,0,0,0,0,0,0,0,0,0,0,0,,,,0,0,,,,0,1,1,0,,,,,,0,,,,0,0,,,,0,0,0,,0,0,0,0,,0
map#5e875722d5b3a4d0,,equ9006.mdl,1,,,,0,-1,,,,,,,,-1,,,,,,,,,-1,,,,,,,,,,,,,,,,,,,,,,,,,,,-1,,,,,,,,,,,,,,,,,,,,,,,-1,-1,-1,,,,,,,,,,,,,,,1,0,0,0,0,,0,0,0,0,0,0,1,0,,0,,0,0,0,,0,,1,,,,,,0,,,,,0,,0,,0,,0,0,0,0,0,,,,0,1,0,0,,0,0,0,0,0,0,0,0,0,0,0,0,0,,,0,0,0,0,0,0,1,1,1,,,,,,0,,,,0,0,,,,0,0,0,,0,0,0,0,,0
map#5e97f268665ea042,ef_obj_n009.mdl,,1,,,,1,,,,,,,,,-1,,,,,,,,-1,,,,,,,,,,,-1,,,,,,,,,-1,,,-1,,,,,,,,,,,,,,,,,,,,,,,,,,,,-1,,,,,,,,-1,,,,,-1,,,,0,0,0,0,0,,0,0,0,0,0,0,1,0,,0,,0,0,0,,1,,0,,,,,,1,,,,,,,0,,0,,1,0,0,1,0,,,,0,0,0,0,,0,0,0,0,0,0,0,0,0,0,0,,,,,0,0,,,,0,1,0,0,0,,,,,1,,,,0,1,,,,,0,0,,0,0,,0,,0
map#5eaa7189a7f6e899,,ob2072hou50.mdl,1,,,,1,,,,,,,,,-1,-1,,-1,-1,,,,,,,,,,,,,,,,,,,,,-1,,,-1,-1,,,,,,,-1,-1,,,,,,,,,,,,,,,,,,,,,,-1,,,,,,,,-1,,,,-1,,,,,0,0,0,0,0,,0,0,0,0,0,0,1,1,,1,,1,0,0,,0,,0,,,,,,0,,,,,0,,1,,0,,1,1,0,0,0,,,,0,1,1,0,,0,0,0,0,0,0,0,0,0,0,0,0,0,,,0,0,0,0,0,0,1,0,0,,0,,,,1,,,,1,0,,,0,0,0,2,,0,0,0,0,0,0
map#5ed17eeb8995911a,ob0010hou04.mdl,ob0010hou04.mdl,0,,,,0,,,,,,,,,,,,,,,,,-1,,,,,,,,,,,,,,,,,,,,,,,,,,,,,,,,,,,,,,,,,,,,,,,,,,,,,,,,,,,,,,,,,,,-1,0,0,0,0,0,,0,0,0,0,0,0,0,0,,0,,0,0,0,,1,,0,,,,,,0,,,,,0,,0,,0,,0,0,0,0,0,,,,0,0,0,0,,0,0,0,0,0,0,0,0,0,0,0,0,0,,,0,0,0,0,0,0,0,0,0,,,,,,0,,,,0,0,,,,1,0,0,,0,0,0,0,,0
map#5f104a8476a7adc5,ob0000plt05_l1.mdl,ob0000plt05_l1.mdl,0,,,,0,-1,-1,,,,,,,-1,,,,,,,,,-1,,,,,,,,,,,,,,,,,,,,,,,,,,,,,,,,,,,,,,,,,,,,,,,,,,,,,,,,,,,,,,,-1,,,,1,1,0,0,0,,0,0,0,0,0,0,1,0,,0,,0,0,0,,0,,1,,,,,,0,,,,,0,,0,,0,,0,0,0,0,0,,,,0,0,0,0,,0,0,0,0,0,0,0,0,0,0,0,0,,,,0,0,,,,0,0,0,0,,,,,,0,,,,0,1,,,,0,0,0,,0,0,0,0,,0
map#5f742d215a5e6a69,ob4061obj18b.mdl,ob4061obj18b.mdl,1,,,,0,-1,,,,,,,,-1,,,,,,,,,-1,,,,,,,,,,,,,,,,,,,-1,,,,,,,,-1,,,,,,,,,,,,,,,,,,,,,,,-1,-1,,,,,,,-1,,,,,-1,,,,1,0,0,0,0,,0,0,0,0,0,0,1,0,,0,,0,0,0,,0,,1,,,,,,0,,,,,0,,0,,0,,1,0,0,0,0,,,,0,1,0,0,,0,0,0,0,0,0,0,0,0,0,0,0,0,,,0,0,0,0,0,0,1,1,0,,,,,,1,,,,0,1,,,,0,0,0,,0,0,0,0,,0
map#5f8bf3e95cf3bbac,,equ9001.mdl,0,,,,1,-1,,,,,,,,-1,-1,,,,,,,,,,,,,,,,,,,,,,,,,,,-1,-1,,-1,,,,,-1,-1,,,,,,,,,,,,,,,,,,,,,,-1,,,,,,,,-1,,,,-1,,,,,1,0,0,0,0,,0,0,0,0,0,0,1,1,,0,,0,0,0,,0,,0,,,,,,0,,,,,0,,0,,0,,1,1,0,1,0,,,,0,1,1,0,,0,0,0,0,0,0,0,0,0,0,0,0,0,,,0,0,0,0,0,0,1,0,0,,,,,,1,,,,1,0,,,,0,0,0,,0,0,0,0,,0
map#5fac338c18d5231a,ob2072obj79c.mdl,ob2072obj79c.mdl,1,,,,1,,,,,,,,,-1,,,,,,,,,-1,,,,,,,,,,,,,,,,,,,-1,,,-1,,,,,-1,,,,,,,,,,,,,,,,,,,,,,,-1,,-1,,,,,,-1,,,,-1,,,,,0,0,0,0,0,,0,0,0,0,0,0,1,0,,0,,0,0,0,,0,,1,,,,,,0,,,,,0,,0,,0,,1,0,0,1,0,,,,0,1,0,0,,0,0,0,0,0,0,0,0,0,0,0,0,0,,,0,0,0,0,0,0,1,0,1,,,,,,1,,,,1,0,,,,0,0,0,,0,0,0,0,,0
map#6004dd57ab4488e4,,mp6100_01.mdl,1,,,,1,,,,,,,,,-1,,,,,,,,,,,,,,,,,,,,,,,,,,,,,,,-1,,,,,-1,,,,-1,,,,,,,,,,,,,,,,,,,-1,,,,,,,,-1,,,,,,,,,0,0,0,0,0,,0,0,0,0,0,0,1,0,,0,,0,0,0,,0,,0,,,,,,0,,,,,0,,0,,0,,0,0,0,1,0,,,,0,1,0,0,,1,0,0,0,0,0,0,0,0,0,0,0,0,,,0,0,0,0,0,0,1,0,0,,0,,,,1,,,,0,0,,,0,0,0,0,,0,0,0,0,0,0
map#601649f30a63f6fb,mp0010_06.mdl,mp0010_06.mdl,1,,,,0,,,,,,,,,-1,,,,-1,,,,,,,,,,,,,,,,,,,,,,,,-1,,,-1,,,,,,,,,,,,,,,,,,,,,,,,,,,,-1,,,,,,,,,,,,,,,,,0,0,0,0,0,,0,0,0,0,0,0,1,0,,0,,1,0,0,,0,,0,,,,,,0,,,,,0,,0,,0,,1,0,0,1,0,,,,0,0,0,0,,0,0,0,0,0,0,0,0,0,0,0,0,0,,,0,0,0,0,0,0,1,0,0,,,,,,0,,,,0,0,,,,0,0,0,,0,0,0,0,,0
map#6028a598ccae679b,mp1110.mdl,mp1110.mdl,1,,,,1,,,,,,,,,-1,-1,,-1,,-1,,,,,,,,,,,,,,,,,,,,,,,-1,-1,,,,,,,-1,-1,,,,,,,,,,,,,,,,,,,,,,-1,,,,,,,,-1,,,,-1,,,,,0,0,0,0,0,,0,0,0,0,0,0,1,1,,1,,0,1,0,,0,,0,,,,,,0,,,,,0,,0,,0,,1,1,0,0,0,,,,0,1,1,0,,0,0,0,0,0,0,0,0,0,0,0,0,0,,,0,0,0,0,0,0,1,0,0,,,,,,1,,,,1,0,,,,0,0,0,,0,0,0,0,,0
map#6067e6d2041afe01,ob3061kag00.mdl,ob3061kag00.mdl,1,,,,1,-1,,,,,,,,-1,,,,-1,,,,,,,,,,,,,,,,,,,,,,,,-1,,,-1,,,,,-1,,,,,,,,,,,,,,,,,,,,,,,-1,,,,,,,,-1,,,,,,,,,1,0,0,0,0,,0,0,0,0,0,0,1,0,,0,,1,0,0,,0,,0,,,,,,0,,,,,0,,0,,0,,1,0,0,1,0,,,,0,1,0,0,,0,0,0,0,0,0,0,0,0,0,0,0,0,,,0,0,0,0,0,0,1,0,0,,,,,,1,,,,0,0,,,,0,0,0,,0,0,0,0,,0
map#606f92192fc87994,mp8000.mdl,mp8000.mdl,0,,,,1,,,,,,,,-1,-1,,,,,,,,,,,,,,,,,,,,,,,,,,,,,,,,,,,-1,,,,,,,,,,,,,,,,,,,,,,,,,,,,,,,,,,,,,-1,,,,0,0,0,0,0,,0,0,0,0,0,1,1,0,,0,,0,0,0,,0,,0,,,,,,0,,,,,0,,0,,0,,0,0,0,0,0,,,,1,0,0,0,,0,0,0,0,0,0,0,0,0,0,0,0,0,,,0,0,0,0,0,0,0,0,0,,,,,,0,,,,0,1,,,,0,0,0,,0,0,0,0,,0
map#6133756ae3fac0a1,ef_shp_a003.mdl,ef_obj_w050.mdl,1,,,,0,,,,,,,,,,,,,,,,,,-1,,,,,,,,,,,,,,,,,,,,,,,,,,,,,,,,,,,,,,,,,,,,,,,,,,,,,,,,,,,,,,,,,,,0,0,0,0,0,,0,0,0,0,0,0,0,0,,0,,0,0,0,,0,,1,,,,,,0,,,,,0,,0,,0,,0,0,0,0,0,,,,0,0,0,0,,0,0,0,0,0,0,0,0,0,0,0,0,,,,0,0,,,,0,0,0,0,,,,,,0,,,,0,0,,,,0,0,0,,0,0,0,0,,0
map#616d816a342578ef,ob1010kag03.mdl,ob0052evt00.mdl,1,,,,1,,,,,,,,,-1,,,,,,,,,,,,,,,,,,,,,,,,,,,,,,,,,,,,,,,,,,,,,,,,,,,,,,,,,,,-1,,,,,,,,,,,,,,,,,0,0,0,0,0,,0,0,0,0,0,0,1,0,,0,,0,0,0,,0,,0,,,,,,0,,,,,0,,0,,0,,0,0,0,0,0,,,,0,0,0,0,,0,0,0,0,0,0,0,0,0,0,0,0,,,,0,0,,,,0,1,0,0,,,,,,0,,,,0,0,,,,0,0,0,,0,0,0,0,,0
map#618bb7ff7f77a3b1,mp0050.mdl,a1210.mdl,1,1,1,,1,,,,,,,,,-1,-1,,-1,,-1,,,,,,,,,,,,,,,,,,,,-1,,,-1,-1,-1,,,,,,-1,-1,-1,,,,,-1,,-1,,,,-1,,,,,,,,,,-1,,,,,,,,-1,,,,-1,-1,,,,0,0,0,0,0,,0,0,0,0,0,0,1,1,,1,,0,1,0,,0,,0,,,,,,0,,,,,0,,1,,0,,1,1,1,0,0,,,,0,1,1,1,,0,0,0,1,0,1,0,0,0,0,1,0,0,,,0,0,0,0,0,0,1,0,0,,,,,,1,,,,1,1,,,,0,0,0,,0,0,0,0,,0
map#61e022d888fb086e,,mp6012.mdl,1,1,1,,1,,,,,,,,,-1,-1,,,,,,,,,,,,,,,,,,,,,,,,-1,,,-1,-1,,,,,,,-1,-1,,,,,,-1,,-1,,,,,,,,,,,,,,-1,,,,,,,,-1,,,,-1,,,,,0,0,0,0,0,,0,0,0,0,0,0,1,1,,0,,0,0,0,,0,,0,,,,,,0,,,,,0,,1,,0,,1,1,0,0,0,,,,0,1,1,0,,0,0,0,1,0,1,0,0,0,0,0,0,0,,,0,0,0,0,0,0,1,0,0,,,,,,1,,,,1,0,,,0,0,0,0,,0,0,0,0,0,0
map#61eb7e70bdf40649,ob0000plt08_l1.mdl,ob0000plt08_l1.mdl,0,,,,1,-1,,,,,,,,-1,,,,,,,,,-1,,,,,,,,,,,,,,,,,,,-1,,,,,,,,,,,,,,,,,,,,,,,,,,,,,,,-1,,,,,,,,-1,,,,,-1,,,,1,0,0,0,0,,0,0,0,0,0,0,1,0,,0,,0,0,0,,0,,1,,,,,,0,,,,,0,,0,,0,,1,0,0,0,0,,,,0,0,0,0,,0,0,0,0,0,0,0,0,0,0,0,0,,,,0,0,,,,0,1,0,0,,,,,,1,,,,0,1,,,,0,0,0,,0,0,0,0,,0
map#620c195dde9e84c2,ob_s05_000h.mdl,ob_s05_000h.mdl,1,,,,1,,,,,,,,,-1,,,,,,,,,,,,,,,,,,,,,,,,,,,,-1,,,,,,,,-1,,,,,,,,,,,,,,,,,,,,,,,-1,,,,,,,,-1,,,,-1,-1,,,,0,0,0,0,0,,0,0,0,0,0,0,1,0,,0,,0,0,0,,0,,0,,,,,,0,,,,,0,,0,,0,,1,0,0,0,0,,,,0,1,0,0,,0,0,0,0,0,0,0,0,0,0,0,0,0,,,0,0,0,0,0,0,1,0,0,,,,,,1,,,,1,1,,,,0,2,0,,0,0,0,0,,0
map#62166f7ebd92b042,ob0010kag29b.mdl,ob0010kag29b.mdl,1,,,,1,,,,,,,,,-1,,,,,,,,,-1,,,,,,,,,,,,,,,,,,,-1,,,,,,,,-1,,,,,,,,,,,,,,,,,,,,,,,-1,-1,-1,,,,,,-1,,,,-1,,,,,0,0,0,0,0,,0,0,0,0,0,0,1,0,,0,,0,0,0,,0,,1,,,,,,0,,,,,0,,0,,0,,1,0,0,0,0,,,,0,1,0,0,,0,0,0,0,0,0,0,0,0,0,0,0,0,,,0,0,0,0,0,0,1,1,1,,,,,,1,,,,1,0,,,,0,0,0,,0,0,0,0,,0
map#62388d415749b06a,ob2051hou01.mdl,ob1081hou00.mdl,1,,,,1,,,,,,,,,-1,,,-1,,,,,,,,,,,,,,,,,,,,,,,,,-1,,,,,,,,-1,,,,,,,,,,,,,,,,,,,,,,,-1,,,,,,,,-1,,,,,,,,,0,0,0,0,0,,0,0,0,0,0,0,1,0,,1,,0,0,0,,0,,0,,,,,,0,,,,,0,,0,,0,,1,0,0,0,0,,,,0,1,0,0,,0,0,0,0,0,0,0,0,0,0,0,0,0,,,0,0,0,0,0,0,1,0,0,,,,,,1,,,,0,0,,,,0,0,2,,0,0,0,0,,0
map#634ceabb20f25a35,mp0061_l1.mdl,mp0061_l1.mdl,0,1,1,1,1,,,,,,,,,-1,-1,,-1,,,,,,,,,,,,,,,,,,,,,,,,,-1,-1,-1,,,,,,-1,-1,-1,,,,,-1,,-1,,,-1,,,,,,,,,,,-1,,,,,,,,-1,,,,-1,,,,,0,0,0,0,0,,0,0,0,0,0,0,1,1,,1,,0,0,0,,0,,0,,,,,,0,,,,,0,,0,,0,,1,1,1,0,0,,,,0,1,1,1,,0,0,0,1,0,1,0,0,1,0,0,0,0,,,0,0,0,0,0,0,1,0,0,,,,,,1,,,,1,0,,,,0,0,0,,0,0,0,0,,0
map#63ef6bd534c0e2f2,ef_obj_n007.mdl,mp3061.mdl,1,,,,1,,,,,,,,,-1,-1,,,,,,,,,,,,,,,,,,,,,,,,,,,-1,,,-1,,,,,-1,,,,,,,,,,,,,,,,,,,,,,,-1,,,,,,,,-1,,,,,,,,,0,0,0,0,0,,0,0,0,0,0,0,1,1,,0,,0,0,0,,0,,0,,,,,,0,,,,,,,0,,0,,1,0,0,1,0,,,,0,1,0,0,,0,0,0,0,0,0,0,0,0,0,0,,,,,0,0,,,,0,1,0,0,0,,,,,1,,,,0,0,,,,,0,0,,0,0,,0,,0
map#6441621b381a77e7,ob2051hou01b.mdl,ob2051hou01b.mdl,1,,,,1,,,,,,,,,-1,-1,,-1,-1,,,,,,,,,,,,,,,,,,,,,,,,-1,,,,,,,,-1,,,,,,,,,,,,,,,,,,,,,,,-1,,,,,,,,-1,,,,-1,,,,,0,0,0,0,0,,0,0,0,0,0,0,1,1,,1,,1,0,0,,0,,0,,,,,,0,,,,,0,,0,,0,,1,0,0,0,0,,,,0,1,0,0,,0,0,0,0,0,0,0,0,0,0,0,0,0,,,0,0,0,0,0,0,1,0,0,,,,,,1,,,,1,0,,,,0,2,2,,0,0,0,0,,0
map#6450d63fb061c8d9,,ob6100obj14.mdl,1,,,,0,,,,,,,,,-1,,,,,,,,,,,,,,,,,,,,,,,,,,,,-1,,,-1,,,,-1,-1,,,,,,,,,,,,,,,,,,,,,,,-1,,,,,,,,,,,,,,,,,0,0,0,0,0,,0,0,0,0,0,0,1,0,,0,,0,0,0,,0,,0,,,,,,0,,,,,0,,0,,0,,1,0,0,1,0,,,,1,1,0,0,,0,0,0,0,0,0,0,0,0,0,0,0,0,,,0,0,0,0,0,0,1,0,0,,,,,,0,,,,0,0,,,,0,0,0,,0,0,0,0,,0
map#646a5cf1b97c13ad,,equ9013.mdl,1,,,,1,,,,,,,,,-1,-1,,,,,,,,,,,,,,,,,,,,,,,,,,,-1,,,-1,,,,,-1,-1,,,,,,,,,,,,,,,,,,,,,,-1,,,,,,,,-1,,,,-1,,,,,0,0,0,0,0,,0,0,0,0,0,0,1,1,,0,,0,0,0,,0,,0,,,,,,0,,,,,0,,0,,0,,1,0,0,1,0,,,,0,1,1,0,,0,0,0,0,0,0,0,0,0,0,0,0,0,,,0,0,0,0,0,0,1,0,0,,0,,,,1,,,,1,0,,,0,0,0,0,,0,0,0,0,0,0
map#6477fde945be1d48,mp8100.mdl,etc1100.mdl,1,,,,1,,,,,,,,,-1,,,,,,,,,,,,,,,,,,,-1,,,,,,,,,-1,,,-1,,,,-1,-1,,,,,,,,,,,,,,,,,,,,,,,-1,,,,,,,,-1,,,,,,,,,0,0,0,0,0,,0,0,0,0,0,0,1,0,,0,,0,0,0,,0,,0,,,,,,1,,,,,0,,0,,0,,1,0,0,1,0,,,,1,1,0,0,,0,0,0,0,0,0,0,0,0,0,0,0,0,,,0,0,0,0,0,0,1,0,0,,,,,,1,,,,0,0,,,,0,0,0,,0,0,0,0,,0
map#64b277f3d2ef3823,ob0000plt05.mdl,ob0000plt05.mdl,0,,,,0,-1,,,,,,,,-1,,,,,,,,,-1,,,,,,,,,,,,,,,,,,,,,,,,,,,,,,,,,,,,,,,,,,,,,,,,,,,,,,,,,,,,,,,-1,,,,1,0,0,0,0,,0,0,0,0,0,0,1,0,,0,,0,0,0,,0,,1,,,,,,0,,,,,0,,0,,0,,0,0,0,0,0,,,,0,0,0,0,,0,0,0,0,0,0,0,0,0,0,0,0,,,,0,0,,,,0,0,0,0,,,,,,0,,,,0,1,,,,0,0,0,,0,0,0,0,,0
map#64c6c3a5a943d47d,,mp3041.mdl,0,,1,,1,,,,,,,,,-1,-1,,,,-1,,,,,,,,,,,,,,,,,,,,,,,-1,-1,,,,,,,-1,-1,,,,,,,,-1,,,,,,,,,,,,,,-1,,,,,,,,-1,,,,-1,,,,,0,0,0,0,0,,0,0,0,0,0,0,1,1,,0,,0,1,0,,0,,0,,,,,,0,,,,,0,,0,,0,,1,1,0,0,0,,,,0,1,1,0,,0,0,0,0,0,1,0,0,0,0,0,0,0,,,0,0,0,0,0,0,1,0,0,,0,,,,1,,,,1,0,,,0,0,0,0,,0,0,0,0,0,0
map#64cfb134c3e2fea1,mp1010_01.mdl,mp1010_01.mdl,1,,,,1,,,,,,,,,-1,,,,,,,,,,,,,,,,,,,-1,,,,,,,,,-1,,,,,,,,,,,,,,,,,,,,,,,,,,,,,,,-1,,,,,,,,-1,,,,,,,,,0,0,0,0,0,,0,0,0,0,0,0,1,0,,0,,0,0,0,,0,,0,,,,,,1,,,,,0,,0,,0,,1,0,0,0,0,,,,0,0,0,0,,0,0,0,0,0,0,0,0,0,0,0,0,0,,,0,0,0,0,0,0,1,0,0,,,,,,1,,,,0,0,,,,0,0,0,,0,0,0,0,,0
map#654598274fbad987,mp0051.mdl,mp0051.mdl,1,,,,1,,,,,,,,,-1,-1,,-1,,,,,,,,,,,,,,,,,,,,,,-1,,,-1,-1,-1,,,,,,-1,-1,-1,,,,,,,,,,,,,,,,,,,,,-1,,,,,,,,-1,,,,-1,,,,,0,0,0,0,0,,0,0,0,0,0,0,1,1,,1,,0,0,0,,0,,0,,,,,,0,,,,,0,,1,,0,,1,1,1,0,0,,,,0,1,1,1,,0,0,0,0,0,0,0,0,0,0,0,0,0,,,0,0,0,0,0,0,1,0,0,,,,,,1,,,,1,0,,,,0,0,0,,0,0,0,0,,0
map#65462555b370beab,mp0010_01.mdl,mp0040_01.mdl,1,,,,0,,,,,,,,,,,,,,,,,,,,,,,,,,,,,,,,,,,,,,,,,,,,,,,,,,,,,,,,,,-1,,,,,,,,,-1,,,,,,,,,,,,,,,,,,0,0,0,0,0,,0,0,0,0,0,0,0,0,,0,,0,0,0,,0,,0,,,,,,0,,,,,0,,0,,0,,0,0,0,0,0,,,,0,0,0,0,,0,0,0,0,0,0,0,0,0,0,1,0,0,,,0,0,0,0,0,1,0,0,0,,,,,,0,,,,0,0,,,,0,0,0,,0,0,0,0,,0
map#658c173f0e131b75,ob1010lig07.mdl,mp3030.mdl,1,,,,0,,,,,,,,,-1,,,,-1,,,,,,,,,,,,,,,-1,,,,,,,,,,,,,,,,-1,,,,,,,,,,,,,,,,,,,,,,,,,,,,,,,,,,,,,-1,,,,0,0,0,0,0,,0,0,0,0,0,0,1,0,,0,,1,0,0,,0,,0,,,,,,1,,,,,0,,0,,0,,0,0,0,0,0,,,,1,0,0,0,,0,0,0,0,0,0,0,0,0,0,0,0,0,,,0,0,0,0,0,0,0,0,0,,,,,,0,,,,0,1,,,,0,0,0,,0,0,0,0,,0
map#65a272878677f33f,,mp8500.mdl,0,,,,1,,,,,,,,-1,-1,,,,-1,,,,,,,,,,,,,,,,,,,,,,,,,,,,,,,-1,,,,,,,,,,,,,,,,-1,,,,,,,,,,,,,,,,,,,,,,,,,0,0,0,0,0,,0,0,0,0,0,1,1,0,,0,,1,0,0,,0,,0,,,,,,0,,,,,0,,0,,0,,0,0,0,0,0,,,,1,0,0,0,,0,0,0,0,0,0,0,0,0,0,0,0,1,,,0,0,0,0,0,0,0,0,0,,0,,,,0,,,,0,0,,,0,0,0,0,,0,0,0,0,0,0
map#660096e7bf65d931,mp2010_01.mdl,mp2010_02.mdl,0,,,,1,,,,,,,,,-1,,,,,,,,,,,,,,,,,,,,,,,,,,,,-1,,,-1,,,,,-1,,,,,,,,,,,,,,,,,,,,,,,-1,,,,,,,,-1,,,,,,,,,0,0,0,0,0,,0,0,0,0,0,0,1,0,,0,,0,0,0,,0,,0,,,,,,0,,,,,0,,0,,0,,1,0,0,1,0,,,,0,1,0,0,,0,0,0,0,0,0,0,0,0,0,0,0,0,,,0,0,0,0,0,0,1,0,0,,,,,,1,,,,0,0,,,,0,2,0,,0,0,0,0,,0
map#6621f72331e6ec78,,ob0000sky00.mdl,0,,,,0,,,,,,,,-1,-1,,,,,,,,,,-1,,,-1,,,,,,,,,,,,,,,,,,,,,,-1,,,,,,,,,,,,,,,,-1,,,,,,,,,,,,,,,,,,,,,,,,,0,0,0,0,0,,0,1,0,0,1,1,1,0,,0,,0,0,0,,0,,0,,,,,,0,,,,,0,,0,,0,,0,0,0,0,0,,,,1,0,0,0,,0,0,0,0,0,0,0,0,0,0,0,0,1,,,0,0,0,0,0,0,0,0,0,,,,,,0,,,,0,0,,,0,0,0,0,,0,0,0,0,,0
map#666076bb02b322fc,ob4010etc00.mdl,ob4010etc00.mdl,1,,,,0,,,,,,,,,-1,,,,-1,,,,,,,,,,,,,,,-1,,,,,,,,,,-1,,-1,,,,,,,,,,,,,,,,,,,,,,,,,,,,,,,,,,,,,,,,,,,,,0,0,0,0,0,,0,0,0,0,0,0,1,0,,0,,1,0,0,,0,,0,,,,,,1,,,,,0,,0,,0,,0,1,0,1,0,,,,0,0,0,0,,0,0,0,0,0,0,0,0,0,0,0,0,0,,,0,0,0,0,0,0,0,0,0,,,,,,0,,,,0,0,,,,0,0,0,,0,0,0,0,,0
map#667984d484d83ac6,,ob8500hou50.mdl,0,,,,1,,,,,,,,,-1,,,,-1,,,,-1,,-1,,,-1,,,,,,-1,,,,,,,,,,,,,,,,-1,,,,,,,,,,,,,,,,,,,,,,,,,,,,,,,,,,,,,,,,,0,0,0,0,0,,0,1,0,0,1,0,1,0,,0,,1,0,0,,1,,0,,,,,,1,,,,,0,,0,,0,,0,0,0,0,0,,,,1,0,0,0,,0,0,0,0,0,0,0,0,0,0,0,0,0,,,0,0,0,0,0,0,0,0,0,,0,,,,0,,,,0,0,,,0,0,1,0,,0,0,0,0,0,0
map#67104353869d7395,,ob3070evt00.mdl,1,,,,0,,,,,,,,,-1,-1,,-1,-1,-1,,,,,-1,-1,,,,,,,,-1,,,,,,,,,,,,,,,,,,,,,,,,,,,,,,,,,,,,,,,,,,-1,,,,,,,,,,-1,-1,,,,0,0,0,0,0,,0,1,1,0,0,0,1,1,,1,,1,1,0,,0,,0,,,,,,1,,,,,0,,0,,0,,0,0,0,0,0,,,,0,0,0,0,,0,0,0,0,0,0,0,0,0,0,0,0,0,,,0,0,0,0,0,0,0,0,1,,,,,,0,,,,1,1,,,0,0,1,4,,0,0,0,0,,0
map#671af1d0395e65cb,ob0000sky05.mdl,,0,,,,0,,,,,,,,-1,-1,,,,,,,,,-1,-1,,,-1,,,,,,,,,,,,,,,,,,,,,,-1,,,,,,,,,,,,,,,,,,,,,,,,,,,,,,,,,,,,,,,,,0,0,0,0,0,,0,1,0,0,1,1,1,0,,0,,0,0,0,,0,,1,,,,,,0,,,,,0,,0,,0,,0,0,0,0,0,,,,1,0,0,0,,0,0,0,0,0,0,0,0,0,0,0,0,,,,0,0,,,,0,0,0,0,,,,,,0,,,,0,0,,,,0,0,0,,0,0,0,0,,0
map#6739cd2846164e3a,,mp1051.mdl,1,,1,1,1,,,,,,,,,-1,-1,,-1,,,,,,,,,,,,,,,,,,,,,,,,,-1,-1,-1,,,,,,-1,-1,-1,,,,,,,-1,,,-1,,,,,,,,,,,-1,,,-1,,,,,-1,,,,-1,,,,,0,0,0,0,0,,0,0,0,0,0,0,1,1,,1,,0,0,0,,0,,0,,,,,,0,,,,,0,,0,,0,,1,1,1,0,0,,,,0,1,1,1,,0,0,0,0,0,1,0,0,1,0,0,0,0,,,0,0,0,0,0,0,1,0,0,,1,,,,1,,,,1,0,,,0,0,0,0,,0,0,0,0,0,0
map#675a954dade976b9,ef_obj_n009.mdl,mp1010_01.mdl,0,,,,1,,,,,,,,,-1,,,,,,,,,,,,,,,,,,,,,,,,,,,,-1,,,-1,,,,,-1,,,,,,,,,,,,,,,,,,,,,,,-1,,,,,,,,-1,,,,,,,,,0,0,0,0,0,,0,0,0,0,0,0,1,0,,0,,0,0,0,,0,,0,,,,,,0,,,,,,,0,,0,,1,0,0,1,0,,,,0,1,0,0,,0,0,0,0,0,0,0,0,0,0,0,,,,,0,0,,,,0,1,0,0,0,,,,,1,,,,0,0,,,,,2,2,,0,0,,0,,0
map#676056f995d7b8b1,ob0000plt04.mdl,ob0000plt04.mdl,0,,,,0,-1,,-1,,,,,,-1,,,,,,,,,,,,,,,,,,,,,,,,,,,,,,,,,,,,,,,,,,,,,,,,,,,,,,,,,,,-1,,,,,,,,,,,,,,,,,1,0,1,0,0,,0,0,0,0,0,0,1,0,,0,,0,0,0,,0,,0,,,,,,0,,,,,0,,0,,0,,0,0,0,0,0,,,,0,0,0,0,,0,0,0,0,0,0,0,0,0,0,0,0,,,,0,0,,,,0,1,0,0,,,,,,0,,,,0,0,,,,0,0,0,,0,0,0,0,,0
map#67fea268afe27a30,mp0050_l1.mdl,,1,2,0,,1,,,,,,,,,-1,-1,,-1,-1,-1,,,,,,,,,,,,,,,,,,,,,,,-1,-1,-1,,,,,,-1,-1,-1,,,,,-1,,-1,,,,-1,,,,,,,,,,-1,,,,,,,,-1,,,,-1,,,,,0,0,0,0,0,,0,0,0,0,0,0,1,1,,1,,1,1,0,,0,,0,,,,,,0,,,,,0,,0,,0,,1,1,1,0,0,,,,0,1,1,1,,0,0,0,1,0,1,0,0,0,0,1,0,0,,,0,0,0,0,0,0,1,0,0,,,,,,1,,,,1,0,,,,0,0,0,,0,0,0,0,,0
map#6868e223f9b6f953,,ob5010hou01_l1.mdl,1,,,,1,,,,,,,,,-1,-1,,,,,,,,,-1,,,-1,,,,,,,,,,,,,,,,-1,,-1,,,,,,-1,,,,-1,,,,,,,,,,,,,,,,,,-1,,,,,,,,-1,,,,-1,,,,,0,0,0,0,0,,0,1,0,0,1,0,1,1,,0,,0,0,0,,0,,0,,,,,,0,,,,,0,,0,,0,,0,1,0,1,0,,,,0,0,1,0,,0,1,0,0,0,0,0,0,0,0,0,0,0,,,0,0,0,0,0,0,1,0,0,,0,,,,1,,,,1,0,,,0,0,0,0,,0,0,0,0,0,0
map#68d02c1830e469be,ob4040lig00.mdl,mp5105.mdl,1,,,,0,,,,,,,,,-1,,,,-1,,,,,,-1,,,-1,,,,,,-1,,,,,,,,,,,,,,,,,,,,,,,,,,,,,,,,,,,,,,,,,,,,,,,,,,,,,-1,,,,0,0,0,0,0,,0,1,0,0,1,0,1,0,,0,,1,0,0,,0,,0,,,,,,1,,,,,0,,0,,0,,0,0,0,0,0,,,,0,0,0,0,,0,0,0,0,0,0,0,0,0,0,0,0,0,,,0,0,0,0,0,0,0,0,0,,,,,,0,,,,0,1,,,,0,0,0,,0,0,0,0,,0
map#699bb8eccf8e4c72,ef_obj_n009.mdl,,1,,,,1,,,,,,,,,-1,,,,,,,,-1,,,,,,,,,,,,,,,,,,,,-1,,,-1,,,,,,,,,,,,,,,,,,,,,,,,,,,,-1,,,,,,,,-1,,,,,-1,,,,0,0,0,0,0,,0,0,0,0,0,0,1,0,,0,,0,0,0,,1,,0,,,,,,0,,,,,,,0,,0,,1,0,0,1,0,,,,0,0,0,0,,0,0,0,0,0,0,0,0,0,0,0,,,,,0,0,,,,0,1,0,0,0,,,,,1,,,,0,1,,,,,0,0,,0,0,,0,,0
map#69a7a6f6ba8877df,ob2061hou00c_l1.mdl,ob2061hou00c_l1.mdl,1,,,,1,,,,,,,,,-1,-1,,,,,,,,,,,,,,,,,,,,,,,,,,,-1,,,,,,,,-1,,,,,,,,,,,,,,,,,,,,,,,-1,,,,,,,,,,,,,,,,,0,0,0,0,0,,0,0,0,0,0,0,1,1,,0,,0,0,0,,0,,0,,,,,,0,,,,,0,,0,,0,,1,0,0,0,0,,,,0,1,0,0,,0,0,0,0,0,0,0,0,0,0,0,0,0,,,0,0,0,0,0,0,1,0,0,,,,,,0,,,,0,0,,,,0,2,2,,0,0,0,0,,0
map#6a08967a3ba18115,ob2072obj06.mdl,ob2072obj06.mdl,1,,,,1,,,,,,,,,-1,,,,-1,,,,,-1,,,,,,,,,,,,,,,,,,,-1,,,,,,,,-1,,,,,,,,,,,,,,,,,,,,,,,-1,,,,,,,,-1,,,,,,,,,0,0,0,0,0,,0,0,0,0,0,0,1,0,,0,,1,0,0,,0,,1,,,,,,0,,,,,0,,0,,0,,1,0,0,0,0,,,,0,1,0,0,,0,0,0,0,0,0,0,0,0,0,0,0,0,,,0,0,0,0,0,0,1,0,0,,,,,,1,,,,0,0,,,,0,0,0,,0,0,0,0,,0
map#6a106e0d4227a902,,mp1010_01.mdl,1,,,,1,,,,,,,,,-1,,,,,,,,,,,,,,,,,,,-1,,,,,,,,,,,,-1,,,,,,,,,,,,,,,,,,,,,,,,,,,,-1,,,,,,,,-1,,,,,,,,,0,0,0,0,0,,0,0,0,0,0,0,1,0,,0,,0,0,0,,0,,0,,,,,,1,,,,,0,,0,,0,,0,0,0,1,0,,,,0,0,0,0,,0,0,0,0,0,0,0,0,0,0,0,0,0,,,0,0,0,0,0,0,1,0,0,,,,,,1,,,,0,0,,,0,0,0,0,,0,0,0,0,,0
map#6a37c804b6af5de8,ob2071evt02.mdl,ob2071evt02.mdl,1,,,,1,,,,,,,,,-1,,,,,,,,,,,,,,,,,,,,,,,,,,,,,,,,,,,-1,,,,,,,,,,,,,,,,,,,,,,,,,,,,,,,,,,,,,-1,,,,0,0,0,0,0,,0,0,0,0,0,0,1,0,,0,,0,0,0,,0,,0,,,,,,0,,,,,0,,0,,0,,0,0,0,0,0,,,,1,0,0,0,,0,0,0,0,0,0,0,0,0,0,0,0,0,,,0,0,0,0,0,0,0,0,0,,,,,,0,,,,0,1,,,,0,0,0,,0,0,0,0,,0
map#6a77cd17874d6a2b,mp8100.mdl,ob5300vec00.mdl,1,,,,1,,,,,,,,,-1,,,,-1,,,,,,,,,,,,,,,-1,,,,,,,,,-1,,,-1,,,,-1,-1,,,,,,,,,,,,,,,,,,,,,,,-1,,,,,,,,-1,,,,,,,,,0,0,0,0,0,,0,0,0,0,0,0,1,0,,0,,1,0,0,,0,,0,,,,,,1,,,,,0,,0,,0,,1,0,0,1,0,,,,1,1,0,0,,0,0,0,0,0,0,0,0,0,0,0,0,0,,,0,0,0,0,0,0,1,0,0,,,,,,1,,,,0,0,,,,0,0,0,,0,0,0,0,,0
map#6af223484d787441,mp4010_11.mdl,mp1082.mdl,1,,,,1,,,,,,,,,-1,-1,,,,,,,,,,,,,,,,,,,,,,,,,,,-1,,,,,,,,-1,,,,,,,,,,,,,,,,,,,,,,,-1,,,,,,,,-1,,,,,,,,,0,0,0,0,0,,0,0,0,0,0,0,1,1,,0,,0,0,0,,0,,0,,,,,,0,,,,,0,,0,,0,,1,0,0,0,0,,,,0,1,0,0,,0,0,0,0,0,0,0,0,0,0,0,0,0,,,0,0,0,0,0,0,1,0,0,,,,,,1,,,,0,0,,,,0,2,0,,0,0,0,0,,0
map#6b03495e1c755ae3,mp2060.mdl,mp2060.mdl,0,,1,1,1,,,,,,,,,-1,-1,,-1,-1,,-1,,,,,,-1,-1,,,,,,,,,,,,-1,,,-1,-1,,,,,,,-1,-1,,,-1,,,,,-1,,,-1,,,,,,,,,,,-1,,,,,,,,-1,,,,-1,-1,,,,0,0,0,0,0,,0,0,0,1,1,0,1,1,,1,,1,0,1,,0,,0,,,,,,0,,,,,0,,1,,0,,1,1,0,0,0,,,,0,1,1,0,,1,0,0,0,0,1,0,0,1,0,0,0,0,,,0,0,0,0,0,0,1,0,0,,,,,,1,,,,1,1,,,,0,0,1,,0,0,0,0,,0
map#6b1c191a75a91f7e,,sc0117.mdl,1,,,,0,,,,,,,,,-1,,,,,,,,,,-1,,,-1,,,,,,,,,,,,,,,,,,,,,,,-1,,,,-1,,,,,,,,,,,,,,,,,,,-1,,,,,,,,,,,,,,,,,0,0,0,0,0,,0,1,0,0,1,0,1,0,,0,,0,0,0,,0,,0,,,,,,0,,,,,0,,0,,0,,0,0,0,0,0,,,,0,1,0,0,,1,0,0,0,0,0,0,0,0,0,0,0,0,,,0,0,0,0,0,0,1,0,0,,,,,,0,,,,0,0,,,,0,0,0,,0,0,0,0,,0
map#6b1e997629bbb9a7,,ob0000sky07.mdl,0,,,,0,,,-1,,,,,,-1,,,,-1,,,,,,,,,,,,,,,,,,,,,,,,,,,,,,,-1,,,,,,,,,,,,,,,,-1,,,,,,,,,,,,,,,,,,,,,,,,,0,0,1,0,0,,0,0,0,0,0,0,1,0,,0,,1,0,0,,0,,0,,,,,,0,,,,,0,,0,,0,,0,0,0,0,0,,,,1,0,0,0,,0,0,0,0,0,0,0,0,0,0,0,0,1,,,0,0,0,0,0,0,0,0,0,,0,,,,0,,,,0,0,,,0,0,0,0,,0,0,0,0,0,0
map#6b2639635bff772b,ob_e05_001.mdl,ob_e05_001.mdl,1,,,,1,,,,,,,-1,,-1,,,,,,,,,,,,,,,,,,,,,,,,,,,,-1,,,,,,,,-1,,,,,,,,,,,,,,,,,,,,,,,-1,,,,,,,,,,,,,-1,,,,0,0,0,0,0,,1,0,0,0,0,0,1,0,,0,,0,0,0,,0,,0,,,,,,0,,,,,0,,0,,0,,1,0,0,0,0,,,,0,1,0,0,,0,0,0,0,0,0,0,0,0,0,0,0,0,,,0,0,0,0,0,0,1,0,0,,,,,,0,,,,0,1,,,,0,0,0,,0,0,0,0,,0
map#6b6a9256d5ef7115,a0001.mdl,a0001.mdl,0,,,,1,,,,,,,,,-1,,,,,,,,,,,,,,,,,,,,,,,,,,,,-1,,,,,,,,-1,,,,-1,,,,,,,,,,,,,,,,,,,-1,,,,,,,,-1,,,,,,,,,0,0,0,0,0,,0,0,0,0,0,0,1,0,,0,,0,0,0,,0,,0,,,,,,0,,,,,0,,0,,0,,1,0,0,0,0,,,,0,1,0,0,,1,0,0,0,0,0,0,0,0,0,0,0,0,,,0,0,0,0,0,0,1,0,0,,,,,,1,,,,0,0,,,,0,0,0,,0,0,0,0,,0
map#6b913641b03eb4b5,mp1040.mdl,mp1040.mdl,1,,,,1,,,,,,,,,-1,-1,,,-1,,,,,,,,,,,,,,,,,,,,,-1,,,-1,-1,,,,,,,-1,-1,,,,,,,,,,,,,,,,,,,,,,-1,,,,,,,,-1,,,,-1,,,,,0,0,0,0,0,,0,0,0,0,0,0,1,1,,0,,1,0,0,,0,,0,,,,,,0,,,,,0,,1,,0,,1,1,0,0,0,,,,0,1,1,0,,0,0,0,0,0,0,0,0,0,0,0,0,0,,,0,0,0,0,0,0,1,0,0,,,,,,1,,,,1,0,,,,0,0,0,,0,0,0,0,,0
map#6b9d04bc5295d55c,ob0000rok01_l1.mdl,ob0000rok01_l1.mdl,1,0,2,1,1,,,,,,,,,-1,-1,,-1,-1,-1,,,,,,,,,,,,,,,,,,,,,,,-1,-1,-1,,,,,,-1,-1,-1,,,,,-1,,-1,,,-1,-1,,,,,,,,,,,,,,,,,,-1,,,,-1,,,,,0,0,0,0,0,,0,0,0,0,0,0,1,1,,1,,1,1,0,,0,,0,,,,,,0,,,,,0,,0,,0,,1,1,1,0,0,,,,0,1,1,1,,0,0,0,1,0,1,0,0,1,0,1,0,,,,0,0,,,,0,0,0,0,,,,,,1,,,,1,0,,,,0,0,0,,0,0,0,0,,0
map#6c850ea6bcbd7e27,mp0010.mdl,,0,1,1,,1,,,,,,,,,-1,-1,,,,,,,,,-1,,,,,,,,,,,,,,,,,,-1,,,,,,,,-1,,,,,,,-1,,-1,,,,,,,,,,,,,,-1,,,,,,,,-1,,,,-1,,,,,0,0,0,0,0,,0,1,0,0,0,0,1,1,,0,,0,0,0,,0,,0,,,,,,0,,,,,0,,0,,0,,1,0,0,0,0,,,,0,1,0,0,,0,0,0,1,0,1,0,0,0,0,0,0,0,,,0,0,0,0,0,0,1,0,0,,,,,,1,,,,1,0,,,,0,2,0,,0,0,0,0,,0
map#6c8c9c2739e2d772,ob0000plt10.mdl,ob0000plt10.mdl,0,,,,1,-1,,,,,,,,-1,,,,-1,,,,,-1,,,,,,,,,,,,,,,,,,,,,,,,,,,,,,,,,,,,,,,,,,,,,,,,,-1,-1,,,,,,,,,,,,,,,,,1,0,0,0,0,,0,0,0,0,0,0,1,0,,0,,1,0,0,,0,,1,,,,,,0,,,,,0,,0,,0,,0,0,0,0,0,,,,0,0,0,0,,0,0,0,0,0,0,0,0,0,0,0,0,,,,0,0,,,,1,1,0,0,,,,,,0,,,,0,0,,,,0,0,0,,0,0,0,0,,0
map#6cb555a4eafad165,mp3010_05.mdl,ob2072obj38.mdl,0,,,,1,,,,,,,,,-1,,,,,-1,,,,,,,,,,,,,,,,,,,,,,,-1,,,,,,,,-1,,,,,,,,,,,,,,,,,,,,,,,-1,,,,,,,,-1,,,,,,,,,0,0,0,0,0,,0,0,0,0,0,0,1,0,,0,,0,1,0,,0,,0,,,,,,0,,,,,0,,0,,0,,1,0,0,0,0,,,,0,1,0,0,,0,0,0,0,0,0,0,0,0,0,0,0,0,,,0,0,0,0,0,0,1,0,0,,,,,,1,,,,0,0,,,,0,0,0,,0,0,0,0,,0
map#6cfa75caece30e7b,,mp1051.mdl,1,,1,,1,,,,,,,,,-1,-1,,-1,-1,,,,,,,,,,,,,,,,,,,,,,,,-1,-1,-1,,,,,,-1,-1,-1,,,,,,,-1,,,,,,,,,,,,,,-1,,,,,,,,-1,,,,-1,,,,,0,0,0,0,0,,0,0,0,0,0,0,1,1,,1,,1,0,0,,0,,0,,,,,,0,,,,,0,,0,,0,,1,1,1,0,0,,,,0,1,1,1,,0,0,0,0,0,1,0,0,0,0,0,0,0,,,0,0,0,0,0,0,1,0,0,,0,,,,1,,,,1,0,,,0,0,0,0,,0,0,0,0,0,0
map#6d0bf09e6d6fc50c,,ef_obj_a404.mdl,1,,,,0,,,,,,,,-1,-1,,,,,,,,,,,,,,,,,,,,,,,,,,,,,,,,,,,,,,,,,,,,,,,,,,,,,,-1,,,,,,,,,,,,,,,,,,,,,,0,0,0,0,0,,0,0,0,0,0,1,1,0,,0,,0,0,0,,0,,0,,,,,,0,,,,,0,,0,,0,,0,0,0,0,0,,,,0,0,0,0,,0,0,0,0,0,0,0,0,0,0,0,0,0,,,1,0,0,0,0,0,0,0,0,,0,,,,0,,,,0,0,,,0,0,0,0,,0,0,0,0,0,0
map#6d164574dd25d2a7,mp4010_01.mdl,mp4010_01.mdl,1,,,,1,,,,,,,,,-1,-1,,,,,,,,,,,,,,,,,,,,,,,,,,,-1,,,,,,,,-1,,,,,,,,,,,,,,,,,,,,,,,-1,,,,,,,,-1,,,,,,,,,0,0,0,0,0,,0,0,0,0,0,0,1,1,,0,,0,0,0,,0,,0,,,,,,0,,,,,0,,0,,0,,1,0,0,0,0,,,,0,1,0,0,,0,0,0,0,0,0,0,0,0,0,0,0,0,,,0,0,0,0,0,0,1,0,0,,,,,,1,,,,0,0,,,,0,0,0,,0,0,0,0,,0
map#6d578b6830ee25d4,mp1031.mdl,mp1031.mdl,1,1,1,,1,,,,,,,,,-1,-1,,,-1,,,,,,,,,,,,,,,,,,,,,,,,-1,,,,,,,,-1,,,,,,,-1,,-1,,,,,,,,,,,,,,-1,,,,,,,,-1,,,,-1,,,,,0,0,0,0,0,,0,0,0,0,0,0,1,1,,0,,1,0,0,,0,,0,,,,,,0,,,,,0,,0,,0,,1,0,0,0,0,,,,0,1,0,0,,0,0,0,1,0,1,0,0,0,0,0,0,,,,0,0,,,,0,1,0,0,,,,,,1,,,,1,0,,,,0,0,0,,0,0,0,0,,0
map#6d5dd66fed08f544,ob3010obj95d.mdl,ob3010obj95d.mdl,1,,,,1,,,,,,,,,-1,-1,,,,-1,,,,,,,,,,,,,,-1,,,,,,,,,-1,,,-1,,,,,-1,,,,,,,,,,,,,,,,,,,,,,,-1,,,,,,,,-1,,,,-1,,,,,0,0,0,0,0,,0,0,0,0,0,0,1,1,,0,,0,1,0,,0,,0,,,,,,1,,,,,0,,0,,0,,1,0,0,1,0,,,,0,1,0,0,,0,0,0,0,0,0,0,0,0,0,0,0,0,,,0,0,0,0,0,0,1,0,0,,,,,,1,,,,1,0,,,,0,0,0,,0,0,0,0,,0
map#6d6a241b48be09b8,,ob0051evt01.mdl,1,,,,0,,,,,,,,-1,-1,,,,-1,,,,,,-1,,,-1,,,,,,,,,,,,,,,,,,,,,,,,,,,,,,,,,,,,,,-1,,,-1,,,,,,,,,,,,,,,,,,,,,,0,0,0,0,0,,0,1,0,0,1,1,1,0,,0,,1,0,0,,0,,0,,,,,,0,,,,,0,,0,,0,,0,0,0,0,0,,,,0,0,0,0,,0,0,0,0,0,0,0,0,0,0,0,0,1,,,1,0,0,0,0,0,0,0,0,,0,,,,0,,,,0,0,,,0,0,0,0,,0,0,0,0,0,0
map#6dafee38353b462f,ef_obj_d004.mdl,,1,,,,0,-1,,,,,,,,-1,,,,,,,,,,-1,,,,,,,,,,,,,,,,,,,,,,,,,-1,,,,,,,,,,,,,,,,,,,,,,,,,,,,,,,,,,,,,,,,,1,0,0,0,0,,0,1,0,0,0,0,1,0,,0,,0,0,0,,0,,0,,,,,,0,,,,,,,0,,0,,0,0,0,0,0,,,,1,0,0,0,,0,0,0,0,0,0,0,0,0,0,0,,,,,0,0,,,,0,0,0,0,0,,,,,0,,,,0,0,,,,,0,0,,0,0,,0,,0
map#6dbef0c146a24d69,mp0050.mdl,a0305.mdl,1,,,,1,,,,,,,,,-1,-1,,,,-1,,,,,,,,,,,,,,,,,,,,,,,-1,,,-1,,,,,-1,,,,,,,,,,,,,,,,,,,,,,,-1,,,,,,,,-1,,,,-1,,,,,0,0,0,0,0,,0,0,0,0,0,0,1,1,,0,,0,1,0,,0,,0,,,,,,0,,,,,0,,0,,0,,1,0,0,1,0,,,,0,1,0,0,,0,0,0,0,0,0,0,0,0,0,0,0,0,,,0,0,0,0,0,0,1,0,0,,,,,,1,,,,1,0,,,,0,0,0,,0,0,0,0,,0
map#6dc2a8df75a51f16,ob_e05_000.mdl,ob_e05_000.mdl,1,,,,1,,,,,,,,,-1,-1,,,,-1,,,,,,,,,,,,,,-1,,,,,,,,,-1,,,,,,,,-1,,,,,,,,,,,,,,,,,,,,,,,,-1,-1,,,,,,,,,,,,,,,0,0,0,0,0,,0,0,0,0,0,0,1,1,,0,,0,1,0,,0,,0,,,,,,1,,,,,0,,0,,0,,1,0,0,0,0,,,,0,1,0,0,,0,0,0,0,0,0,0,0,0,0,0,0,0,,,0,0,0,0,0,0,0,1,1,,,,,,0,,,,0,0,,,,0,1,0,,0,0,0,0,,0
map#6e355a5bcb072e5c,mp4010_08.mdl,mp4010_08.mdl,1,,,,1,,,,,,,,,-1,,,,,,-1,,,,,,,,,,,,,,,,,,,,,,-1,,,,,,,,-1,,,,,,,,,,,,,,,,,,,,,,,-1,,,,,,,,-1,,,,,,,,,0,0,0,0,0,,0,0,0,0,0,0,1,0,,0,,0,0,1,,0,,0,,,,,,0,,,,,0,,0,,0,,1,0,0,0,0,,,,0,1,0,0,,0,0,0,0,0,0,0,0,0,0,0,0,0,,,0,0,0,0,0,0,1,0,0,,,,,,1,,,,0,0,,,,0,0,0,,0,0,0,0,,0
map#6e40573d01ea453e,,ob8300evt01.mdl,1,,,,0,,,,,,,,,-1,,,,,,-1,,,,,,-1,,,,,,,,,,,,,,,,,,,,,,,-1,,,,,,,,,,,,,,,,,,,,,,,,-1,,,,,,,,-1,,,,-1,,,,,0,0,0,0,0,,0,0,0,1,0,0,1,0,,0,,0,0,1,,0,,0,,,,,,0,,,,,0,,0,,0,,0,0,0,0,0,,,,1,0,0,0,,0,0,0,0,0,0,0,0,0,0,0,0,0,,,0,0,0,0,0,0,1,0,0,,0,,,,1,,,,1,0,,,0,0,0,1,,0,0,0,0,0,0
map#6e66f2f9e6ae4ece,ob2010lig01.mdl,ob2010lig01.mdl,1,,,,1,,,,,,,,,-1,,,,,,,,,,,,,,,,,,,,,,,,,,,,-1,,,-1,,,,,,,,,,,,,,,,,,,,,,,,,,,,-1,,,,,,,,-1,,,,,,,,,0,0,0,0,0,,0,0,0,0,0,0,1,0,,0,,0,0,0,,0,,0,,,,,,0,,,,,0,,0,,0,,1,0,0,1,0,,,,0,0,0,0,,0,0,0,0,0,0,0,0,0,0,0,0,0,,,0,0,0,0,0,0,1,0,0,,,,,,1,,,,0,0,,,,0,0,2,,0,0,0,0,,0
map#6e6b081376a8ce26,ob1030lig00_l1.mdl,ob1030lig00_l1.mdl,1,,,,1,,,,,,,,,-1,,,,,,,,,,,,,,,,,,,-1,,,,,,,,,-1,,,,,,,,-1,,,,,,,,,,,,,,,,,,,,,,,-1,,,,,,,,-1,,,,,,,,,0,0,0,0,0,,0,0,0,0,0,0,1,0,,0,,0,0,0,,0,,0,,,,,,1,,,,,0,,0,,0,,1,0,0,0,0,,,,0,1,0,0,,0,0,0,0,0,0,0,0,0,0,0,0,0,,,0,0,0,0,0,0,1,0,0,,,,,,1,,,,0,0,,,,0,0,0,,0,0,0,0,,0
map#6eba2a18f0d6205a,924.mdl,,1,2,,,0,,,,,,,,,-1,,,,,,,,,,,,,,,,,,,,,,,,,,,,-1,,,,,,,,-1,,,,,,,-1,,,,,,,,,,,,,,,,-1,,,,,,,,-1,,,,,,,,,0,0,0,0,0,,0,0,0,0,0,0,1,0,,0,,0,0,0,,0,,0,,,,,,0,,,,,0,,0,,0,,1,0,0,0,0,,,,0,1,0,0,,0,0,0,1,0,0,0,0,0,0,0,0,0,,,0,0,0,0,0,0,1,0,0,,,,,,1,,,,0,0,,,,0,0,0,,0,0,0,0,,0
map#6ec1ebdb3b32a2b3,,ob5010evt00.mdl,1,,,,1,,,,,,,,,-1,,,,,,,,,,,,,,,,,,,,,,,,,,,,-1,,,,,,,,-1,,,,,,,,,,,,,,,,,,,,,,,,,,,,,,,-1,,,,,,,,,0,0,0,0,0,,0,0,0,0,0,0,1,0,,0,,0,0,0,,0,,0,,,,,,0,,,,,0,,0,,0,,1,0,0,0,0,,,,0,1,0,0,,0,0,0,0,0,0,0,0,0,0,0,0,0,,,0,0,0,0,0,0,0,0,0,,0,,,,1,,,,0,0,,,0,0,0,0,,0,0,0,0,0,0
map#6f7b5960cbb15d0a,,ob4010hou39.mdl,0,,,,0,,,,,,,,-1,-1,,,,,,,,,,,,,,,,,,,,,,,,,,,,,,,,,,,-1,,,,,,,,,,,,,,,,,,,,,,,,,,,,,,,,,,,,,-1,,,,0,0,0,0,0,,0,0,0,0,0,1,1,0,,0,,0,0,0,,0,,0,,,,,,0,,,,,0,,0,,0,,0,0,0,0,0,,,,1,0,0,0,,0,0,0,0,0,0,0,0,0,0,0,0,0,,,0,0,0,0,0,0,0,0,0,,0,,,,0,,,,0,1,,,0,0,0,0,,0,0,0,0,0,0
map#6f84a58bf23e0d77,,mp4060.mdl,0,,,,1,,,,,,,,,-1,,,,,-1,-1,,,,,,,,,,,,,,,,,,,,,,-1,,,,,,,,-1,,,,,,,,,,,,,,,,,,,,,,,-1,,,,,,,,-1,,,,,,,,,0,0,0,0,0,,0,0,0,0,0,0,1,0,,0,,0,1,1,,0,,0,,,,,,0,,,,,0,,0,,0,,1,0,0,0,0,,,,0,1,0,0,,0,0,0,0,0,0,0,0,0,0,0,0,0,,,0,0,0,0,0,0,1,0,0,,0,,,,1,,,,0,0,,,0,0,0,0,,0,0,0,0,0,0
map#7055fca3c54c75f4,ob_e03_010.mdl,ob_e03_010.mdl,1,,,,1,,,,,,,,,-1,,,,-1,,,,,,-1,,,-1,,,,,,,,,,,,,,,,,,,,,,,,,,,,,,,,,,,,,,,,,,,,,,-1,,,,,,,,,,,,,,,,,0,0,0,0,0,,0,1,0,0,1,0,1,0,,0,,1,0,0,,0,,0,,,,,,0,,,,,0,,0,,0,,0,0,0,0,0,,,,0,0,0,0,,0,0,0,0,0,0,0,0,0,0,0,0,0,,,0,0,0,0,0,0,1,0,0,,,,,,0,,,,0,0,,,,0,0,0,,0,0,0,0,,0
map#70c04f88b2d227b4,ef_obj_w014.mdl,ef_obj_w014.mdl,1,,,,0,,,,,,,,,-1,,,,,,,,,,,,,,,,,,,,,,,,,,,,-1,,,,,,,,-1,,,,,,,,,,,,,,,,,,,,,,,-1,,,,,,,,,,,,,,,,,0,0,0,0,0,,0,0,0,0,0,0,1,0,,0,,0,0,0,,0,,0,,,,,,0,,,,,0,,0,,0,,1,0,0,0,0,,,,0,1,0,0,,0,0,0,0,0,0,0,0,0,0,0,0,0,,,0,0,0,0,0,0,1,0,0,,,,,,0,,,,0,0,,,,0,0,0,,0,0,0,0,,0
map#711c75241cbaa264,mp4040.mdl,ef_obj_a415.mdl,1,,,,1,,,,,,,,,-1,,,,,,,,,,,,,,,,,,,,,,,,,,,,-1,,,-1,,,,,-1,,,,-1,,,,,,,,,,,,,,,,,,,-1,,,,,,,,-1,,,,,,,,,0,0,0,0,0,,0,0,0,0,0,0,1,0,,0,,0,0,0,,0,,0,,,,,,0,,,,,0,,0,,0,,1,0,0,1,0,,,,0,1,0,0,,1,0,0,0,0,0,0,0,0,0,0,0,0,,,0,0,0,0,0,0,1,0,0,,,,,,1,,,,0,0,,,,0,0,0,,0,0,0,0,,0
map#717565388e03e732,,ob6010obj01.mdl,1,1,1,1,1,,,,,,,,,-1,-1,,-1,-1,-1,-1,,,,,,,,,,,,,,,,,,,,,,-1,-1,-1,,,,,,-1,-1,-1,,,,,-1,-1,-1,-1,,-1,,,,,,,,,,,-1,,,,,,,,,,,,-1,,,,,0,0,0,0,0,,0,0,0,0,0,0,1,1,,1,,1,1,1,,0,,0,,,,,,0,,,,,0,,0,,0,,1,1,1,0,0,,,,0,1,1,1,,0,0,0,1,1,1,1,0,1,0,0,0,0,,,0,0,0,0,0,0,1,0,0,,,,,,0,,,,1,0,,,0,0,1,0,,0,0,0,0,,0
map#71d3fcab9c9ee6d9,,ob0055obj00.mdl,1,,,,0,-1,,,,,,,,-1,-1,,-1,,-1,-1,,,,-1,-1,-1,-1,,,,,,,,,,,,,,,,,,,,,,,-1,-1,,,,,,,,,,,,,,,,,,,,,,-1,-1,-1,,,,,,,,,,-1,-1,,,,1,0,0,0,0,,0,1,1,1,1,0,1,1,,1,,0,1,1,,0,,0,,,,,,0,,,,,0,,0,,0,,0,0,0,0,0,,,,0,1,1,0,,0,0,0,0,0,0,0,0,0,0,0,0,0,,,0,0,0,0,0,0,1,1,1,,0,,,,0,,,,1,1,,,0,0,0,1,,0,0,0,0,0,0
map#7239074c28ed5b7b,ob4010plt13b.mdl,ob4010plt13b.mdl,1,,,,0,-1,,,,,,,,-1,,,,,,,,,-1,,,,,,,,,,,,,,,,,,,,,,,,,,,-1,,,,,,,,,,,,,,,,,,,,,,,-1,-1,-1,,,,,,,,,,-1,,,,,1,0,0,0,0,,0,0,0,0,0,0,1,0,,0,,0,0,0,,0,,1,,,,,,0,,,,,0,,0,,0,,0,0,0,0,0,,,,0,1,0,0,,0,0,0,0,0,0,0,0,0,0,0,0,0,,,0,0,0,0,0,0,1,1,1,,,,,,0,,,,1,0,,,,0,0,0,,0,0,0,0,,0
map#7271db1f3907a554,,ob8300evt02.mdl,1,,,,0,,,,,,,,,-1,-1,,-1,-1,-1,-1,,,,,,-1,-1,,,,,,,,,,,,,,,,,,,,,,-1,,,,,,,,,,,,,,,,,,,,,,,,-1,,,,,,,,-1,,,,-1,,,,,0,0,0,0,0,,0,0,0,1,1,0,1,1,,1,,1,1,1,,0,,0,,,,,,0,,,,,0,,0,,0,,0,0,0,0,0,,,,1,0,0,0,,0,0,0,0,0,0,0,0,0,0,0,0,0,,,0,0,0,0,0,0,1,0,0,,0,,,,1,,,,1,0,,,0,0,0,1,,0,0,0,0,0,0
map#728c696615d0865e,,mp0010_06.mdl,1,,,,0,,,,,,,,,-1,,,,,,,,,,,,,,,,,,,-1,,,,,,,,,-1,,,-1,,,,,,,,,,,,,,,,,,,,,,,,,,,,-1,,,,,,,,,,,,,,,,,0,0,0,0,0,,0,0,0,0,0,0,1,0,,0,,0,0,0,,0,,0,,,,,,1,,,,,0,,0,,0,,1,0,0,1,0,,,,0,0,0,0,,0,0,0,0,0,0,0,0,0,0,0,0,0,,,0,0,0,0,0,0,1,0,0,,0,,,,0,,,,0,0,,,0,0,0,0,,0,0,0,0,0,0
map#72acd4d179af0c11,,ob5500hou05.mdl,0,,,,1,,,,,,,,,-1,,,,-1,,,,-1,,,,,,,,,,,,,,,,,,,,,,,,,,,-1,,,,,,,,,,,,,,,,,,,,,,,,,,,,,,,,,,,,,,,,,0,0,0,0,0,,0,0,0,0,0,0,1,0,,0,,1,0,0,,1,,0,,,,,,0,,,,,0,,0,,0,,0,0,0,0,0,,,,1,0,0,0,,0,0,0,0,0,0,0,0,0,0,0,0,0,,,0,0,0,0,0,0,0,0,0,,,,,,0,,,,0,0,,,,0,0,0,,0,0,0,0,,0
map#72c93bcba94067fc,,ob1081lig00.mdl,1,,,,1,,,,,,,,,-1,,,,,,,,,,,,,,,,,,,,,,,,,,,,,,,-1,,,,,,,,,,,,,,,,,,,,,,,,,,,,,,,,,,,,-1,,,,,,,,,0,0,0,0,0,,0,0,0,0,0,0,1,0,,0,,0,0,0,,0,,0,,,,,,0,,,,,0,,0,,0,,0,0,0,1,0,,,,0,0,0,0,,0,0,0,0,0,0,0,0,0,0,0,0,0,,,0,0,0,0,0,0,0,0,0,,,,,,1,,,,0,0,,,0,0,0,0,,0,0,0,0,,0
map#7355745888ee547a,mp1061.mdl,mp1061.mdl,0,,1,,1,,,,,,,,,-1,-1,,-1,-1,,-1,,,,,,,,,,,,,,,,,,,-1,,,-1,-1,,,,,,,-1,-1,,,-1,,,,,-1,,,,,,,,,,,,,,-1,,,,,,,,-1,,,,-1,,,,,0,0,0,0,0,,0,0,0,0,0,0,1,1,,1,,1,0,1,,0,,0,,,,,,0,,,,,0,,1,,0,,1,1,0,0,0,,,,0,1,1,0,,1,0,0,0,0,1,0,0,0,0,0,0,0,,,0,0,0,0,0,0,1,0,0,,,,,,1,,,,1,0,,,,0,0,1,,0,0,0,0,,0
map#7360f624dc04b926,,ob_s01_006.mdl,1,,,,1,,,,,,,-1,-1,-1,,,,,,,,,,,,,,,,,,,,,,,,,,,,,,,,,,,,-1,,,,,,,,,,,,,,,,,,,,,,,,,,,,,,,,,,,,-1,,,,0,0,0,0,0,,1,0,0,0,0,1,1,0,,0,,0,0,0,,0,,0,,,,,,0,,,,,0,,0,,0,,0,0,0,0,0,,,,0,1,0,0,,0,0,0,0,0,0,0,0,0,0,0,0,0,,,0,0,0,0,0,0,0,0,0,,0,,,,0,,,,0,1,,,0,0,0,0,,0,0,0,0,0,0
map#737040b9944a1648,,ob8300kag07.mdl,1,,,,1,,,,,,,,,-1,,,,-1,-1,,,,,,,,,,,,,,,,,,,,,,,-1,,,-1,,,,,-1,,,,,,,,,,,,,,,,,,,,,,,-1,,,,,,,,-1,,,,,,,,,0,0,0,0,0,,0,0,0,0,0,0,1,0,,0,,1,1,0,,0,,0,,,,,,0,,,,,0,,0,,0,,1,0,0,1,0,,,,0,1,0,0,,0,0,0,0,0,0,0,0,0,0,0,0,0,,,0,0,0,0,0,0,1,0,0,,0,,,,1,,,,0,0,,,0,0,0,0,,0,0,0,0,0,0
map#7373e81231f7cf49,mp0061_00.mdl,mp0061_00.mdl,1,1,2,,1,,,,,,,,,-1,-1,,,,,,,,,,,,,,,,,,,,,,,,,,,-1,,,,,,,,-1,,,,,,,-1,,-1,,,,,,,,,,,,,,-1,,,,,,,,-1,,,,,,,,,0,0,0,0,0,,0,0,0,0,0,0,1,1,,0,,0,0,0,,0,,0,,,,,,0,,,,,0,,0,,0,,1,0,0,0,0,,,,0,1,0,0,,0,0,0,1,0,1,0,0,0,0,0,0,,,,0,0,,,,0,1,0,0,,,,,,1,,,,0,0,,,,0,0,0,,0,0,0,0,,0
map#739e40a21cec5ed9,ob0010kag29.mdl,ob0010kag29.mdl,1,,,,1,,,,,,,,,-1,,,,,,,,,-1,,,,,,,,,,,,,,,,,,,-1,,,,,,,,-1,,,,,,,,,,,,,,,,,,,,,,,-1,,,,,,,,,,,,,,,,,0,0,0,0,0,,0,0,0,0,0,0,1,0,,0,,0,0,0,,0,,1,,,,,,0,,,,,0,,0,,0,,1,0,0,0,0,,,,0,1,0,0,,0,0,0,0,0,0,0,0,0,0,0,0,0,,,0,0,0,0,0,0,1,0,0,,,,,,0,,,,0,0,,,,0,0,0,,0,0,0,0,,0
map#7414014f8f4ee81c,ob3041hou00_l1.mdl,ob3041hou00_l1.mdl,1,,,,0,,,,,,,,,-1,,,,-1,,,,,,,,,,,,,,,-1,,,,,,,,,-1,,,-1,,,,,-1,,,,,,,,,,,,,,,,,,,,,,,-1,,,,,,,,-1,,,,,,,,,0,0,0,0,0,,0,0,0,0,0,0,1,0,,0,,1,0,0,,0,,0,,,,,,1,,,,,0,,0,,0,,1,0,0,1,0,,,,0,1,0,0,,0,0,0,0,0,0,0,0,0,0,0,0,0,,,0,0,0,0,0,0,1,0,0,,,,,,1,,,,0,0,,,,0,0,0,,0,0,0,0,,0
map#74219af5f4b318be,mp8020_01.mdl,ob0010hou13.mdl,1,,,,1,,,,,,,,,-1,,,,-1,,,,,,,,,,,,,,,,,,,,,,,,-1,,,-1,,,,,,,,,,,,,,,,,,,,,,,,,,,,-1,,,,,,,,,,,,,,,,,0,0,0,0,0,,0,0,0,0,0,0,1,0,,0,,1,0,0,,0,,0,,,,,,0,,,,,0,,0,,0,,1,0,0,1,0,,,,0,0,0,0,,0,0,0,0,0,0,0,0,0,0,0,0,0,,,0,0,0,0,0,0,1,0,0,,,,,,0,,,,0,0,,,,0,0,0,,0,0,0,0,,0
map#742c0a03f922cf6a,,mp6010.mdl,0,1,,,1,,,,,,,,,-1,-1,,,,-1,,,,,,,,,,,,,,,,,,,,-1,,,-1,-1,,,,,,,-1,-1,,,-1,,,-1,,,,,,,,,,,,,,,,-1,,,,,,,,-1,,,,-1,,,,,0,0,0,0,0,,0,0,0,0,0,0,1,1,,0,,0,1,0,,0,,0,,,,,,0,,,,,0,,1,,0,,1,1,0,0,0,,,,0,1,1,0,,1,0,0,1,0,0,0,0,0,0,0,0,0,,,0,0,0,0,0,0,1,0,0,,,,,,1,,,,1,0,,,0,0,1,0,,0,0,0,0,,0
map#74482b691556c6b9,,mp5100.mdl,1,,,,1,,,,,,,,,-1,-1,,,,,,,,,-1,,,-1,,,,,,-1,,,,,,,,,,-1,,-1,,,,,,-1,,,,-1,,,,,,,,,,,,,,,,,,-1,,,,,,,,-1,,,,-1,,,,,0,0,0,0,0,,0,1,0,0,1,0,1,1,,0,,0,0,0,,0,,0,,,,,,1,,,,,0,,0,,0,,0,1,0,1,0,,,,0,0,1,0,,0,1,0,0,0,0,0,0,0,0,0,0,0,,,0,0,0,0,0,0,1,0,0,,0,,,,1,,,,1,0,,,0,0,0,0,,0,0,0,0,0,0
map#7496c4902f053c38,,ob5500hou05.mdl,0,,,,1,,,,,,,,,-1,,,,,,,,-1,-1,,,,,,,,,,,,,,,,,,,,,,,,,,-1,,,,,,,,,,,,,,,,,,,,,,,,,,,,,,,,,,,,,,,,,0,0,0,0,0,,0,0,0,0,0,0,1,0,,0,,0,0,0,,1,,1,,,,,,0,,,,,0,,0,,0,,0,0,0,0,0,,,,1,0,0,0,,0,0,0,0,0,0,0,0,0,0,0,0,0,,,0,0,0,0,0,0,0,0,0,,,,,,0,,,,0,0,,,,0,0,0,,0,0,0,0,,0
map#74d74f4fd0c57e1e,ob4061plt15.mdl,ob4061plt15.mdl,1,,,,0,-1,,,,,,,,-1,,,,,,,,,-1,,,,,,,,,,,,,,,,,,,-1,,,,,,,,-1,,,,,,,,,,,,,,,,,,,,,,,-1,,,,,,,,-1,,,,,,,,,1,0,0,0,0,,0,0,0,0,0,0,1,0,,0,,0,0,0,,0,,1,,,,,,0,,,,,0,,0,,0,,1,0,0,0,0,,,,0,1,0,0,,0,0,0,0,0,0,0,0,0,0,0,0,0,,,0,0,0,0,0,0,1,0,0,,,,,,1,,,,0,0,,,,0,0,0,,0,0,0,0,,0
map#75539f1e5ea08045,,ob5200hou00.mdl,1,,,,1,,,,,,,,,-1,-1,,-1,,,,,,,,-1,,-1,,,,,,,,,,,,,,,,,,-1,,,,,,,,,,,,,,,,-1,,,,,,,,,,,,-1,,,,,,,,-1,,,,,,,,,0,0,0,0,0,,0,0,1,0,1,0,1,1,,1,,0,0,0,,0,,0,,,,,,0,,,,,0,,0,,0,,0,0,0,1,0,,,,0,0,0,0,,0,0,0,0,0,0,0,1,0,0,0,0,0,,,0,0,0,0,0,0,1,0,0,,,,,,1,,,,0,0,,,,0,0,1,,0,0,0,0,,0
map#757c72798fc6c8f0,ob0010kag28d.mdl,ob0010kag28d.mdl,1,,,,1,,,,,,,,,-1,,,,,,,,,,,,,,,,,,,,,,,,,,,,-1,,,,,,,,-1,,,,,,,,,,,,,,,,,,,,,,,-1,-1,-1,,,,,,-1,,,,-1,,,,,0,0,0,0,0,,0,0,0,0,0,0,1,0,,0,,0,0,0,,0,,0,,,,,,0,,,,,0,,0,,0,,1,0,0,0,0,,,,0,1,0,0,,0,0,0,0,0,0,0,0,0,0,0,0,0,,,0,0,0,0,0,0,1,1,1,,,,,,1,,,,1,0,,,,0,0,0,,0,0,0,0,,0
map#75bf80b84b5e4ef0,mp0013.mdl,1008.mdl,0,,,,0,,,,,,,,,,,,,,,,,,,,,,,,,,,,,,,,,,,,,,,,,,,,,,,,,,,,,,,,,,,,,,,,,,,,,,,,,,,,,,,,,,,,-1,0,0,0,0,0,,0,0,0,0,0,0,0,0,,0,,0,0,0,,0,,0,,,,,,0,,,,,0,,0,,0,,0,0,0,0,0,,,,0,0,0,0,,0,0,0,0,0,0,0,0,0,0,0,0,0,,,0,0,0,0,0,0,0,0,0,,,,,,0,,,,0,0,,,,1,0,0,,0,0,0,0,,0
map#75c050e583738861,,mp5110_20.mdl,1,,,,1,,,,,,,,,-1,-1,,,,,,,,,-1,,,-1,,,,,,-1,,,,-1,,,,,,-1,,-1,,,,,,-1,,,,-1,,,,,,,,,,,,,,,,,,-1,,,,,,,,-1,,,,-1,,,,,0,0,0,0,0,,0,1,0,0,1,0,1,1,,0,,0,0,0,,0,,0,,,,,,1,,,,,1,,0,,0,,0,1,0,1,0,,,,0,0,1,0,,0,1,0,0,0,0,0,0,0,0,0,0,0,,,0,0,0,0,0,0,1,0,0,,0,,,,1,,,,1,0,,,0,0,0,0,,0,0,0,0,0,0
map#7603cdebdc7cfe8a,mp1091_01.mdl,mp1091_01.mdl,1,,,,1,,,,,,,,,-1,-1,,-1,-1,,,,,,,,,,,,,,,,,,,,,,,,,,,,,,,,-1,,,,,,,,,,,,,,,,,,,,,,,-1,,,,,,,,-1,,,,-1,,,,,0,0,0,0,0,,0,0,0,0,0,0,1,1,,1,,1,0,0,,0,,0,,,,,,0,,,,,0,,0,,0,,0,0,0,0,0,,,,0,1,0,0,,0,0,0,0,0,0,0,0,0,0,0,0,0,,,0,0,0,0,0,0,1,0,0,,,,,,1,,,,1,0,,,,0,2,2,,0,0,0,0,,0
map#761d827ae30ed207,,mp6100_01.mdl,1,,,,1,,,,,,,,,-1,,,,,,,,,,,,,,,,,,,-1,,,,,,,,,,,,,,,,,,,,,,,,,,,,,,,,,,,,,,,,-1,,,,,,,,-1,,,,,,,,,0,0,0,0,0,,0,0,0,0,0,0,1,0,,0,,0,0,0,,0,,0,,,,,,1,,,,,0,,0,,0,,0,0,0,0,0,,,,0,0,0,0,,0,0,0,0,0,0,0,0,0,0,0,0,0,,,0,0,0,0,0,0,1,0,0,,0,,,,1,,,,0,0,,,0,0,0,0,,0,0,0,0,0,0
map#766ff8d51733489b,ob8100obj01b.mdl,ob6100obj16b.mdl,1,,,,0,-1,,,,,,,,-1,,,,,,,,,,,,,,,,,,,,,,,,,,,,,,,,,,,,,,,,,,,,,,,,,,,,,,,,,,,,,,,,,,,,,,,,,,,,1,0,0,0,0,,0,0,0,0,0,0,1,0,,0,,0,0,0,,0,,0,,,,,,0,,,,,0,,0,,0,,0,0,0,0,0,,,,0,0,0,0,,0,0,0,0,0,0,0,0,0,0,0,0,0,,,0,0,0,0,0,0,0,0,0,,,,,,0,,,,0,0,,,,0,0,0,,0,0,0,0,,1
map#76b2cab7a1033f28,,mp1050.mdl,0,,1,1,1,,,,,,,,,-1,-1,,-1,-1,-1,,,,,,,,,,,,,,,,,,,,-1,,,-1,-1,-1,,,,,,-1,-1,-1,,,,,,,-1,,,-1,-1,,,,,,,,,,-1,,,,,,,,-1,,,,-1,-1,,,,0,0,0,0,0,,0,0,0,0,0,0,1,1,,1,,1,1,0,,0,,0,,,,,,0,,,,,0,,1,,0,,1,1,1,0,0,,,,0,1,1,1,,0,0,0,0,0,1,0,0,1,0,1,0,0,,,0,0,0,0,0,0,1,0,0,,0,,,,1,,,,1,1,,,0,0,0,0,,0,0,0,0,0,0
map#76d490ff5620bca0,,ob8500obj66.mdl,0,,,,1,,,,,,,,,-1,,,,,,,,-1,-1,-1,,,-1,,,,,,,,,,,,,,,,,,,,,,-1,,,,,,,,,,,,,,,,,,,,,,,,,,,,,,,,,,,,,,,,,0,0,0,0,0,,0,1,0,0,1,0,1,0,,0,,0,0,0,,1,,1,,,,,,0,,,,,0,,0,,0,,0,0,0,0,0,,,,1,0,0,0,,0,0,0,0,0,0,0,0,0,0,0,0,0,,,0,0,0,0,0,0,0,0,0,,0,,,,0,,,,0,0,,,0,0,0,0,,0,0,0,0,0,0
map#771986dec6a5bc0b,ob2010hou19.mdl,ob2010hou19.mdl,1,,,,1,,,,,,,-1,,-1,,,,,,,,,,,,,,,,,,,,,,,,,,,,-1,,,,,,,,,,,,,,,,,,,,,,,,,,,,,,,-1,,,,,,,,-1,,,,,,,,,0,0,0,0,0,,1,0,0,0,0,0,1,0,,0,,0,0,0,,0,,0,,,,,,0,,,,,0,,0,,0,,1,0,0,0,0,,,,0,0,0,0,,0,0,0,0,0,0,0,0,0,0,0,0,0,,,0,0,0,0,0,0,1,0,0,,,,,,1,,,,0,0,,,,0,0,0,,0,0,0,0,,0
map#774d1cc7e8fcce7b,ob4040obj05.mdl,ob4040obj05.mdl,1,,,,1,,,,,,,,,-1,,,,-1,,,,,,-1,,,-1,,,,,,-1,,,,,,,,,,,,,,,,,,,,,,,,,,,,,,,,,,,,,,,,,,,,,,,,,,,,,,,,,0,0,0,0,0,,0,1,0,0,1,0,1,0,,0,,1,0,0,,0,,0,,,,,,1,,,,,0,,0,,0,,0,0,0,0,0,,,,0,0,0,0,,0,0,0,0,0,0,0,0,0,0,0,0,0,,,0,0,0,0,0,0,0,0,0,,,,,,0,,,,0,0,,,,0,0,0,,0,0,0,0,,0
map#7765337f7142ab2b,mp1050.mdl,mp1110.mdl,0,,1,1,1,,,,,,,,,-1,-1,,-1,-1,-1,,,,,,,,,,,,,,,,,,,,-1,,,-1,-1,-1,,,,,,-1,-1,-1,,,,,,,-1,,,-1,,,,,,,,,,,-1,,,,,,,,-1,,,,-1,-1,,,,0,0,0,0,0,,0,0,0,0,0,0,1,1,,1,,1,1,0,,0,,0,,,,,,0,,,,,0,,1,,0,,1,1,1,0,0,,,,0,1,1,1,,0,0,0,0,0,1,0,0,1,0,0,0,0,,,0,0,0,0,0,0,1,0,0,,,,,,1,,,,1,1,,,,0,0,0,,0,0,0,0,,0
map#778d24a71ea637ed,,ob0000sky03.mdl,0,,,,0,,,,,,,,,-1,,,,,,,,,,,,,,,,,,,,,,,,,,,,,,,,,,,-1,,,,,,,,,,,,,,,,-1,,,,,,,,,,,,,,,,,,,,,,,,,0,0,0,0,0,,0,0,0,0,0,0,1,0,,0,,0,0,0,,0,,0,,,,,,0,,,,,0,,0,,0,,0,0,0,0,0,,,,1,0,0,0,,0,0,0,0,0,0,0,0,0,0,0,0,1,,,0,0,0,0,0,0,0,0,0,,,,,,0,,,,0,0,,,0,0,0,0,,0,0,0,0,,0
map#77a060bc7e40cfe7,ob1061hou00.mdl,ob1061hou00.mdl,1,,,,1,,,,,,,,,-1,-1,,-1,,,,,,,,,,,,,,,,,,,,,,,,,,,,,,,,,-1,,,,,,,,,,,,,,,,,,,,,,,-1,,,,,,,,-1,,,,-1,,,,,0,0,0,0,0,,0,0,0,0,0,0,1,1,,1,,0,0,0,,0,,0,,,,,,0,,,,,0,,0,,0,,0,0,0,0,0,,,,0,1,0,0,,0,0,0,0,0,0,0,0,0,0,0,0,0,,,0,0,0,0,0,0,1,0,0,,,,,,1,,,,1,0,,,,0,2,2,,0,0,0,0,,0
map#787ee5aa0c0cea16,mp3041_04.mdl,mp3041_04.mdl,1,,,,1,,,,,,,,,-1,-1,,,-1,,,,,,,,,,,,,,,,,,,,,,,,-1,,,,,,,,-1,,,,,,,,,,,,,,,,,,,,,,,-1,,,,,,,,-1,,,,-1,,,,,0,0,0,0,0,,0,0,0,0,0,0,1,1,,0,,1,0,0,,0,,0,,,,,,0,,,,,0,,0,,0,,1,0,0,0,0,,,,0,1,0,0,,0,0,0,0,0,0,0,0,0,0,0,0,0,,,0,0,0,0,0,0,1,0,0,,,,,,1,,,,1,0,,,,0,0,0,,0,0,0,0,,0
map#78855108c2e5e593,,ob8500evt00.mdl,0,,,,1,,,,,,,,,-1,,,,-1,,,,-1,-1,,,,,,,,,,,,,,,,,,,-1,,,-1,,,,,-1,,,,,,,,,,,,,,,,,,,,,,,,,,,,,,,-1,,,,,,,,,0,0,0,0,0,,0,0,0,0,0,0,1,0,,0,,1,0,0,,1,,1,,,,,,0,,,,,0,,0,,0,,1,0,0,1,0,,,,0,1,0,0,,0,0,0,0,0,0,0,0,0,0,0,0,0,,,0,0,0,0,0,0,0,0,0,,0,,,,1,,,,0,0,,,0,0,0,0,,0,0,0,0,0,0
map#78b2e3a3443462f6,mp0051_00.mdl,mp0051_00.mdl,0,,,,0,,,,,,,,,-1,,,,,,,,,-1,,,,,,,,,,,,,,,,,,,,,,,,,,,,,,,,,,,,,,,,,,,,,,,,,,-1,,,,,,,,,,,,,,,,,0,0,0,0,0,,0,0,0,0,0,0,1,0,,0,,0,0,0,,0,,1,,,,,,0,,,,,0,,0,,0,,0,0,0,0,0,,,,0,0,0,0,,0,0,0,0,0,0,0,0,0,0,0,0,,,,0,0,,,,0,1,0,0,,,,,,0,,,,0,0,,,,0,0,0,,0,0,0,0,,0
map#78dfa4ff93467185,,ob6100isu01.mdl,1,,,,1,,,,,,,,,-1,,,,,,,,,-1,,,,,,,,,,,,,,,,,,,-1,,,-1,,,,,-1,,,,,,,,,,,,,,,,,,,,,,,-1,,,,,,,,,,,,,,,,,0,0,0,0,0,,0,0,0,0,0,0,1,0,,0,,0,0,0,,0,,1,,,,,,0,,,,,0,,0,,0,,1,0,0,1,0,,,,0,1,0,0,,0,0,0,0,0,0,0,0,0,0,0,0,0,,,0,0,0,0,0,0,1,0,0,,0,,,,0,,,,0,0,,,0,0,0,0,,0,0,0,0,0,0
map#7919869253d1ebc1,,mp6100_01.mdl,1,,,,0,,,,,,,,,-1,,,,,,,,,,,,,,,,,,,-1,,,,,,,,,,,,,,,,,,,,,,,,,,,,,,,,,,,,,,,,-1,,,,,,,,,,,,,,,,,0,0,0,0,0,,0,0,0,0,0,0,1,0,,0,,0,0,0,,0,,0,,,,,,1,,,,,0,,0,,0,,0,0,0,0,0,,,,0,0,0,0,,0,0,0,0,0,0,0,0,0,0,0,0,0,,,0,0,0,0,0,0,1,0,0,,0,,,,0,,,,0,0,,,0,0,0,0,,0,0,0,0,0,0
map#7958856c1c7111c2,ob1010hou00.mdl,ob1010hou00.mdl,1,,,,0,,,,,,,,,-1,,,,-1,,,,,,,,,,,,,,,-1,,,,,,,,,,,,,,,,,-1,,,,,,,,,,,,,,,,,,,,,,,-1,,,,,,,,,,,,,,,,,0,0,0,0,0,,0,0,0,0,0,0,1,0,,0,,1,0,0,,0,,0,,,,,,1,,,,,0,,0,,0,,0,0,0,0,0,,,,0,1,0,0,,0,0,0,0,0,0,0,0,0,0,0,0,0,,,0,0,0,0,0,0,1,0,0,,,,,,0,,,,0,0,,,,0,0,0,,0,0,0,0,,0
map#799b26b22d3c271f,ob3010hou07.mdl,,1,,,,1,,,,,,,,,-1,-1,,-1,-1,,,,,,,,,,,,,,,,,,,,,,,,-1,,,,,,,,-1,,,,,,,,,,-1,,,,,,,,,,,,,-1,,,,,,,,-1,,,,-1,,,,,0,0,0,0,0,,0,0,0,0,0,0,1,1,,1,,1,0,0,,0,,0,,,,,,0,,,,,0,,0,,0,,1,0,0,0,0,,,,0,1,0,0,,0,0,0,0,0,0,1,0,0,0,0,0,0,,,0,0,0,0,0,0,1,0,0,,,,,,1,,,,1,0,,,,0,0,2,,0,0,0,0,,0
map#79a45d4bd5146c47,ob0063hou00.mdl,ob0063hou00.mdl,1,,,,1,,,,,,,,,-1,-1,,,,,,,,,,,,,,,,,,,,,,,,,,,,,,,,,,,-1,,,,,,,,,,,,,,,,,,,,,,,-1,,,,,,,,-1,,,,-1,,,,,0,0,0,0,0,,0,0,0,0,0,0,1,1,,0,,0,0,0,,0,,0,,,,,,0,,,,,0,,0,,0,,0,0,0,0,0,,,,0,1,0,0,,0,0,0,0,0,0,0,0,0,0,0,0,0,,,0,0,0,0,0,0,1,0,0,,,,,,1,,,,1,0,,,,0,0,0,,0,0,0,0,,0
map#79a6e6c336542dce,,ef_obj_a404.mdl,1,,,,1,,,,,,,,,-1,,,,,,,,,,,,,,,,,,,,,,,,,,,,-1,,,-1,,,,,-1,-1,,,,,,,,,,,,,,,,,,,,,,,,,,,,,,-1,,,,-1,-1,,,,0,0,0,0,0,,0,0,0,0,0,0,1,0,,0,,0,0,0,,0,,0,,,,,,0,,,,,0,,0,,0,,1,0,0,1,0,,,,0,1,1,0,,0,0,0,0,0,0,0,0,0,0,0,0,0,,,0,0,0,0,0,0,0,0,0,,0,,,,1,,,,1,1,,,0,0,0,0,,0,0,0,0,0,0
map#79f70760aa0579d1,ob2051hou02.mdl,,0,,,,1,,,,,,,,,-1,,,-1,,,,,,,,,,,,,,,,,,,,,,,,,-1,,,,,,,,-1,,,,,,,,,,,,,,,,,,,,,,,-1,,,,,,,,-1,,,,-1,,,,,0,0,0,0,0,,0,0,0,0,0,0,1,0,,1,,0,0,0,,0,,0,,,,,,0,,,,,0,,0,,0,,1,0,0,0,0,,,,0,1,0,0,,0,0,0,0,0,0,0,0,0,0,0,0,0,,,0,0,0,0,0,0,1,0,0,,,,,,1,,,,1,0,,,,0,3,2,,0,0,0,0,,0
map#7a23f6e2fb3ccf17,mp0090.mdl,mp0090.mdl,0,1,1,1,1,,,,,,,,,-1,-1,,-1,-1,,,,,,,,,,,,,,,,,,,,,-1,,,-1,-1,-1,,,,,,-1,-1,-1,,-1,,,-1,,-1,,,-1,,,,,,,,,,,-1,,,,,,,,-1,,,,-1,,,,,0,0,0,0,0,,0,0,0,0,0,0,1,1,,1,,1,0,0,,0,,0,,,,,,0,,,,,0,,1,,0,,1,1,1,0,0,,,,0,1,1,1,,1,0,0,1,0,1,0,0,1,0,0,0,0,,,0,0,0,0,0,0,1,0,0,,,,,,1,,,,1,0,,,,0,0,0,,0,0,0,0,,0
map#7a2d6a0141a19e9b,mp1031.mdl,mp1031.mdl,0,1,1,1,1,,,,,,,,,-1,-1,,-1,,,-1,,,,,,,,,,,,,,,,,,,,,,-1,-1,-1,,,,,,-1,-1,-1,,,,,-1,,-1,,,-1,,,,,,,,,,,-1,,,,,,,,-1,,,,-1,,,,,0,0,0,0,0,,0,0,0,0,0,0,1,1,,1,,0,0,1,,0,,0,,,,,,0,,,,,0,,0,,0,,1,1,1,0,0,,,,0,1,1,1,,0,0,0,1,0,1,0,0,1,0,0,0,,,,0,0,,,,0,1,0,0,,,,,,1,,,,1,0,,,,0,0,0,,0,0,0,0,,0
map#7a714d049fa6a903,,mp5310_01.mdl,1,,,,1,,,,,,,,,-1,-1,,,,,,,,,,,,,,,,,,,,,,,,,,,-1,-1,,,,,,,-1,-1,,,,,,,,,,,,,,,,,,,,,,-1,,,,,,,,-1,,,,,,,,,0,0,0,0,0,,0,0,0,0,0,0,1,1,,0,,0,0,0,,0,,0,,,,,,0,,,,,0,,0,,0,,1,1,0,0,0,,,,0,1,1,0,,0,0,0,0,0,0,0,0,0,0,0,0,0,,,0,0,0,0,0,0,1,0,0,,,,,,1,,,,0,0,,,,0,2,0,,0,0,0,0,,0
map#7a919b27a9f0e3c9,ef_obj_x007.mdl,a0305.mdl,1,,,,1,,,,,,,,,-1,,,,-1,,,,,,,,,,,,,,,,,,,,,,,,-1,,,-1,,,,,-1,,,,,,,,,,,,,,,,,,,,,,,-1,,,,,,,,-1,,,,,,,,,0,0,0,0,0,,0,0,0,0,0,0,1,0,,0,,1,0,0,,0,,0,,,,,,0,,,,,,,0,,0,,1,0,0,1,0,,,,0,1,0,0,,0,0,0,0,0,0,0,0,0,0,0,,,,,0,0,,,,0,1,0,0,0,,,,,1,,,,0,0,,,,,0,0,,0,0,,0,,0
map#7a97b2eba5ddede2,mp0063.mdl,mp0063.mdl,1,,,,1,,,,,,,,,-1,-1,,,-1,,,,,,,,,,,,,,,,,,,,,,,,,,,,,,,,-1,,,,,,,,,,,,,,,,,,,,,,,-1,,,,,,,,-1,,,,-1,,,,,0,0,0,0,0,,0,0,0,0,0,0,1,1,,0,,1,0,0,,0,,0,,,,,,0,,,,,0,,0,,0,,0,0,0,0,0,,,,0,1,0,0,,0,0,0,0,0,0,0,0,0,0,0,0,0,,,0,0,0,0,0,0,1,0,0,,,,,,1,,,,1,0,,,,0,2,0,,0,0,0,0,,0
map#7acc34a88e4bcc4e,ob0000plt01_l1.mdl,ob0000plt01_l1.mdl,0,,,,0,-1,-1,,,,,,,-1,,,,,,,,,-1,,,,,,,,,,,,,,,,,,,,,,,,,,,,,,,,,,,,,,,,,,,,,,,,,,-1,,,,,,,,,,,,,-1,,,,1,1,0,0,0,,0,0,0,0,0,0,1,0,,0,,0,0,0,,0,,1,,,,,,0,,,,,0,,0,,0,,0,0,0,0,0,,,,0,0,0,0,,0,0,0,0,0,0,0,0,0,0,0,0,,,,0,0,,,,0,1,0,0,,,,,,0,,,,0,1,,,,0,0,0,,0,0,0,0,,0
map#7b06a908456c9986,mp0062.mdl,mp0062.mdl,1,,,,1,,,,,,,,,-1,,,,,,,,,-1,,,,,,,,,,,,,,,,,,,-1,,,,,,,,,,,,,,,,,,,,,,,,,,,,,,,-1,,,,,,,,,,,,,,,,,0,0,0,0,0,,0,0,0,0,0,0,1,0,,0,,0,0,0,,0,,1,,,,,,0,,,,,0,,0,,0,,1,0,0,0,0,,,,0,0,0,0,,0,0,0,0,0,0,0,0,0,0,0,0,0,,,0,0,0,0,0,0,1,0,0,,,,,,0,,,,0,0,,,,0,0,0,,0,0,0,0,,0
map#7b0faf0ad0dbe167,,mp5310_05.mdl,1,,,,1,,,,,,,,,-1,-1,,,,,,,,,,,,,,,,,,,,,,,,,,,-1,-1,,,,,,,-1,-1,,,,,,,,,,,,,,,,,,,,,,-1,,,,,,,,-1,,,,,,,,,0,0,0,0,0,,0,0,0,0,0,0,1,1,,0,,0,0,0,,0,,0,,,,,,0,,,,,0,,0,,0,,1,1,0,0,0,,,,0,1,1,0,,0,0,0,0,0,0,0,0,0,0,0,0,0,,,0,0,0,0,0,0,1,0,0,,,,,,1,,,,0,0,,,,0,0,0,,0,0,0,0,,0
map#7b103dbb972cb9e1,,ob5310obj02.mdl,1,,,,0,,,,,,,,,-1,-1,,,-1,,,,,,,,,,,,,,,-1,,,,,,,,,,,,,,,,-1,,,,,,,,,,,,,,,,,,,,,,,,,,,,,,,,,,,,,,,,,0,0,0,0,0,,0,0,0,0,0,0,1,1,,0,,1,0,0,,0,,0,,,,,,1,,,,,0,,0,,0,,0,0,0,0,0,,,,1,0,0,0,,0,0,0,0,0,0,0,0,0,0,0,0,0,,,0,0,0,0,0,0,0,0,0,,0,,,,0,,,,0,0,,,0,0,4,0,,0,0,0,0,0,0
map#7b137212e6e3a096,,ob_e21_007.mdl,1,,,,1,,,,,,,,,-1,-1,,,,,,,,,,,,,,,,,,,,,,,,,,,-1,-1,,-1,,,,,-1,,,,,,,,,,,,,,,,,,,,,,,-1,,,,,,,,-1,,,,-1,-1,,,,0,0,0,0,0,,0,0,0,0,0,0,1,1,,0,,0,0,0,,0,,0,,,,,,0,,,,,0,,0,,0,,1,1,0,1,0,,,,0,1,0,0,,0,0,0,0,0,0,0,0,0,0,0,0,0,,,0,0,0,0,0,0,1,0,0,,,,,,1,,,,1,1,,,0,0,0,0,,0,0,0,0,,0
map#7b3fbc0d6ea511ca,ob0000plt10_l2.mdl,ob0000plt10_l2.mdl,1,,,,0,-1,,,,-1,,,,-1,,,,-1,,,,,,,,,,,,,,,,,,,,,,,,,,,,,,,,-1,,,,,,,,,,,,,,,,,,,,,,,-1,,,,,,,,-1,,,,,,,,,1,0,0,0,1,,0,0,0,0,0,0,1,0,,0,,1,0,0,,0,,0,,,,,,0,,,,,0,,0,,0,,0,0,0,0,0,,,,0,1,0,0,,0,0,0,0,0,0,0,0,0,0,0,0,,,,0,0,,,,0,1,0,0,,,,,,1,,,,0,0,,,,0,0,0,,0,0,0,0,,0
map#7b5e8e415a80cb45,a0302.mdl,a0302.mdl,0,,,,1,,,,,,,,,-1,,,,-1,,,,,,,,,,,,,,,,,,,,,,,,,,,-1,,,,,-1,,,,,,,,,,,,,,,,,,,,,,,-1,,,,,,,,-1,,,,,,,,,0,0,0,0,0,,0,0,0,0,0,0,1,0,,0,,1,0,0,,0,,0,,,,,,0,,,,,0,,0,,0,,0,0,0,1,0,,,,0,1,0,0,,0,0,0,0,0,0,0,0,0,0,0,0,0,,,0,0,0,0,0,0,1,0,0,,,,,,1,,,,0,0,,,,0,0,0,,0,0,0,0,,0
map#7c9e15eacc8b65df,ob0030lig00.mdl,ob2010lig02.mdl,0,,,,0,,,,,,,,,-1,,,,-1,,,,,,,,,,,,,,,-1,,,,,,,,,-1,,,,,,,-1,,,,,,,,,,,,,,,,,,,,,,,,-1,,,,,,,,,,,,,,,,,0,0,0,0,0,,0,0,0,0,0,0,1,0,,0,,1,0,0,,0,,0,,,,,,1,,,,,0,,0,,0,,1,0,0,0,0,,,,1,0,0,0,,0,0,0,0,0,0,0,0,0,0,0,0,0,,,0,0,0,0,0,0,1,0,0,,,,,,0,,,,0,0,,,,0,0,0,,0,0,0,0,,0
map#7ccf4925b805720a,mp0050.mdl,a1210.mdl,1,2,0,,1,,,,,,,,,-1,-1,,-1,-1,-1,-1,,,,,,,,,,,,,,,,,,,-1,,,-1,-1,-1,,,,,,-1,-1,-1,,,,,-1,-1,-1,,,,-1,,,,,,,,,,-1,,,,,,,,-1,,,,-1,-1,,,,0,0,0,0,0,,0,0,0,0,0,0,1,1,,1,,1,1,1,,0,,0,,,,,,0,,,,,0,,1,,0,,1,1,1,0,0,,,,0,1,1,1,,0,0,0,1,1,1,0,0,0,0,1,0,0,,,0,0,0,0,0,0,1,0,0,,,,,,1,,,,1,1,,,,0,0,0,,0,0,0,0,,0
map#7d05da5d7e275d67,,etc0209.mdl,1,,,,0,,,,,,,,,-1,,,,,,,,,-1,,,,,,,,,,-1,,,,-1,,,,,,,,,,,,,,,,,,,,,,,,,,,,,,,,,,,,,,,,,,,,-1,,,,,,,,,0,0,0,0,0,,0,0,0,0,0,0,1,0,,0,,0,0,0,,0,,1,,,,,,1,,,,,1,,0,,0,,0,0,0,0,0,,,,0,0,0,0,,0,0,0,0,0,0,0,0,0,0,0,0,0,,,0,0,0,0,0,0,0,0,0,,,,,,1,,,,0,0,,,,0,0,0,,0,0,0,0,,0
map#7d59c9ceb282de61,ob0010hou07.mdl,,0,,,,1,-1,,,,,,,,-1,-1,,,,,,,-1,-1,,,,,,,,,,,,,,,,,,,-1,,,-1,,,,,-1,,,,,,,,,,,,,,,,,,,,,,,-1,,,,,,,,-1,,,,,,,,,1,0,0,0,0,,0,0,0,0,0,0,1,1,,0,,0,0,0,,1,,1,,,,,,0,,,,,0,,0,,0,,1,0,0,1,0,,,,0,1,0,0,,0,0,0,0,0,0,0,0,0,0,0,0,0,,,0,0,0,0,0,0,1,0,0,,,,,,1,,,,0,0,,,,0,3,3,,0,0,0,0,,0
map#7db0ce8b9ec38e6a,mp4010.mdl,mp4010.mdl,1,,,,1,,,,,,,,,-1,,,,,,,,,,,,,,,,,,,,,,,,,,,,-1,,,,,,,,-1,,,,,,,,,,,,,,,,,,,,,,,-1,,,,,,,,-1,,,,,-1,,,,0,0,0,0,0,,0,0,0,0,0,0,1,0,,0,,0,0,0,,0,,0,,,,,,0,,,,,0,,0,,0,,1,0,0,0,0,,,,0,1,0,0,,0,0,0,0,0,0,0,0,0,0,0,0,0,,,0,0,0,0,0,0,1,0,0,,,,,,1,,,,0,1,,,,0,2,0,,0,0,0,0,,0
map#7e339689ff450740,mp2010_06.mdl,mp2010_06.mdl,1,,,,1,,,,,,,,,-1,-1,,-1,-1,,-1,,,,,,,,,,,,,,,,,,,,,,-1,,,,,,,,-1,,,,,,,,,,,,,,,,,,,,,,,-1,,,,,,,,-1,,,,-1,,,,,0,0,0,0,0,,0,0,0,0,0,0,1,1,,1,,1,0,1,,0,,0,,,,,,0,,,,,0,,0,,0,,1,0,0,0,0,,,,0,1,0,0,,0,0,0,0,0,0,0,0,0,0,0,0,0,,,0,0,0,0,0,0,1,0,0,,,,,,1,,,,1,0,,,,0,0,0,,0,0,0,0,,0
map#7e5a315ee076b8d9,ef_obj_z013.mdl,mp1010_01.mdl,1,,,,0,,,,,,,,,-1,,,,-1,,,,,,,,,,,,,,,,,,,,,,,,-1,,,,,,,,-1,,,,,,,,,,,,,,,,,,,,,,,-1,,,,,,,,-1,,,,,,,,,0,0,0,0,0,,0,0,0,0,0,0,1,0,,0,,1,0,0,,0,,0,,,,,,0,,,,,,,0,,0,,1,0,0,0,0,,,,0,1,0,0,,0,0,0,0,0,0,0,0,0,0,0,,,,,0,0,,,,0,1,0,0,0,,,,,1,,,,0,0,,,,,0,0,,0,0,,0,,0
map#7f85f8b2c986f3e7,mp0013.mdl,mp0013.mdl,0,,,,1,,,,,,,,,-1,-1,,-1,-1,,,,-1,,,,,,,,,,,,,,,,,-1,,,-1,-1,,,,,,,,-1,,,,,,,,,,,,,,,,,,,,,,-1,,,,,,,,-1,,,,-1,,,,,0,0,0,0,0,,0,0,0,0,0,0,1,1,,1,,1,0,0,,1,,0,,,,,,0,,,,,0,,1,,0,,1,1,0,0,0,,,,0,0,1,0,,0,0,0,0,0,0,0,0,0,0,0,0,0,,,0,0,0,0,0,0,1,0,0,,,,,,1,,,,1,0,,,,0,0,2,,0,0,0,0,,0
map#7fe816481d0c6350,mp0040.mdl,mp0040.mdl,0,,1,1,1,,,,,,,,,-1,-1,,-1,,,,,,,,,,,,,,,,,,,,,,-1,,,-1,-1,-1,,,,,,-1,-1,-1,,-1,,,,,-1,,,-1,,,,,,,,,,,-1,,,,,,,,-1,,,,-1,-1,,,,0,0,0,0,0,,0,0,0,0,0,0,1,1,,1,,0,0,0,,0,,0,,,,,,0,,,,,0,,1,,0,,1,1,1,0,0,,,,0,1,1,1,,1,0,0,0,0,1,0,0,1,0,0,0,0,,,0,0,0,0,0,0,1,0,0,,,,,,1,,,,1,1,,,,0,0,0,,0,0,0,0,,0
map#7ff0755158e6dc1c,,ob0010lig06.mdl,1,,,,1,,,,,,,,,-1,,,,-1,,,,,,,,,,,,,,,-1,,,,-1,,,,,,,,,,,,,,,,,,,,,,,,,,,,,,,,,,,,,,,,,,,,,,,,,-1,,,,0,0,0,0,0,,0,0,0,0,0,0,1,0,,0,,1,0,0,,0,,0,,,,,,1,,,,,1,,0,,0,,0,0,0,0,0,,,,0,0,0,0,,0,0,0,0,0,0,0,0,0,0,0,0,0,,,0,0,0,0,0,0,0,0,0,,,,,,0,,,,0,1,,,0,0,0,0,,0,0,0,0,0,0
map#7ffc2325c80c2d93,ob1050evt00.mdl,ob1050evt00.mdl,0,,1,,1,,,,,,,,,-1,-1,,-1,-1,-1,,,,,,,,,,,,,,,,,,,,-1,,,-1,-1,-1,,,,,,-1,-1,-1,,,,,,,-1,,,,,,,,,,,,,,-1,,,,,,,,-1,,,,-1,-1,,,,0,0,0,0,0,,0,0,0,0,0,0,1,1,,1,,1,1,0,,0,,0,,,,,,0,,,,,0,,1,,0,,1,1,1,0,0,,,,0,1,1,1,,0,0,0,0,0,1,0,0,0,0,0,0,0,,,0,0,0,0,0,0,1,0,0,,,,,,1,,,,1,1,,,,0,0,0,,0,0,0,0,,0
map#802ea21f1ccb365f,mp2010_12.mdl,mp2010_12.mdl,1,,,,1,,,,,,,,,-1,,,,-1,,,,,,,,,,,,,,,,,,,,,,,,-1,,,,,,,,-1,,,,,,,,,,,,,,,,,,,,,,,-1,,,,,,,,-1,,,,,,,,,0,0,0,0,0,,0,0,0,0,0,0,1,0,,0,,1,0,0,,0,,0,,,,,,0,,,,,0,,0,,0,,1,0,0,0,0,,,,0,1,0,0,,0,0,0,0,0,0,0,0,0,0,0,0,0,,,0,0,0,0,0,0,1,0,0,,,,,,1,,,,0,0,,,,0,2,0,,0,0,0,0,,0
map#80eea7b00aadc9f9,ob1010hou07_l1.mdl,ob1010hou07_l1.mdl,1,,,,1,,,,,,,,,-1,,,,-1,,,,,,,,,,,,,,,-1,,,,,,,,,-1,,,,,,,,-1,,,,,,,,,,,,,,,,,,,,,,,-1,,,,,,,,-1,,,,,,,,,0,0,0,0,0,,0,0,0,0,0,0,1,0,,0,,1,0,0,,0,,0,,,,,,1,,,,,0,,0,,0,,1,0,0,0,0,,,,0,1,0,0,,0,0,0,0,0,0,0,0,0,0,0,0,0,,,0,0,0,0,0,0,1,0,0,,,,,,1,,,,0,0,,,,0,0,0,,0,0,0,0,,0
map#8125be950f16e269,ob0000plt10.mdl,ob0000plt10.mdl,0,,,,1,-1,,,,,,,,-1,,,,-1,,,,,-1,,,,,,,,,,,,,,,,,,,-1,,,,,,,,,,,,,,,,,,,,,,,,,,,,,,,-1,-1,,,,,,,,,,,,-1,,,,1,0,0,0,0,,0,0,0,0,0,0,1,0,,0,,1,0,0,,0,,1,,,,,,0,,,,,0,,0,,0,,1,0,0,0,0,,,,0,0,0,0,,0,0,0,0,0,0,0,0,0,0,0,0,,,,0,0,,,,0,1,1,0,,,,,,0,,,,0,1,,,,0,0,0,,0,0,0,0,,0
map#8142f0b7fef52c29,,ob0010hou12.mdl,0,1,,,1,,,,,,,,,-1,-1,,,,,,,,,,,,,,,,,,,,,,,,,,,-1,,,,,,,,-1,,,,,,,-1,,,,,,,,,,,,,,,,-1,,,,,,,,-1,,,,-1,,,,,0,0,0,0,0,,0,0,0,0,0,0,1,1,,0,,0,0,0,,0,,0,,,,,,0,,,,,0,,0,,0,,1,0,0,0,0,,,,0,1,0,0,,0,0,0,1,0,0,0,0,0,0,0,0,0,,,0,0,0,0,0,0,1,0,0,,,,,,1,,,,1,0,,,0,0,2,0,,0,0,0,0,0,0
map#814b9cf5aa199f88,ob2061dor10.mdl,ob2061dor10.mdl,0,,,,1,,,,,,,,,-1,-1,,,-1,,,,,,,,,,,,,,,,,,,,,,,,-1,-1,,-1,,,,,-1,-1,,,,,,,,,,,,,,,,,,,,,,-1,,,,,,,,-1,,,,-1,,,,,0,0,0,0,0,,0,0,0,0,0,0,1,1,,0,,1,0,0,,0,,0,,,,,,0,,,,,0,,0,,0,,1,1,0,1,0,,,,0,1,1,0,,0,0,0,0,0,0,0,0,0,0,0,0,0,,,0,0,0,0,0,0,1,0,0,,,,,,1,,,,1,0,,,,0,2,0,,0,0,0,0,,0
map#814bb145480ef82d,,ob5500obj00.mdl,1,,,,0,,,,,,,,,-1,,,,,,,,,-1,,,,,,,,,,,,,,,,,,,,,,,,,,-1,,,,,,,,,,,,,,,,,,,,,,,,,,,,,,,,,,,,,,,,,0,0,0,0,0,,0,0,0,0,0,0,1,0,,0,,0,0,0,,0,,1,,,,,,0,,,,,0,,0,,0,,0,0,0,0,0,,,,1,0,0,0,,0,0,0,0,0,0,0,0,0,0,0,0,0,,,0,0,0,0,0,0,0,0,0,,,,,,0,,,,0,0,,,,0,1,0,,0,0,0,0,,0
map#815bc6f0618ff7ec,ef_obj_a152.mdl,,0,,,,0,,,,,,,,,-1,,,,-1,,,,,,,,,,,,,,,,,,,,,,,,,,,-1,,,,,-1,,,,,,,,,,,,,,,,,,,,,,,-1,,,,,,,,,,,,,,,,,0,0,0,0,0,,0,0,0,0,0,0,1,0,,0,,1,0,0,,0,,0,,,,,,0,,,,,,,0,,0,,0,0,0,1,0,,,,0,1,0,0,,0,0,0,0,0,0,0,0,0,0,0,,,,,0,0,,,,0,1,0,0,0,,,,,0,,,,0,0,,,,,0,0,,0,0,,0,,0
map#82c620c509404491,ob0000rok13b.mdl,ob0000rok00b.mdl,0,,,,1,,,,,,,,,-1,-1,,-1,,,,,,,,,,,,,,,,,,,,,,-1,,,-1,-1,-1,,,,,,-1,-1,-1,,,,,,,,,,,,,,,,,-1,-1,-1,,-1,,,,,,,,-1,,,,-1,-1,,,,0,0,0,0,0,,0,0,0,0,0,0,1,1,,1,,0,0,0,,0,,0,,,,,,0,,,,,0,,1,,0,,1,1,1,0,0,,,,0,1,1,1,,0,0,0,0,0,0,0,0,0,0,0,0,0,,,0,0,1,1,1,0,1,0,0,,,,,,1,,,,1,1,,,,0,0,0,,0,0,0,0,,0
map#833db02b0ddc1d8f,ef_obj_a075.mdl,,1,,,,0,,,,,,,,,-1,,,,-1,,,,,,,,,,,,,,,-1,,,,,,,,,,,,,,,,,,,,,,,,,,,,,,,,,,,,,,,,-1,,,,,,,,,,,,,,,,,0,0,0,0,0,,0,0,0,0,0,0,1,0,,0,,1,0,0,,0,,0,,,,,,1,,,,,,,0,,0,,0,0,0,0,0,,,,0,0,0,0,,0,0,0,0,0,0,0,0,0,0,0,,,,,0,0,,,,0,1,0,0,0,,,,,0,,,,0,0,,,,,0,0,,0,0,,0,,0
map#83579770559f19a6,mp0020.mdl,mp0020.mdl,1,,,,1,,,,,,,,,-1,-1,,,,,,,,,,,,,,,,,,,,,,,,,,,-1,,,-1,,,,,-1,,,,,,,,,,,,,,,,,,,,,,,-1,,,,,,,,-1,,,,-1,,,,,0,0,0,0,0,,0,0,0,0,0,0,1,1,,0,,0,0,0,,0,,0,,,,,,0,,,,,0,,0,,0,,1,0,0,1,0,,,,0,1,0,0,,0,0,0,0,0,0,0,0,0,0,0,0,0,,,0,0,0,0,0,0,1,0,0,,,,,,1,,,,1,0,,,,0,2,0,,0,0,0,0,,0
map#83691b94ec795540,mp2071_04.mdl,mp4020_01.mdl,1,,,,1,,,,,,,,,-1,,,,-1,,,,,,,,,,,,,,,,,,,,,,,,-1,,,-1,,,,,,,,,,,,,,,,,,,,,,,,,,,,,,,,,,,,,,,,,,,,,0,0,0,0,0,,0,0,0,0,0,0,1,0,,0,,1,0,0,,0,,0,,,,,,0,,,,,0,,0,,0,,1,0,0,1,0,,,,0,0,0,0,,0,0,0,0,0,0,0,0,0,0,0,0,0,,,0,0,0,0,0,0,0,0,0,,,,,,0,,,,0,0,,,,0,0,0,,0,0,0,0,,0
map#837623d300c00cb1,ob1110rok00.mdl,ob1110rok00.mdl,1,,,,1,,,,,,,,,-1,,,-1,-1,,,,,,,,,,,,,,,,,,,,,-1,,,-1,-1,-1,,,,,,-1,-1,-1,,,,,,-1,,,,,-1,,,,,,-1,-1,-1,,-1,,,,,,,,-1,,,,-1,-1,,,,0,0,0,0,0,,0,0,0,0,0,0,1,0,,1,,1,0,0,,0,,0,,,,,,0,,,,,0,,1,,0,,1,1,1,0,0,,,,0,1,1,1,,0,0,0,0,1,0,0,0,0,0,1,0,0,,,0,0,1,1,1,0,1,0,0,,,,,,1,,,,1,1,,,,0,0,0,,0,0,0,0,,0
map#83899767b578b704,,mp3061_l1.mdl,1,1,,,1,,,,,,,,,-1,,,,,-1,,,,,,,,,,,,,,,,,,,,-1,,,-1,,,,,,,,-1,,,,,,,-1,,,,,,,,,,,,,,,,-1,,,,,,,,-1,,,,,,,,,0,0,0,0,0,,0,0,0,0,0,0,1,0,,0,,0,1,0,,0,,0,,,,,,0,,,,,0,,1,,0,,1,0,0,0,0,,,,0,1,0,0,,0,0,0,1,0,0,0,0,0,0,0,0,0,,,0,0,0,0,0,0,1,0,0,,0,,,,1,,,,0,0,,,0,0,0,0,,0,0,0,0,0,0
map#8493152dc621b1e1,,mp5401.mdl,1,,,,1,,,,,,,,,-1,,,,-1,,,,,,,,,,,,,,,,,,,,,-1,,,-1,,,-1,,,,,-1,,,,-1,,,,,,,,,,,,,,,,,,,-1,,,,,,,,-1,,,,,,,,,0,0,0,0,0,,0,0,0,0,0,0,1,0,,0,,1,0,0,,0,,0,,,,,,0,,,,,0,,1,,0,,1,0,0,1,0,,,,0,1,0,0,,1,0,0,0,0,0,0,0,0,0,0,0,0,,,0,0,0,0,0,0,1,0,0,,0,,,,1,,,,0,0,,,0,0,0,0,,0,0,0,0,0,0
map#84c80ff490e14378,,mp8300_01.mdl,1,,,,0,,,,,,,,,-1,,,,-1,,,,,,-1,-1,-1,,,,,,,,,,,,,,,,,,,-1,,,,,,,,,,,,,,,,,,,,,,,,,,,,-1,,,,,,,,-1,,,,,-1,,,,0,0,0,0,0,,0,1,1,1,0,0,1,0,,0,,1,0,0,,0,,0,,,,,,0,,,,,0,,0,,0,,0,0,0,1,0,,,,0,0,0,0,,0,0,0,0,0,0,0,0,0,0,0,0,0,,,0,0,0,0,0,0,1,0,0,,0,,,,1,,,,0,1,,,0,0,0,0,,0,0,0,0,0,1
map#851256fd378bf93d,,ob4010vec00.mdl,1,,,,1,,,,,,,,,-1,-1,,-1,,,,,,,,,,,,,,,,,,,,,,,,,-1,,,,,,,,-1,,,,,,,,-1,,,,,,,,,,,,,,,-1,,,,,,,,-1,,,,-1,,,,,0,0,0,0,0,,0,0,0,0,0,0,1,1,,1,,0,0,0,,0,,0,,,,,,0,,,,,0,,0,,0,,1,0,0,0,0,,,,0,1,0,0,,0,0,0,0,1,0,0,0,0,0,0,0,0,,,0,0,0,0,0,0,1,0,0,,0,,,,1,,,,1,0,,,0,0,2,2,,0,0,0,0,0,0
map#855e6848c26c80ec,,mp6201.mdl,0,1,1,1,1,,,,,,,,,-1,-1,,-1,,-1,-1,,,,,,,,,,,,,,,,,,,-1,,,-1,-1,-1,,,,,,-1,-1,-1,,-1,,,-1,,-1,,,-1,,,,,,,,,,,-1,,,,,,,,-1,,,,-1,,,,,0,0,0,0,0,,0,0,0,0,0,0,1,1,,1,,0,1,1,,0,,0,,,,,,0,,,,,0,,1,,0,,1,1,1,0,0,,,,0,1,1,1,,1,0,0,1,0,1,0,0,1,0,0,0,0,,,0,0,0,0,0,0,1,0,0,,0,,,,1,,,,1,0,,,0,0,0,0,,0,0,0,0,0,0
map#858f37c38bc9e9d2,,mp3010_01.mdl,1,,,,0,,,,,,,,,-1,,,,,-1,,,,,,,,,,,,,,-1,,,,,,,,,,,,,,,,,,,,,,,,,,,,,,,,,,,,,,,,,,,,,,,,,,,,,-1,,,,0,0,0,0,0,,0,0,0,0,0,0,1,0,,0,,0,1,0,,0,,0,,,,,,1,,,,,0,,0,,0,,0,0,0,0,0,,,,0,0,0,0,,0,0,0,0,0,0,0,0,0,0,0,0,0,,,0,0,0,0,0,0,0,0,0,,0,,,,0,,,,0,1,,,0,0,0,0,,0,0,0,0,0,0
map#85d69189420e1cee,,mp5500.mdl,0,,,,1,,,,,,,,,-1,,,,,,,,-1,,,,,,,,,,,,,,,,,-1,,,-1,,,-1,,,,,-1,,,,-1,,,,,,,,,,,,,,,,,,,-1,,,,,,,,-1,,,,,,,,,0,0,0,0,0,,0,0,0,0,0,0,1,0,,0,,0,0,0,,1,,0,,,,,,0,,,,,0,,1,,0,,1,0,0,1,0,,,,0,1,0,0,,1,0,0,0,0,0,0,0,0,0,0,0,0,,,0,0,0,0,0,0,1,0,0,,0,,,,1,,,,0,0,,,0,0,0,0,,0,0,0,0,0,0
map#864f8da40e6c508e,mp0041.mdl,,1,,,,0,,,,,,,,,-1,-1,,,,,,,,,,,,,,,,,,,,,,,,,,,-1,,,,,,,,-1,,,,,,,,,,,,,,,,,,,,,,,-1,,,,,,,,-1,,,,-1,,,,,0,0,0,0,0,,0,0,0,0,0,0,1,1,,0,,0,0,0,,0,,0,,,,,,0,,,,,0,,0,,0,,1,0,0,0,0,,,,0,1,0,0,,0,0,0,0,0,0,0,0,0,0,0,0,0,,,0,0,0,0,0,0,1,0,0,,,,,,1,,,,1,0,,,,0,2,2,,0,0,0,0,,0
map#8694197806f83044,,mp3070.mdl,0,,1,1,1,,,,,,,,,-1,-1,,-1,,,-1,,,,,,,,,,,,,,,,,,,-1,,,-1,-1,-1,,,,,,-1,-1,-1,,,,,,,-1,,,-1,,,,,,,,,,,-1,,,,,,,,-1,,,,-1,,,,,0,0,0,0,0,,0,0,0,0,0,0,1,1,,1,,0,0,1,,0,,0,,,,,,0,,,,,0,,1,,0,,1,1,1,0,0,,,,0,1,1,1,,0,0,0,0,0,1,0,0,1,0,0,0,0,,,0,0,0,0,0,0,1,0,0,,0,,,,1,,,,1,0,,,0,0,0,0,,0,0,0,0,0,0
map#86af9773ab67e0c5,ob4010lig04b.mdl,ob4010lig04b.mdl,1,,,,1,,,,,,,,,-1,,,,,,,,,,,,,,,,,,,,,,,,,,,,-1,,,-1,,,,,-1,,,,,,,,,,,,,,,,,,,,,,,-1,-1,-1,,,,,,,,,,-1,,,,,0,0,0,0,0,,0,0,0,0,0,0,1,0,,0,,0,0,0,,0,,0,,,,,,0,,,,,0,,0,,0,,1,0,0,1,0,,,,0,1,0,0,,0,0,0,0,0,0,0,0,0,0,0,0,0,,,0,0,0,0,0,0,1,1,1,,,,,,0,,,,1,0,,,,0,0,0,,0,0,0,0,,0
map#86b27b6731aac742,,mp5105.mdl,1,,,,1,,,,,,,,,-1,-1,,,,,,,,,,,,,,,,,,,,,,,,,,,-1,,,-1,,,,,-1,,,,-1,,,,,,,,,,,,,,,,,,,-1,,,,,,,,-1,,,,,-1,,,,0,0,0,0,0,,0,0,0,0,0,0,1,1,,0,,0,0,0,,0,,0,,,,,,0,,,,,0,,0,,0,,1,0,0,1,0,,,,0,1,0,0,,1,0,0,0,0,0,0,0,0,0,0,0,0,,,0,0,0,0,0,0,1,0,0,,0,,,,1,,,,0,1,,,0,0,2,0,,0,0,0,0,0,0
map#86c6a5a5e6821182,ob2071kag10.mdl,ob2071kag10.mdl,1,,,,0,,,,,,,,,-1,,,,,,,,-1,,,,,,,,,,,,,,,,,,,,-1,,,,,,,,-1,,,,,,,,,,,,,,,,,,,,,,,-1,,,,,,,,-1,,,,,,,,,0,0,0,0,0,,0,0,0,0,0,0,1,0,,0,,0,0,0,,1,,0,,,,,,0,,,,,0,,0,,0,,1,0,0,0,0,,,,0,1,0,0,,0,0,0,0,0,0,0,0,0,0,0,0,0,,,0,0,0,0,0,0,1,0,0,,,,,,1,,,,0,0,,,,0,0,0,,0,0,0,0,,0
map#86e2ea4729fdca3b,,ob5600obj03b.mdl,1,,,,0,,,,,,,,,-1,,,,-1,,,,,,,,,,,,,,,,,,,,,,,,,,,,,,,,-1,,,,,,,,,,,,,,,,,,,,,,,-1,,,,,,,,,,,,,,,,,0,0,0,0,0,,0,0,0,0,0,0,1,0,,0,,1,0,0,,0,,0,,,,,,0,,,,,0,,0,,0,,0,0,0,0,0,,,,0,1,0,0,,0,0,0,0,0,0,0,0,0,0,0,0,0,,,0,0,0,0,0,0,1,0,0,,0,,,,0,,,,0,0,,,0,0,0,0,,0,0,0,0,0,0
map#86ef1d52805e5212,,mp0050.mdl,1,1,1,,1,,,,,,,,,-1,-1,,-1,,-1,,,,,,,,,,,,,,,,,,,,-1,,,-1,-1,-1,,,,,,-1,-1,-1,,,,,-1,,-1,,,,,,,,,,,,,,-1,,,,,,,,-1,,,,-1,-1,,,,0,0,0,0,0,,0,0,0,0,0,0,1,1,,1,,0,1,0,,0,,0,,,,,,0,,,,,0,,1,,0,,1,1,1,0,0,,,,0,1,1,1,,0,0,0,1,0,1,0,0,0,0,0,0,0,,,0,0,0,0,0,0,1,0,0,,0,,,,1,,,,1,1,,,0,0,0,0,,0,0,0,0,0,0
map#872289ad5a460d27,ob4010plt10.mdl,ob4010plt10.mdl,1,,,,0,-1,,,,,,,,-1,,,,,,,,,-1,,,,,,,,,,,,,,,,,,,-1,,,,,,,,-1,,,,,,,,,,,,,,,,,,,,,,,-1,-1,-1,,,,,,,,,,-1,,,,,1,0,0,0,0,,0,0,0,0,0,0,1,0,,0,,0,0,0,,0,,1,,,,,,0,,,,,0,,0,,0,,1,0,0,0,0,,,,0,1,0,0,,0,0,0,0,0,0,0,0,0,0,0,0,0,,,0,0,0,0,0,0,1,1,1,,,,,,0,,,,1,0,,,,0,0,0,,0,0,0,0,,0
map#8743fb8aa1040975,mp0043.mdl,mp0043.mdl,1,,,,1,,,,,,,,,-1,-1,,-1,-1,,-1,,,,,,,,,,,,,,,,,,,,,,-1,,,,,,,,-1,,,,,,,,,,,,,,,,,,,,,,,-1,,,,,,,,-1,,,,-1,,,,,0,0,0,0,0,,0,0,0,0,0,0,1,1,,1,,1,0,1,,0,,0,,,,,,0,,,,,0,,0,,0,,1,0,0,0,0,,,,0,1,0,0,,0,0,0,0,0,0,0,0,0,0,0,0,0,,,0,0,0,0,0,0,1,0,0,,,,,,1,,,,1,0,,,,0,0,1,,0,0,0,0,,0
map#877028258f1c7834,ob4020evt01.mdl,m8_ob8500evt51.mdl,1,,,,1,,,,,,,,,-1,,,,-1,,,,-1,,,,,,,,,,,-1,,,,,,,,,,,,,,,,-1,,,,,,,,,,,,,,,,,,,,,,,,,,,,,,,,,,,,,,,,,0,0,0,0,0,,0,0,0,0,0,0,1,0,,0,,1,0,0,,1,,0,,,,,,1,,,,,0,,0,,0,,0,0,0,0,0,,,,1,0,0,0,,0,0,0,0,0,0,0,0,0,0,0,0,0,,,0,0,0,0,0,0,0,0,0,,,,,,0,,,,0,0,,,,0,0,0,,0,0,0,0,,0
map#87ab85d181d2dd04,,ob5200obj03.mdl,1,,,,1,,,,,,,,,-1,,,,,,,,,,,,,,,,,,,-1,,,,-1,,,,,-1,,,-1,,,,,,,,,,,,,,,,,,,,,,,,,,,,-1,,,,,,,,-1,,,,,,,,,0,0,0,0,0,,0,0,0,0,0,0,1,0,,0,,0,0,0,,0,,0,,,,,,1,,,,,1,,0,,0,,1,0,0,1,0,,,,0,0,0,0,,0,0,0,0,0,0,0,0,0,0,0,0,0,,,0,0,0,0,0,0,1,0,0,,,,,,1,,,,0,0,,,,0,0,0,,0,0,0,0,,0
map#885b587f70e1ab28,,ob5010evt01.mdl,1,,,,0,,,,,,,,,-1,,,,,,,,,,,,,,,,,,,,,,,,,,,,,,,,,,,,,,,,,,,,,,,,,,,-1,,,,,,,,,,,,,,,,,,,,,,,,,0,0,0,0,0,,0,0,0,0,0,0,1,0,,0,,0,0,0,,0,,0,,,,,,0,,,,,0,,0,,0,,0,0,0,0,0,,,,0,0,0,0,,0,0,0,0,0,0,0,0,0,0,0,0,1,,,0,0,0,0,0,0,0,0,0,,0,,,,0,,,,0,0,,,0,0,0,0,,0,0,0,0,0,0
map#888f403254bf09bf,,ob3041lig01.mdl,1,,,,0,,,,,,,,,-1,,,,,,,,,,,,,,,,,,,,,,,,,,,,,,,-1,,,,,,,,,,,,,,,,,,,,,,,,,,,,-1,,,,,,,,,,,,,,,,,0,0,0,0,0,,0,0,0,0,0,0,1,0,,0,,0,0,0,,0,,0,,,,,,0,,,,,0,,0,,0,,0,0,0,1,0,,,,0,0,0,0,,0,0,0,0,0,0,0,0,0,0,0,0,0,,,0,0,0,0,0,0,1,0,0,,,,,,0,,,,0,0,,,0,0,0,0,,0,0,0,0,0,0
map#88b9e719728002ac,ob4040obj00.mdl,ob4040obj00.mdl,1,,,,1,,,,,,,,,-1,,,,,,,,,,-1,,,-1,,,,,,-1,,,,,,,,,-1,,,,,,,,-1,,,,,,,,,,,,,,,,,,,,,,,,,,,,,,,,,,,,-1,,,,0,0,0,0,0,,0,1,0,0,1,0,1,0,,0,,0,0,0,,0,,0,,,,,,1,,,,,0,,0,,0,,1,0,0,0,0,,,,0,1,0,0,,0,0,0,0,0,0,0,0,0,0,0,0,0,,,0,0,0,0,0,0,0,0,0,,,,,,0,,,,0,1,,,,0,0,0,,0,0,0,0,,0
map#88d3e2710eebba20,,ob0000rok02h.mdl,1,,,,1,,,,,,,,,-1,-1,,-1,,,-1,,,,,,,,,,,,,,,,,,,-1,,,-1,-1,-1,,,,,,-1,-1,-1,,,,,,-1,,,,,-1,,,,,,-1,-1,-1,,-1,,,,,,,,-1,,,,-1,-1,,,,0,0,0,0,0,,0,0,0,0,0,0,1,1,,1,,0,0,1,,0,,0,,,,,,0,,,,,0,,1,,0,,1,1,1,0,0,,,,0,1,1,1,,0,0,0,0,1,0,0,0,0,0,1,0,0,,,0,0,1,1,1,0,1,0,0,,0,,,,1,,,,1,1,,,0,0,0,0,,0,0,0,0,0,0
map#890fc9df72be9272,,ef_obj_1_000.mdl,1,,,,0,,,,,,,,,,,,,,,,,,,,,,,,,,,,,,,,,,,,,,,,,,,,,,,,,,,,,,,,,,,,,,,,,,,,-1,,,,,,,,,,,,,,,,,0,0,0,0,0,,0,0,0,0,0,0,0,0,,0,,0,0,0,,0,,0,,,,,,0,,,,,0,,0,,0,,0,0,0,0,0,,,,0,0,0,0,,0,0,0,0,0,0,0,0,0,0,0,0,0,,,0,0,0,0,0,0,1,0,0,,0,,,,0,,,,0,0,,,0,0,0,0,,0,0,0,0,0,0
map#89ae773bc8d8ffd0,,mp6010_01.mdl,1,,,,1,,,,,,,,,-1,,,,,-1,,,,,,,,,,,,,,,,,,,,,,,-1,,,,,,,,-1,,,,,,,,,,,,,,,,,,,,,,,-1,,,,,,,,-1,,,,,,,,,0,0,0,0,0,,0,0,0,0,0,0,1,0,,0,,0,1,0,,0,,0,,,,,,0,,,,,0,,0,,0,,1,0,0,0,0,,,,0,1,0,0,,0,0,0,0,0,0,0,0,0,0,0,0,0,,,0,0,0,0,0,0,1,0,0,,0,,,,1,,,,0,0,,,0,0,1,0,,0,0,0,0,0,0
map#8a590631f2fe80a7,,ob8500evt51.mdl,0,,,,0,,,,,,,,,-1,,,,,,,,,-1,,,,,,,,,,,,,,,,,,,,,,,,,,-1,,,,,,,,,,,,,,,,,,,,,,,,,,,,,,,,,,,,,,,,,0,0,0,0,0,,0,0,0,0,0,0,1,0,,0,,0,0,0,,0,,1,,,,,,0,,,,,0,,0,,0,,0,0,0,0,0,,,,1,0,0,0,,0,0,0,0,0,0,0,0,0,0,0,0,0,,,0,0,0,0,0,0,0,0,0,,0,,,,0,,,,0,0,,,0,0,0,0,,0,0,0,0,0,0
map#8aad7d18191a14e8,ob0010hou08.mdl,ob0010hou08.mdl,0,,,,1,,,,,,,,,-1,-1,,,-1,,,,,,,,,,,,,,,,,,,,,-1,,,-1,-1,,,,,,,,-1,,,,,,,,,,,,,,,,,,,,,,-1,,,,,,,,-1,,,,-1,,,,,0,0,0,0,0,,0,0,0,0,0,0,1,1,,0,,1,0,0,,0,,0,,,,,,0,,,,,0,,1,,0,,1,1,0,0,0,,,,0,0,1,0,,0,0,0,0,0,0,0,0,0,0,0,0,0,,,0,0,0,0,0,0,1,0,0,,,,,,1,,,,1,0,,,,0,0,0,,0,0,0,0,,0
map#8aceb9c55d7d1273,mp1081_01.mdl,mp2051_03.mdl,1,,,,1,,,,,,,,,-1,,,,-1,,,,,,,,,,,,,,,,,,,,,,,,-1,,,,,,,,-1,,,,,,,,,,,,,,,,,,,,,,,-1,,,,,,,,-1,,,,,,,,,0,0,0,0,0,,0,0,0,0,0,0,1,0,,0,,1,0,0,,0,,0,,,,,,0,,,,,0,,0,,0,,1,0,0,0,0,,,,0,1,0,0,,0,0,0,0,0,0,0,0,0,0,0,0,0,,,0,0,0,0,0,0,1,0,0,,,,,,1,,,,0,0,,,,0,2,2,,0,0,0,0,,0
map#8afda5fa9b279913,ob3010hou01.mdl,ob3010hou01.mdl,1,,,,0,,,,,,,,,-1,-1,,,,,,,-1,,,,,,,,,,,,,,,,,,,,-1,,,,,,,,-1,,,,,,,,,,,,,,,,,,,,,,,-1,,,,,,,,-1,,,,,,,,,0,0,0,0,0,,0,0,0,0,0,0,1,1,,0,,0,0,0,,1,,0,,,,,,0,,,,,0,,0,,0,,1,0,0,0,0,,,,0,1,0,0,,0,0,0,0,0,0,0,0,0,0,0,0,0,,,0,0,0,0,0,0,1,0,0,,,,,,1,,,,0,0,,,,0,2,0,,0,0,0,0,,0
map#8b215f1a771fd2a2,,mp1051.mdl,1,1,1,,1,,,,,,,,,-1,-1,,-1,,,,,,,,,,,,,,,,,,,,,,,,,-1,-1,-1,,,,,,-1,-1,-1,,,,,-1,,-1,,,,,,,,,,,,,,-1,,,-1,,,,,-1,,,,-1,,,,,0,0,0,0,0,,0,0,0,0,0,0,1,1,,1,,0,0,0,,0,,0,,,,,,0,,,,,0,,0,,0,,1,1,1,0,0,,,,0,1,1,1,,0,0,0,1,0,1,0,0,0,0,0,0,0,,,0,0,0,0,0,0,1,0,0,,1,,,,1,,,,1,0,,,0,0,0,0,,0,0,0,0,0,0
map#8c18ae8853b9fd74,,ob5110evt02.mdl,1,,,,0,,,,,,,,,-1,,,,,,,,,,,,,,,,,,,-1,,,,,,,,,,,,,,,,,,,,,,,,,,,,,,,,,,,,,,,,,,,,,,,,,,,,,,,,,0,0,0,0,0,,0,0,0,0,0,0,1,0,,0,,0,0,0,,0,,0,,,,,,1,,,,,0,,0,,0,,0,0,0,0,0,,,,0,0,0,0,,0,0,0,0,0,0,0,0,0,0,0,0,0,,,0,0,0,0,0,0,0,0,0,,0,,,,0,,,,0,0,,,0,0,0,0,,0,0,0,0,0,0
map#8c1e322d4a643d44,ob0000lig00.mdl,mp2010_13.mdl,1,,,,0,,,,,,,,,-1,,,,-1,,,,,,,,,,,,,,,-1,,,,,,,,,,,,,,,,,,,,,,,,,,,,,,,,,,,,,,,,,,,,,,,,,,,,,,,,,0,0,0,0,0,,0,0,0,0,0,0,1,0,,0,,1,0,0,,0,,0,,,,,,1,,,,,0,,0,,0,,0,0,0,0,0,,,,0,0,0,0,,0,0,0,0,0,0,0,0,0,0,0,0,,,,0,0,,,,0,0,0,0,,,,,,0,,,,0,0,,,,0,0,0,,0,0,0,0,,0
map#8c66bfa656f8bb55,mp4010_12.mdl,mp4010_12.mdl,1,,,,1,,,,,,,,,-1,,,,,,,,,,,,,,,,,,,,,,,,,,,,,,,-1,,,,,,,,,,,,,,,,,,,,,,,,,,,,-1,,,,,,,,-1,,,,,,,,,0,0,0,0,0,,0,0,0,0,0,0,1,0,,0,,0,0,0,,0,,0,,,,,,0,,,,,0,,0,,0,,0,0,0,1,0,,,,0,0,0,0,,0,0,0,0,0,0,0,0,0,0,0,0,0,,,0,0,0,0,0,0,1,0,0,,,,,,1,,,,0,0,,,,0,0,0,,0,0,0,0,,0
map#8cb0ff7479d40f46,,mp5500_01.mdl,0,,,,1,,,,,,,,,-1,,,,-1,,,,-1,,,,,,,,,,,,,,,,,-1,,,-1,,,-1,,,,,-1,,,,-1,,,,,,,,,,,,,,,,,,,-1,,,,,,,,-1,,,,,,,,,0,0,0,0,0,,0,0,0,0,0,0,1,0,,0,,1,0,0,,1,,0,,,,,,0,,,,,0,,1,,0,,1,0,0,1,0,,,,0,1,0,0,,1,0,0,0,0,0,0,0,0,0,0,0,0,,,0,0,0,0,0,0,1,0,0,,,,,,1,,,,0,0,,,,0,0,0,,0,0,0,0,,0
map#8ce68571c555e39f,,ef_obj_q014.mdl,0,,,,1,-1,,,,,,,,-1,,,,,,,,,-1,,,,,,,,,,,,,,,,,,,,,,,,,,,,,,,,,,,,,,,,,,,,,,,,,,-1,,-1,,,,,,,,,,-1,-1,,,,1,0,0,0,0,,0,0,0,0,0,0,1,0,,0,,0,0,0,,0,,1,,,,,,0,,,,,0,,0,,0,,0,0,0,0,0,,,,0,0,0,0,,0,0,0,0,0,0,0,0,0,0,0,0,0,,,0,0,0,0,0,0,1,0,1,,0,,,,0,,,,1,1,,,0,0,0,0,,0,0,0,0,0,0
map#8d29fe89d2a80bad,ob3010obj98.mdl,ob3010obj98.mdl,1,,,,1,,,,,,,,,-1,,,,,,,,,,,,,,,,,,,,,,,,,,,,,,,-1,,,,,-1,,,,,,,,,,,,,,,,,,,,,,,,,,,,,,,-1,,,,,-1,,,,0,0,0,0,0,,0,0,0,0,0,0,1,0,,0,,0,0,0,,0,,0,,,,,,0,,,,,0,,0,,0,,0,0,0,1,0,,,,0,1,0,0,,0,0,0,0,0,0,0,0,0,0,0,0,0,,,0,0,0,0,0,0,0,0,0,,,,,,1,,,,0,1,,,,0,0,0,,0,0,0,0,,0
map#8da7fb1656d66610,ef_obj_z040.mdl,,1,,,,1,,,,,,,,,-1,,,,,,,,,,,,,,,,,,,-1,,,,,,,,,,,,,,,,,-1,,,,,,,,,,,,,,,,,,,,,,,,,,,,,,,-1,,,,,,,,,0,0,0,0,0,,0,0,0,0,0,0,1,0,,0,,0,0,0,,0,,0,,,,,,1,,,,,,,0,,0,,0,0,0,0,0,,,,0,1,0,0,,0,0,0,0,0,0,0,0,0,0,0,,,,,0,0,,,,0,0,0,0,0,,,,,1,,,,0,0,,,,,0,0,,0,0,,0,,0
map#8dc12f6ba151f37a,,ob_e17_003.mdl,1,,,,0,,,,,,,,-1,-1,,,,,,,,,-1,,,,,,,,,,-1,,,,,,,,,,,,,,,,-1,,,,,,,,,,,,,,,,,,,,,,,,,,,,,,,,,,,,,-1,,,,0,0,0,0,0,,0,0,0,0,0,1,1,0,,0,,0,0,0,,0,,1,,,,,,1,,,,,0,,0,,0,,0,0,0,0,0,,,,1,0,0,0,,0,0,0,0,0,0,0,0,0,0,0,0,0,,,0,0,0,0,0,0,0,0,0,,0,,,,0,,,,0,1,,,0,0,1,0,,0,0,0,0,0,0
map#8df2e901630cb070,,ob0061hou00.mdl,0,,,,1,,,,,,,,,-1,,,-1,,,,,,,,,,,,,,,,,,,,,,,,,-1,,,,,,,,-1,,,,,,,,,,,,,,,-1,,,,,,,,-1,,,,,,,,-1,,,,-1,-1,,,,0,0,0,0,0,,0,0,0,0,0,0,1,0,,1,,0,0,0,,0,,0,,,,,,0,,,,,0,,0,,0,,1,0,0,0,0,,,,0,1,0,0,,0,0,0,0,0,0,0,0,0,0,0,0,1,,,0,0,0,0,0,0,1,0,0,,,,,,1,,,,1,1,,,0,0,0,2,,0,0,0,0,0,0
map#8e4d5725e88ef742,,mp2052_01.mdl,1,,,,0,,,,,,,,,-1,-1,,,-1,,,,,,,-1,,-1,,,,,,-1,,,,,,,,,,,,,,,,,,,,,,,,,,,,,,,,,,,,,,,,,,,,,,,,-1,,,,-1,-1,,,,0,0,0,0,0,,0,0,1,0,1,0,1,1,,0,,1,0,0,,0,,0,,,,,,1,,,,,0,,0,,0,,0,0,0,0,0,,,,0,0,0,0,,0,0,0,0,0,0,0,0,0,0,0,0,0,,,0,0,0,0,0,0,0,0,0,,0,,,,1,,,,1,1,,,0,0,2,0,,0,0,0,0,0,0
map#8e992e7c1acd3e60,equ0519.mdl,equ0519.mdl,0,,,,0,,,,,,,,,-1,,,,,,,,,,,,,,,,,,,,,,,,,,,,,,,-1,,,,,,,,,,,,,,,,,,,,,,,,,,,,-1,,,,,,,,-1,,,,,,,,,0,0,0,0,0,,0,0,0,0,0,0,1,0,,0,,0,0,0,,0,,0,,,,,,0,,,,,0,,0,,0,,0,0,0,1,0,,,,0,0,0,0,,0,0,0,0,0,0,0,0,0,0,0,0,0,,,0,0,0,0,0,0,1,0,0,,,,,,1,,,,0,0,,,,0,0,0,,0,0,0,0,,0
map#8eb92ba34c0d218f,,ob6013lig02.mdl,1,,,,1,,,,,,,,,-1,,,,,,,,,,,,,,,,,,,-1,,,,,,,,,,,,,,,,-1,,,,,,,,,,,,,,,,,,,,,,,,,,,,,,,,,,,,,-1,,,,0,0,0,0,0,,0,0,0,0,0,0,1,0,,0,,0,0,0,,0,,0,,,,,,1,,,,,0,,0,,0,,0,0,0,0,0,,,,1,0,0,0,,0,0,0,0,0,0,0,0,0,0,0,0,0,,,0,0,0,0,0,0,0,0,0,,,,,,0,,,,0,1,,,0,0,0,0,,0,0,0,0,,0
map#8f1a178fa16e2e70,ef_obj_n009.mdl,,0,,,,1,,,,,,,,,-1,-1,,,,,,,,,,,,,,,,,,,,,,,,,,,-1,,,,,,,,-1,,,,-1,,,,,,,,,,,,,,,,,,,-1,,,,,,,,-1,,,,,,,,,0,0,0,0,0,,0,0,0,0,0,0,1,1,,0,,0,0,0,,0,,0,,,,,,0,,,,,,,0,,0,,1,0,0,0,0,,,,0,1,0,0,,1,0,0,0,0,0,0,0,0,0,0,,,,,0,0,,,,0,1,0,0,0,,,,,1,,,,0,0,,,,,2,0,,0,0,,0,,0
map#8fbdd5a3d5fb44cc,ob4050lig00.mdl,ob4050lig00.mdl,1,,,,0,,,,,,,,,-1,,,,-1,,,,,,,,,,,,,,,-1,,,,,,,,,,,,,,,,-1,,,,,,,,,,,,,,,,,,,,,,,,-1,,,,,,,,,,,,,-1,,,,0,0,0,0,0,,0,0,0,0,0,0,1,0,,0,,1,0,0,,0,,0,,,,,,1,,,,,0,,0,,0,,0,0,0,0,0,,,,1,0,0,0,,0,0,0,0,0,0,0,0,0,0,0,0,0,,,0,0,0,0,0,0,1,0,0,,,,,,0,,,,0,1,,,,0,0,0,,0,0,0,0,,0
map#8fd0971e354ea185,,ob0054obj65.mdl,1,,,,0,,,,,,,,-1,-1,,,,,,,,,-1,,,,,,,,,,-1,,,,,,,,,,,,,,,,-1,,,,,,,,,,,,,,,,,,,,,,,,,,,,,,,,,,,,,,,,,0,0,0,0,0,,0,0,0,0,0,1,1,0,,0,,0,0,0,,0,,1,,,,,,1,,,,,0,,0,,0,,0,0,0,0,0,,,,1,0,0,0,,0,0,0,0,0,0,0,0,0,0,0,0,0,,,0,0,0,0,0,0,0,0,0,,0,,,,0,,,,0,0,,,0,0,0,0,,0,0,0,0,0,0
map#8ffc6c27ba401e1e,ob0010hou15.mdl,ob0010hou15.mdl,0,,,,1,,,,,,,,,-1,,,,,,,,,,,,,,,,,,,,,,,,,,,,-1,,,,,,,,-1,,,,,,,,,,,,,,,,,,,-1,,,,-1,,,,,,,,-1,,,,,,,,,0,0,0,0,0,,0,0,0,0,0,0,1,0,,0,,0,0,0,,0,,0,,,,,,0,,,,,0,,0,,0,,1,0,0,0,0,,,,0,1,0,0,,0,0,0,0,0,0,0,0,0,0,0,0,0,,,0,0,1,0,0,0,1,0,0,,,,,,1,,,,0,0,,,,0,0,0,,0,0,0,0,,0
map#90300d8b9152dace,,ob6100hou00.mdl,1,,,,1,,,,,,,,,-1,-1,,-1,,,,,,,,,,,,,,,,,,,,,,,,,-1,,-1,-1,,,,,-1,,-1,,,,,,,,,,,,,,,,,,,,,-1,,,,,,,,-1,,,,-1,,,,,0,0,0,0,0,,0,0,0,0,0,0,1,1,,1,,0,0,0,,0,,0,,,,,,0,,,,,0,,0,,0,,1,0,1,1,0,,,,0,1,0,1,,0,0,0,0,0,0,0,0,0,0,0,0,0,,,0,0,0,0,0,0,1,0,0,,,,,,1,,,,1,0,,,0,0,2,0,,0,0,0,0,,0
map#906d20901daab2b2,mp0010_01.mdl,mp0013.mdl,1,,,,0,,,,,,,,,-1,,,,-1,,,,,,,,,,,,,,,-1,,,,,,,,,,,,,,,,-1,,,,,,,,,,,,,,,,,,,,,,,,,,,,,,,,,,,,,,,,,0,0,0,0,0,,0,0,0,0,0,0,1,0,,0,,1,0,0,,0,,0,,,,,,1,,,,,0,,0,,0,,0,0,0,0,0,,,,1,0,0,0,,0,0,0,0,0,0,0,0,0,0,0,0,0,,,0,0,0,0,0,0,0,0,0,,,,,,0,,,,0,0,,,,0,0,0,,0,0,0,0,,0
map#9078fbfd9ccd2f10,,ob_s05_035.mdl,1,,,,1,-1,,,,,,,,-1,,,,-1,,,,,,,,,,,,,,,,,,,,,,,,-1,,,,,,,,-1,,,,,,,,,,,,,,,,,,,,,,,-1,,,,,,,,-1,,,,-1,-1,,,,1,0,0,0,0,,0,0,0,0,0,0,1,0,,0,,1,0,0,,0,,0,,,,,,0,,,,,0,,0,,0,,1,0,0,0,0,,,,0,1,0,0,,0,0,0,0,0,0,0,0,0,0,0,0,0,,,0,0,0,0,0,0,1,0,0,,,,,,1,,,,1,1,,,0,0,2,0,,0,0,0,0,0,0
map#909f8ba9ef0caba0,ob4061plt10.mdl,ob4061plt10.mdl,1,,,,1,-1,,,,,,,,-1,,,,,,,,,-1,,,,,,,,,,,,,,,,,,,,,,,,,,,,,,,,,,,,,,,,,,,,,,,,,,-1,,,,,,,,,,,,,,,,,1,0,0,0,0,,0,0,0,0,0,0,1,0,,0,,0,0,0,,0,,1,,,,,,0,,,,,0,,0,,0,,0,0,0,0,0,,,,0,0,0,0,,0,0,0,0,0,0,0,0,0,0,0,0,0,,,0,0,0,0,0,0,1,0,0,,,,,,0,,,,0,0,,,,0,0,0,,0,0,0,0,,0
map#90cea2a0b24cc4f9,ob0000plt14.mdl,ob0000plt14.mdl,1,,,,0,-1,,,,,,,,-1,,,,,,,,,,,,,,,,,,,,,,,,,,,,,,,,,,,,-1,,,,,,,,,,,,,,,,,,,,,,,-1,,,,,,,,,,,,,,,,,1,0,0,0,0,,0,0,0,0,0,0,1,0,,0,,0,0,0,,0,,0,,,,,,0,,,,,0,,0,,0,,0,0,0,0,0,,,,0,1,0,0,,0,0,0,0,0,0,0,0,0,0,0,0,0,,,0,0,0,0,0,0,1,0,0,,,,,,0,,,,0,0,,,,0,0,0,,0,0,0,0,,0
map#914285052b9fbc05,mp0041_00.mdl,mp0041_00.mdl,1,,,,1,,,,,,,,,-1,,,,,,,,,,,,,,,,,,,-1,,,,,,,,,,,,,,,,-1,,,,,,,,,,,,,,,,,,,,,,,,,,,,,,,,,,,,,,,,,0,0,0,0,0,,0,0,0,0,0,0,1,0,,0,,0,0,0,,0,,0,,,,,,1,,,,,,,0,,0,,0,0,0,0,0,,,,1,0,0,0,,0,0,0,0,0,0,0,0,0,0,0,0,,,,0,0,,,,0,0,0,0,,,,,,0,,,,0,0,,,,0,0,0,,0,0,0,0,,0
map#92548bbfdf20541c,mp2071.mdl,mp2071.mdl,1,,,,1,,,,,,,,,-1,,,-1,,,,,,,,,,,,,,,,,,,,,,,,,-1,,-1,,,,,,-1,,-1,,-1,,,,,,,,,,,,,,,,,,,-1,,,,,,,,-1,,,,-1,,,,,0,0,0,0,0,,0,0,0,0,0,0,1,0,,1,,0,0,0,,0,,0,,,,,,0,,,,,0,,0,,0,,1,0,1,0,0,,,,0,1,0,1,,1,0,0,0,0,0,0,0,0,0,0,0,0,,,0,0,0,0,0,0,1,0,0,,,,,,1,,,,1,0,,,,0,0,0,,0,0,0,0,,0
map#92a2eed53c2d2925,ob2061dor10.mdl,ob2061dor10.mdl,0,,,,1,,,,,,,,,-1,-1,,,-1,,,,,,,,,,,,,,,,,,,,,,,,-1,-1,,,,,,,-1,-1,,,,,,,,,,,,,,,,,,,,,,-1,,,,,,,,-1,,,,-1,,,,,0,0,0,0,0,,0,0,0,0,0,0,1,1,,0,,1,0,0,,0,,0,,,,,,0,,,,,0,,0,,0,,1,1,0,0,0,,,,0,1,1,0,,0,0,0,0,0,0,0,0,0,0,0,0,0,,,0,0,0,0,0,0,1,0,0,,,,,,1,,,,1,0,,,,0,2,0,,0,0,0,0,,0
map#92e325152648c42f,mp0041_01.mdl,mp0041_01.mdl,1,,,,1,,,,,,,,,-1,,,,-1,,,,,,,,,,,,,,,,,,,,,,,,-1,,,,,,,,,,,,,,,,,,,,,,,,,,,,,,,,,,,,,,,,,,,,,,,,0,0,0,0,0,,0,0,0,0,0,0,1,0,,0,,1,0,0,,0,,0,,,,,,0,,,,,0,,0,,0,,1,0,0,0,0,,,,0,0,0,0,,0,0,0,0,0,0,0,0,0,0,0,0,0,,,0,0,0,0,0,0,0,0,0,,,,,,0,,,,0,0,,,,0,0,0,,0,0,0,0,,0
map#92e56990c78245fc,ob_e00_015.mdl,ob_e00_015.mdl,1,,,,1,,,,,,,,,-1,,,,,,,,,,,,,,,,,,,,,,,,,,,,,,,,,,,,-1,,,,,,,,,,,,,,,,,,,,,,,-1,,,,,,,,,,,,,-1,,,,0,0,0,0,0,,0,0,0,0,0,0,1,0,,0,,0,0,0,,0,,0,,,,,,0,,,,,0,,0,,0,,0,0,0,0,0,,,,0,1,0,0,,0,0,0,0,0,0,0,0,0,0,0,0,0,,,0,0,0,0,0,0,1,0,0,,,,,,0,,,,0,1,,,,0,0,0,,0,0,0,0,,0
map#92f897d7b6847556,ob_e09_000.mdl,ob_e09_000.mdl,1,,,,0,,,,,,,,,-1,,,,,,,,-1,,,,,,,,,,,-1,,,,,,,,,,,,,,,,-1,,,,,,,,,,,,,,,,,,,,,,,,,,,,,,,,,,,,,-1,,,,0,0,0,0,0,,0,0,0,0,0,0,1,0,,0,,0,0,0,,1,,0,,,,,,1,,,,,0,,0,,0,,0,0,0,0,0,,,,1,0,0,0,,0,0,0,0,0,0,0,0,0,0,0,0,0,,,0,0,0,0,0,0,0,0,0,,,,,,0,,,,0,1,,,,0,0,0,,0,0,0,0,,0
map#92fe21c7a80fa46f,ob0010lig05.mdl,ob0010lig05.mdl,1,,,,1,,,,,,,,,-1,,,,-1,,,,,,,,,,,,,,,-1,,,,,,,,,-1,,,,,,,-1,-1,,,,,,,,,,,,,,,,,,,,,,,-1,,,,,,,,,,,,,,,,,0,0,0,0,0,,0,0,0,0,0,0,1,0,,0,,1,0,0,,0,,0,,,,,,1,,,,,0,,0,,0,,1,0,0,0,0,,,,1,1,0,0,,0,0,0,0,0,0,0,0,0,0,0,0,0,,,0,0,0,0,0,0,1,0,0,,,,,,0,,,,0,0,,,,0,0,0,,0,0,0,0,,0
map#93005a02e3e3ac6f,mp0030.mdl,,0,,1,,1,,,,,,,,,-1,-1,,,,,,,,,-1,,,,,,,,,,,,,,,,,,-1,,,,,,,,-1,,,,,,,,,-1,,,,,,,,,,,,,,-1,,,,,,,,-1,,,,-1,,,,,0,0,0,0,0,,0,1,0,0,0,0,1,1,,0,,0,0,0,,0,,0,,,,,,0,,,,,0,,0,,0,,1,0,0,0,0,,,,0,1,0,0,,0,0,0,0,0,1,0,0,0,0,0,0,0,,,0,0,0,0,0,0,1,0,0,,,,,,1,,,,1,0,,,,0,2,0,,0,0,0,0,,0
map#931a6408961df741,ob4010plt13.mdl,ob4010plt13.mdl,1,,,,0,,,,,,,,,-1,,,,,,,,,-1,,,,,,,,,,,,,,,,,,,,,,,,,,,,,,,,,,,,,,,,,,,,,,,,,,-1,-1,-1,,,,,,,,,,-1,-1,,,,0,0,0,0,0,,0,0,0,0,0,0,1,0,,0,,0,0,0,,0,,1,,,,,,0,,,,,0,,0,,0,,0,0,0,0,0,,,,0,0,0,0,,0,0,0,0,0,0,0,0,0,0,0,0,0,,,0,0,0,0,0,0,1,1,1,,,,,,0,,,,1,1,,,,0,0,0,,0,0,0,0,,0
map#93683f207ae575a4,,ob1010lig04.mdl,1,,,,0,,,,,,,,,-1,,,,-1,,,,,,,,,,,,,,,-1,,,,,,,,,,,,,,,,,,,,,,,,,,,,,,,,,,,,,,,,,,,,,,,,,,,,,-1,,,,0,0,0,0,0,,0,0,0,0,0,0,1,0,,0,,1,0,0,,0,,0,,,,,,1,,,,,0,,0,,0,,0,0,0,0,0,,,,0,0,0,0,,0,0,0,0,0,0,0,0,0,0,0,0,0,,,0,0,0,0,0,0,0,0,0,,,,,,0,,,,0,1,,,0,0,0,0,,0,0,0,0,0,0
map#939aad6cade94359,ef_obj_a136.mdl,,1,,,,1,,,,,,,,,-1,-1,,-1,,,,,-1,,,,,,,,,,,,,,,,,,,,-1,-1,-1,,,,,,-1,-1,-1,,,,,,,,,,,,,,,,,,,,,-1,,,,,,,,-1,,,,-1,,,,,0,0,0,0,0,,0,0,0,0,0,0,1,1,,1,,0,0,0,,1,,0,,,,,,0,,,,,,,0,,0,,1,1,1,0,0,,,,0,1,1,1,,0,0,0,0,0,0,0,0,0,0,0,,,,,0,0,,,,0,1,0,0,0,,,,,1,,,,1,0,,,,,0,0,,0,0,,0,,0
map#93d2ca4ef50f42dd,,mp0081.mdl,0,0,2,1,1,,,,,,,,,-1,-1,,-1,-1,-1,,,,,,,,,,,,,,,,,,,,-1,,,-1,-1,-1,,,,,,-1,-1,-1,,,,,-1,,-1,,,-1,,,,,,,,,,,-1,,,,,,,,-1,,,,-1,,,,,0,0,0,0,0,,0,0,0,0,0,0,1,1,,1,,1,1,0,,0,,0,,,,,,0,,,,,0,,1,,0,,1,1,1,0,0,,,,0,1,1,1,,0,0,0,1,0,1,0,0,1,0,0,0,0,,,0,0,0,0,0,0,1,0,0,,,,,,1,,,,1,0,,,0,0,0,0,,0,0,0,0,,0
map#9421f8375f14fef2,ef_obj_a006.mdl,mp8300_01.mdl,1,,,,0,,,,,,,,,-1,,,,-1,,,,,,,,,,,,,,,,,,,,,,,,,,,,,,,,,,,,,,,,,,,,,,,,,,,,,,,,,,,,,,,,,,,,,,,,0,0,0,0,0,,0,0,0,0,0,0,1,0,,0,,1,0,0,,0,,0,,,,,,0,,,,,,,0,,0,,0,0,0,0,0,,,,0,0,0,0,,0,0,0,0,0,0,0,0,0,0,0,,,,,0,0,,,,0,0,0,0,0,,,,,0,,,,0,0,,,,,0,0,,0,0,,0,,0
map#94b61fced51306e5,ob3061lig00.mdl,ob3061lig00.mdl,0,,,,0,,,,,,,,,-1,,,,-1,,,,,,,,,,,,,,,,,,,,,,,,-1,,,,,,,-1,,,,,,,,,,,,,,,,,,,,,,,,-1,,,,,,,,,,,,,-1,,,,0,0,0,0,0,,0,0,0,0,0,0,1,0,,0,,1,0,0,,0,,0,,,,,,0,,,,,0,,0,,0,,1,0,0,0,0,,,,1,0,0,0,,0,0,0,0,0,0,0,0,0,0,0,0,0,,,0,0,0,0,0,0,1,0,0,,,,,,0,,,,0,1,,,,0,0,0,,0,0,0,0,,0
map#95393993049c637e,ob1061hou00.mdl,ob1061hou00.mdl,1,,,,1,,,,,,,,-1,-1,,,,-1,,,,,,,,,,,,,,,,,,,,,,,,,,,,,,,,,,,,,,,,,,,,,,,,,,,,,,,,,,,,,,,,,,,,,,,,0,0,0,0,0,,0,0,0,0,0,1,1,0,,0,,1,0,0,,0,,0,,,,,,0,,,,,0,,0,,0,,0,0,0,0,0,,,,0,0,0,0,,0,0,0,0,0,0,0,0,0,0,0,0,0,,,0,0,0,0,0,0,0,0,0,,,,,,0,,,,0,0,,,,0,0,0,,0,0,0,0,,0
map#9541abb8737c8ccc,,ob4040obj02.mdl,1,,,,0,,,,,,,,,-1,,,,,,,,,-1,,,,,,,,,,-1,,,,,,,,,,,,,,,,,,,,,,,,,,,,,,,,,,,,,,,,,,,,,,,,,,,,,,,,,0,0,0,0,0,,0,0,0,0,0,0,1,0,,0,,0,0,0,,0,,1,,,,,,1,,,,,0,,0,,0,,0,0,0,0,0,,,,0,0,0,0,,0,0,0,0,0,0,0,0,0,0,0,0,0,,,0,0,0,0,0,0,0,0,0,,,,,,0,,,,0,0,,,,0,0,0,,0,0,0,0,,0
map#955f1c16e48e7e7c,ob1010hou20_l1.mdl,ob1010hou20_l1.mdl,1,,,,0,,,,,,,,,-1,,,,,,-1,,,,,,,,,,,,,,,,,,,,,,-1,,,,,,,,-1,,,,,,,,,,,,,,,,,,,,,,,-1,,,,,,,,-1,,,,,,,,,0,0,0,0,0,,0,0,0,0,0,0,1,0,,0,,0,0,1,,0,,0,,,,,,0,,,,,0,,0,,0,,1,0,0,0,0,,,,0,1,0,0,,0,0,0,0,0,0,0,0,0,0,0,0,0,,,0,0,0,0,0,0,1,0,0,,,,,,1,,,,0,0,,,,0,0,2,,0,0,0,0,,0
map#957e643979f1d121,,ob5310hou01_l1.mdl,1,,,,1,,,,,,,,,-1,,,,,,,,,,,,,,,,,,,,,,,,,-1,,,-1,,,-1,,,,,-1,,,,-1,,,,,,,,,,,,,,,,,,,-1,,,,,,,,-1,,,,,,,,,0,0,0,0,0,,0,0,0,0,0,0,1,0,,0,,0,0,0,,0,,0,,,,,,0,,,,,0,,1,,0,,1,0,0,1,0,,,,0,1,0,0,,1,0,0,0,0,0,0,0,0,0,0,0,0,,,0,0,0,0,0,0,1,0,0,,0,,,,1,,,,0,0,,,0,0,2,0,,0,0,0,0,0,0
map#95c676d46d9af5f6,mp1010.mdl,a1214.mdl,1,,,,1,-1,,,,,,,,-1,,,,,,,,,,,,,,,,,,,,,,,,,,,,-1,,,-1,,,,,-1,,,,,,,,,,,,,,,,,,,,,,,-1,,,,,,,,-1,,,,,,,,,1,0,0,0,0,,0,0,0,0,0,0,1,0,,0,,0,0,0,,0,,0,,,,,,0,,,,,0,,0,,0,,1,0,0,1,0,,,,0,1,0,0,,0,0,0,0,0,0,0,0,0,0,0,0,0,,,0,0,0,0,0,0,1,0,0,,,,,,1,,,,0,0,,,,0,0,0,,0,0,0,0,,0
map#95cff9fe497bc872,,ef_obj_a404.mdl,1,,,,1,,,,,,,,,-1,,,,,,,,,,,,,,,,,,,,,,,,,,,,-1,,,-1,,,,,-1,,,,,,,,,,,,,,,,,,,,,,,,,,,,,,,-1,,,,,,,,,0,0,0,0,0,,0,0,0,0,0,0,1,0,,0,,0,0,0,,0,,0,,,,,,0,,,,,0,,0,,0,,1,0,0,1,0,,,,0,1,0,0,,0,0,0,0,0,0,0,0,0,0,0,0,0,,,0,0,0,0,0,0,0,0,0,,0,,,,1,,,,0,0,,,0,0,0,0,,0,0,0,0,0,0
map#95e83bac3a1da108,ob0010kmo30.mdl,mp6100_01.mdl,0,,,,1,,,,,,,,,-1,,,,,,,,,,,,,,,,,,,,,,,,,,,,,,,-1,,,,,-1,,,,,,,,,,,,,,,,,,,,,,,-1,,,,,,,,-1,,,,,,,,,0,0,0,0,0,,0,0,0,0,0,0,1,0,,0,,0,0,0,,0,,0,,,,,,0,,,,,0,,0,,0,,0,0,0,1,0,,,,0,1,0,0,,0,0,0,0,0,0,0,0,0,0,0,0,,,,0,0,,,,0,1,0,0,,,,,,1,,,,0,0,,,,0,0,0,,0,0,0,0,,0
map#9640ec8251a2d3b5,,ob0051evt00.mdl,1,,,,0,,,,,,,,-1,-1,-1,,,-1,-1,,,,,-1,,,-1,,,,,,,,,,,,,,,,,,,,,,,,,,,,,,,,,,,,,,-1,,,-1,,,,,,,,,,,,,,,,,,,,,,0,0,0,0,0,,0,1,0,0,1,1,1,1,,0,,1,1,0,,0,,0,,,,,,0,,,,,0,,0,,0,,0,0,0,0,0,,,,0,0,0,0,,0,0,0,0,0,0,0,0,0,0,0,0,1,,,1,0,0,0,0,0,0,0,0,,0,,,,0,,,,0,0,,,0,0,1,0,,0,0,0,0,0,0
map#9655fd43f1fdd7ac,mp4020_02.mdl,mp4020_02.mdl,1,,,,1,,,,,,,,,,,,,,,,,-1,,,,,,,,,,,,,,,,,,,,,,,,,,,,,,,,,,,,,,,,,,,,,,,,,,-1,,,,,,,,,,,,,,,,,,0,0,0,0,0,,0,0,0,0,0,0,0,0,,0,,0,0,0,,1,,0,,,,,,0,,,,,0,,0,,0,,0,0,0,0,0,,,,0,0,0,0,,0,0,0,0,0,0,0,0,0,0,0,0,0,,,0,0,0,0,0,1,0,0,0,,,,,,0,,,,0,0,,,,0,0,0,,0,0,0,0,,0
map#96d14da3583af3fc,mp1031.mdl,mp1031.mdl,0,1,,1,1,,,,,,,,,-1,-1,,-1,,-1,-1,,,,,,,,,,,,,,,,,,,-1,,,-1,-1,-1,,,,,,-1,-1,-1,,,,,-1,,,,,-1,,,,,,,,,,,-1,,,,,,,,-1,,,,-1,,,,,0,0,0,0,0,,0,0,0,0,0,0,1,1,,1,,0,1,1,,0,,0,,,,,,0,,,,,0,,1,,0,,1,1,1,0,0,,,,0,1,1,1,,0,0,0,1,0,0,0,0,1,0,0,0,,,,0,0,,,,0,1,0,0,,,,,,1,,,,1,0,,,,0,0,0,,0,0,0,0,,0
map#96db80ea49e6c991,,mp6200.mdl,1,,,,1,,,,,,,,,,,,,,,,,,,,,,,,,,,,,,,,,,,,,,,,,,,,,,,,,,,,,,,,,,,-1,,,,,,,,,,,,,,,,,,,,,,,,,,0,0,0,0,0,,0,0,0,0,0,0,0,0,,0,,0,0,0,,0,,0,,,,,,0,,,,,0,,0,,0,,0,0,0,0,0,,,,0,0,0,0,,0,0,0,0,0,0,0,0,0,0,0,1,0,,,0,0,0,0,0,0,0,0,0,,0,,,,0,,,,0,0,,,0,0,0,0,,0,0,0,0,0,0
map#96dd8349d4576c58,ob2071hou00.mdl,ob2071hou00.mdl,1,,,,0,,,,,,,,,-1,,,,,,,,-1,,,,,,,,,,,,,,,,,,,,,,,,,,,-1,,,,,,,,,,,,,,,,,,,,,,,,,,,,,,,,,,,,,-1,,,,0,0,0,0,0,,0,0,0,0,0,0,1,0,,0,,0,0,0,,1,,0,,,,,,0,,,,,0,,0,,0,,0,0,0,0,0,,,,1,0,0,0,,0,0,0,0,0,0,0,0,0,0,0,0,0,,,0,0,0,0,0,0,0,0,0,,,,,,0,,,,0,1,,,,0,0,0,,0,0,0,0,,0
map#96e95e958636cda6,,m8_ob8500evt51.mdl,0,,,,1,,,,,,,,,-1,,,,,,,,,-1,,,,,,,,,,,,,,,,,,,,,,,,,,-1,,,,,,,,,,,,,,,,,,,,,,,,,,,,,,,,,,,,,,,,,0,0,0,0,0,,0,0,0,0,0,0,1,0,,0,,0,0,0,,0,,1,,,,,,0,,,,,0,,0,,0,,0,0,0,0,0,,,,1,0,0,0,,0,0,0,0,0,0,0,0,0,0,0,0,0,,,0,0,0,0,0,0,0,0,0,,0,,,,0,,,,0,0,,,0,0,0,0,,0,0,0,0,0,0
map#971c22182461b45e,,ob5500obj04.mdl,0,,,,1,-1,,,,,,,,-1,,,,,,,,-1,,,,,,,,,,,,,,,,,,,,-1,,,-1,,,,,-1,,,,-1,,,,,,,,,,,,,,,,,,,-1,,,,,,,,-1,,,,,,,,,1,0,0,0,0,,0,0,0,0,0,0,1,0,,0,,0,0,0,,1,,0,,,,,,0,,,,,0,,0,,0,,1,0,0,1,0,,,,0,1,0,0,,1,0,0,0,0,0,0,0,0,0,0,0,0,,,0,0,0,0,0,0,1,0,0,,,,,,1,,,,0,0,,,,0,0,0,,0,0,0,0,,0
map#9721b469bd9450a7,,ob4010hou39.mdl,0,,,,0,,,,,,,,-1,-1,,,,-1,,,,,,,,,,,,,,,,,,,,,,,,,,,,,,,-1,,,,,,,,,,,,,,,,,,,,,,,,,,,,,,,,,,,,,,,,,0,0,0,0,0,,0,0,0,0,0,1,1,0,,0,,1,0,0,,0,,0,,,,,,0,,,,,0,,0,,0,,0,0,0,0,0,,,,1,0,0,0,,0,0,0,0,0,0,0,0,0,0,0,0,0,,,0,0,0,0,0,0,0,0,0,,0,,,,0,,,,0,0,,,0,0,0,0,,0,0,0,0,0,0
map#9769917dc62e9929,mp4020_01.mdl,mp4020_01.mdl,1,,,,1,,,,,,,,,-1,,,,-1,,,,-1,,,,,,,,,,,,,,,,,,,,-1,,,,,,,,-1,,,,,,,,,,,,,,,,,,,,,,,-1,,,,,,,,-1,,,,,,,,,0,0,0,0,0,,0,0,0,0,0,0,1,0,,0,,1,0,0,,1,,0,,,,,,0,,,,,0,,0,,0,,1,0,0,0,0,,,,0,1,0,0,,0,0,0,0,0,0,0,0,0,0,0,0,0,,,0,0,0,0,0,0,1,0,0,,,,,,1,,,,0,0,,,,0,0,0,,0,0,0,0,,0
map#97be7a3290ac380f,,ob4010vec00.mdl,1,,,,1,,,,,,,,,-1,-1,,-1,,,,,,,,,,,,,,,,,,,,,,,,,-1,,,-1,,,,,-1,,,,,,,,-1,,,,,,,,,,,,,,,-1,,,,,,,,-1,,,,-1,,,,,0,0,0,0,0,,0,0,0,0,0,0,1,1,,1,,0,0,0,,0,,0,,,,,,0,,,,,0,,0,,0,,1,0,0,1,0,,,,0,1,0,0,,0,0,0,0,1,0,0,0,0,0,0,0,0,,,0,0,0,0,0,0,1,0,0,,0,,,,1,,,,1,0,,,0,0,2,2,,0,0,0,0,0,0
map#9842f21799204e35,ob3010obj95e.mdl,ob3010obj95e.mdl,1,,,,1,,,,,,,,,-1,-1,,,-1,-1,,,,,,,,,,,,,,-1,,,,,,,,,-1,,,-1,,,,,-1,,,,,,,,,,,,,,,,,,,,,,,-1,,,,,,,,-1,,,,-1,,,,,0,0,0,0,0,,0,0,0,0,0,0,1,1,,0,,1,1,0,,0,,0,,,,,,1,,,,,0,,0,,0,,1,0,0,1,0,,,,0,1,0,0,,0,0,0,0,0,0,0,0,0,0,0,0,0,,,0,0,0,0,0,0,1,0,0,,,,,,1,,,,1,0,,,,0,0,0,,0,0,0,0,,0
map#985a4df9849e3fd9,,ob4010hou39c.mdl,0,,,,0,,,,,,,,-1,-1,,,,,,,,,,,,,,,,,,,,,,,,,,,,,,,,,,,-1,,,,,,,,,,,,,,,,-1,,,,,,,,,,,,,,,,,,,,,-1,,,,0,0,0,0,0,,0,0,0,0,0,1,1,0,,0,,0,0,0,,0,,0,,,,,,0,,,,,0,,0,,0,,0,0,0,0,0,,,,1,0,0,0,,0,0,0,0,0,0,0,0,0,0,0,0,1,,,0,0,0,0,0,0,0,0,0,,0,,,,0,,,,0,1,,,0,0,0,0,,0,0,0,0,0,0
map#985dc63c352b3e25,,ob0010hou04.mdl,0,,,,1,-1,,,,,,,,-1,-1,,,,,,,,-1,,,,,,,,,,,,,,,,,,,-1,,,-1,,,,,-1,,,,,,,,,,,,,,,,,,,,,,,-1,,,,,,,,-1,,,,,,,,,1,0,0,0,0,,0,0,0,0,0,0,1,1,,0,,0,0,0,,0,,1,,,,,,0,,,,,0,,0,,0,,1,0,0,1,0,,,,0,1,0,0,,0,0,0,0,0,0,0,0,0,0,0,0,0,,,0,0,0,0,0,0,1,0,0,,,,,,1,,,,0,0,,,0,0,3,0,,0,0,0,0,0,0
map#986e0ecff8235af4,,mp6100_01.mdl,1,,,,1,,,,,,,,,-1,-1,,-1,,-1,,,,,,,,,,,,,,,,,,,,,,,-1,,,,,,,,-1,,,,,,,,,,,,,,,,,,,,,,,-1,,,,,,,,-1,,,,-1,,,,,0,0,0,0,0,,0,0,0,0,0,0,1,1,,1,,0,1,0,,0,,0,,,,,,0,,,,,0,,0,,0,,1,0,0,0,0,,,,0,1,0,0,,0,0,0,0,0,0,0,0,0,0,0,0,0,,,0,0,0,0,0,0,1,0,0,,0,,,,1,,,,1,0,,,0,0,1,2,,0,0,0,0,0,0
map#98b24a2f5eae4754,ob1010hou19.mdl,1008.mdl,1,,,,1,,,,,,,,,-1,-1,,,,,,,,,,,,,,,,,,,,,,,,,,,-1,,,-1,,,,,-1,,,,,,,,,,,,,,,,,,,,,,,-1,,,,,,,,-1,,,,,,,,,0,0,0,0,0,,0,0,0,0,0,0,1,1,,0,,0,0,0,,0,,0,,,,,,0,,,,,0,,0,,0,,1,0,0,1,0,,,,0,1,0,0,,0,0,0,0,0,0,0,0,0,0,0,0,0,,,0,0,0,0,0,0,1,0,0,,,,,,1,,,,0,0,,,,0,2,0,,0,0,0,0,,0
map#98fe161783d468a2,ob_s05_000b.mdl,ob_s05_000b.mdl,0,,,,1,,,,,,,,,-1,-1,,,-1,-1,,,,,,,,,,,,,,,,,,,,-1,,,-1,-1,,,,,,,-1,-1,,,,,,,,,,,,,,,,,,,,,,-1,,,,,,,,-1,,,,,,,,,0,0,0,0,0,,0,0,0,0,0,0,1,1,,0,,1,1,0,,0,,0,,,,,,0,,,,,0,,1,,0,,1,1,0,0,0,,,,0,1,1,0,,0,0,0,0,0,0,0,0,0,0,0,0,0,,,0,0,0,0,0,0,1,0,0,,,,,,1,,,,0,0,,,,0,0,0,,0,0,0,0,,0
map#991eb430e74b010a,,ob5500obj00.mdl,1,,,,0,,,,,,,,,-1,-1,,,-1,-1,,,,,,-1,,-1,,,,,,-1,,,,,,,,,,,,,,,,-1,,,,,,,,,,,,,,,,,,,,,,,,,,,,,,,,,,,,-1,,,,,0,0,0,0,0,,0,0,1,0,1,0,1,1,,0,,1,1,0,,0,,0,,,,,,1,,,,,0,,0,,0,,0,0,0,0,0,,,,1,0,0,0,,0,0,0,0,0,0,0,0,0,0,0,0,0,,,0,0,0,0,0,0,0,0,0,,,,,,0,,,,1,0,,,,0,1,0,,0,0,0,0,,0
map#99833e845f4fe0a0,,ef_obj_a391.mdl,1,,,,0,,,,,,,,,,,,,,,,,,,,,,,,,,,,,,,,,,,,,,,,,,,,-1,,,,,,,,,,,,,,,,,,,,,,,,,,,,,,,,,,,,,,,,,0,0,0,0,0,,0,0,0,0,0,0,0,0,,0,,0,0,0,,0,,0,,,,,,0,,,,,0,,0,,0,,0,0,0,0,0,,,,1,0,0,0,,0,0,0,0,0,0,0,0,0,0,0,0,0,,,0,0,0,0,0,0,0,0,0,,0,,,,0,,,,0,0,,,0,0,0,0,,0,0,0,0,0,0
map#99d3bb82b91fac30,,ob5111obj01.mdl,1,,,,1,,,,,,,,,-1,-1,,,,-1,,,,,-1,,,-1,,,,,,-1,,,,,,,,,,,,,,,,,,-1,,,,,,,,,,,,,,,,,,,,,,,,,,,,,,,,,,-1,-1,,,,0,0,0,0,0,,0,1,0,0,1,0,1,1,,0,,0,1,0,,0,,0,,,,,,1,,,,,0,,0,,0,,0,0,0,0,0,,,,0,0,1,0,,0,0,0,0,0,0,0,0,0,0,0,0,0,,,0,0,0,0,0,0,0,0,0,,,,,,0,,,,1,1,,,0,0,1,0,,0,0,0,0,0,0
map#99ede6f5cdff0ba0,ob_s05_000s.mdl,ob_s05_000s.mdl,1,,1,,1,,,,,,,,,-1,,,,,,,,,,,,,,,,,,,,,,,,,,,,-1,,,,,,,,-1,,,,,,,,-1,-1,,,,,,,,,,,,,,-1,,,,,,,,-1,,,,,-1,,,,0,0,0,0,0,,0,0,0,0,0,0,1,0,,0,,0,0,0,,0,,0,,,,,,0,,,,,0,,0,,0,,1,0,0,0,0,,,,0,1,0,0,,0,0,0,0,1,1,0,0,0,0,0,0,0,,,0,0,0,0,0,0,1,0,0,,,,,,1,,,,0,1,,,,0,0,0,,0,0,0,0,,0
map#9a9870fe074c1cc6,ob0000plt01_l2.mdl,ob0000plt01_l2.mdl,0,,,,0,-1,,-1,,,,,,-1,,,,,,,,,,,,,,,,,,,,,,,,,,,,,,,,,,,,-1,,,,,,,,,,,,,,,,,,,,,,,,,,,,,,,,,,,,,,,,1,0,1,0,0,,0,0,0,0,0,0,1,0,,0,,0,0,0,,0,,0,,,,,,0,,,,,0,,0,,0,,0,0,0,0,0,,,,0,1,0,0,,0,0,0,0,0,0,0,0,0,0,0,0,,,,0,0,,,,0,0,0,0,,,,,,0,,,,0,0,,,,0,0,0,,0,0,0,0,,0
map#9ab22a65b1e54b3f,mp4020_03.mdl,mp4020_03.mdl,1,,,,1,,,,,,,,,-1,,,,-1,,,,,,,,,,,,,,,-1,,,,,,,,,,,,,,,,,,,,,,,,,,,,,,,,,,,,,,,,,,,,,,,,,,,,,,,,,0,0,0,0,0,,0,0,0,0,0,0,1,0,,0,,1,0,0,,0,,0,,,,,,1,,,,,0,,0,,0,,0,0,0,0,0,,,,0,0,0,0,,0,0,0,0,0,0,0,0,0,0,0,0,0,,,0,0,0,0,0,0,0,0,0,,,,,,0,,,,0,0,,,,0,0,0,,0,0,0,0,,0
map#9b5ea53545d3d4b5,ob1090plt00.mdl,ob1090plt00.mdl,0,,,,0,-1,,,,,,,,-1,,,,,,,,,-1,,,,,,,,,,,,,,,,,,,,,,,,,,,-1,,,,,,,,,,,,,,,,,,,,,,,-1,-1,,,,,,,,,,,,,,,,1,0,0,0,0,,0,0,0,0,0,0,1,0,,0,,0,0,0,,0,,1,,,,,,0,,,,,0,,0,,0,,0,0,0,0,0,,,,0,1,0,0,,0,0,0,0,0,0,0,0,0,0,0,0,0,,,0,0,0,0,0,0,1,1,0,,,,,,0,,,,0,0,,,,0,0,0,,0,0,0,0,,0
map#9bc922a73fbde399,ef_obj_x003.mdl,,1,,,,1,-1,,,,,,,,-1,,,,,,,,,,,,,,,,,,,,,,,,,,,,,,,-1,,,,,-1,,,,,,,,,,,,,,,,,,,,,,,,,,,,,,,-1,,,,,,,,,1,0,0,0,0,,0,0,0,0,0,0,1,0,,0,,0,0,0,,0,,0,,,,,,0,,,,,,,0,,0,,0,0,0,1,0,,,,0,1,0,0,,0,0,0,0,0,0,0,0,0,0,0,,,,,0,0,,,,0,0,0,0,0,,,,,1,,,,0,0,,,,,0,0,,0,0,,0,,0
map#9bd053fa5673a94f,ob0042lig00.mdl,ob0042lig00.mdl,0,,,,1,,,,,,,,,-1,,,,-1,,,,,,,,,,,,,,,-1,,,,,,,,,,,,,,,,-1,,,,,,,,,,,,,,,,,,,,,,,,,,,,,,,,,,,,,-1,,,,0,0,0,0,0,,0,0,0,0,0,0,1,0,,0,,1,0,0,,0,,0,,,,,,1,,,,,0,,0,,0,,0,0,0,0,0,,,,1,0,0,0,,0,0,0,0,0,0,0,0,0,0,0,0,0,,,0,0,0,0,0,0,0,0,0,,,,,,0,,,,0,1,,,,0,0,0,,0,0,0,0,,0
map#9c92b704de8c9e38,,ef_obj_a369.mdl,1,,,,1,-1,,,,,,,,-1,-1,,-1,-1,-1,-1,,,,,,,,,,,,,,,,,,,,,,-1,,,,,,,,-1,,,,,,,,,,,,,,,,,,,,,,,-1,,,,,,,,-1,,,,,-1,,,,1,0,0,0,0,,0,0,0,0,0,0,1,1,,1,,1,1,1,,0,,0,,,,,,0,,,,,0,,0,,0,,1,0,0,0,0,,,,0,1,0,0,,0,0,0,0,0,0,0,0,0,0,0,0,0,,,0,0,0,0,0,0,1,0,0,,,,,,1,,,,0,1,,,,0,3,1,,0,0,0,0,,0
map#9c97b2f645f54514,mp0010.mdl,,0,1,,,1,,,,,,,,,-1,,,,-1,,,,,,-1,,,,,,,,,,,,,,,,,,-1,,,,,,,,-1,,,,,,,-1,,,,,,,,,,,,,,,,-1,,,,,,,,-1,,,,,,,,,0,0,0,0,0,,0,1,0,0,0,0,1,0,,0,,1,0,0,,0,,0,,,,,,0,,,,,0,,0,,0,,1,0,0,0,0,,,,0,1,0,0,,0,0,0,1,0,0,0,0,0,0,0,0,0,,,0,0,0,0,0,0,1,0,0,,,,,,1,,,,0,0,,,,0,2,0,,0,0,0,0,,0
map#9ce125b2430e72fd,ob0010hou15.mdl,ob1010hou12.mdl,0,,,,1,,,,,,,,-1,-1,,,,,,,,,,,,,,,,,,,-1,,,,,,,,,,,,,,,,-1,,,,,,,,,,,,,,,,,,,,,,,,,,,,,,,,,,,,,-1,,,,0,0,0,0,0,,0,0,0,0,0,1,1,0,,0,,0,0,0,,0,,0,,,,,,1,,,,,0,,0,,0,,0,0,0,0,0,,,,1,0,0,0,,0,0,0,0,0,0,0,0,0,0,0,0,0,,,0,0,0,0,0,0,0,0,0,,,,,,0,,,,0,1,,,,0,0,0,,0,0,0,0,,0
map#9cfa1d4f0952a4f5,mp3030.mdl,mp3030.mdl,0,1,1,1,1,,,,,,,,,-1,-1,,-1,,,,,,,,,,,,,,,,,,,,,,-1,,,-1,-1,-1,,,,,,-1,-1,-1,,,,,-1,,-1,,,-1,,,,,,,,,,,-1,,,,,,,,-1,,,,-1,,,,,0,0,0,0,0,,0,0,0,0,0,0,1,1,,1,,0,0,0,,0,,0,,,,,,0,,,,,0,,1,,0,,1,1,1,0,0,,,,0,1,1,1,,0,0,0,1,0,1,0,0,1,0,0,0,0,,,0,0,0,0,0,0,1,0,0,,,,,,1,,,,1,0,,,,0,0,0,,0,0,0,0,,0
map#9cfc78c9c9539e9e,,ob0080evt00.mdl,1,,,,0,,,,,,,,,-1,,,,-1,-1,,,,,,,,,,,,,,,,,,,,,,,,,,,,,,,,,,,,,,,,,,,,,,,,,,,,,,,,,,,,,,,,,,,,,,,0,0,0,0,0,,0,0,0,0,0,0,1,0,,0,,1,1,0,,0,,0,,,,,,0,,,,,0,,0,,0,,0,0,0,0,0,,,,0,0,0,0,,0,0,0,0,0,0,0,0,0,0,0,0,0,,,0,0,0,0,0,0,0,0,0,,,,,,0,,,,0,0,,,0,0,1,0,,0,0,0,0,0,0
map#9d16621db137ac52,ob0000plt12.mdl,ob0000plt12.mdl,0,,,,0,-1,,,,,,,,-1,,,,,,,,,-1,,,,,,,,,,,,,,,,,,,,,,,,,,,,,,,,,,,,,,,,,,,,,,,,,,-1,-1,,,,,,,,,,,-1,-1,,,,1,0,0,0,0,,0,0,0,0,0,0,1,0,,0,,0,0,0,,0,,1,,,,,,0,,,,,0,,0,,0,,0,0,0,0,0,,,,0,0,0,0,,0,0,0,0,0,0,0,0,0,0,0,0,0,,,0,0,0,0,0,0,1,1,0,,,,,,0,,,,1,1,,,,0,0,0,,0,0,0,0,,0
map#9d4865ea6bbf1fb3,mp0043.mdl,ob0042hou00.mdl,0,,,,1,,,,,,,,,-1,,,,-1,,,,,,,,,,,,,,,,,,,,,,,,-1,,,,,,,,-1,,,,,,,,,,,,,,,,,,,,,,,-1,,,,,,,,-1,,,,-1,,,,,0,0,0,0,0,,0,0,0,0,0,0,1,0,,0,,1,0,0,,0,,0,,,,,,0,,,,,0,,0,,0,,1,0,0,0,0,,,,0,1,0,0,,0,0,0,0,0,0,0,0,0,0,0,0,0,,,0,0,0,0,0,0,1,0,0,,,,,,1,,,,1,0,,,,0,2,0,,0,0,0,0,,0
map#9d533be7044cb049,mp1071_01.mdl,mp2051_01.mdl,1,,,,1,,,,,,,,,-1,,,,,,,,,,,,,,,,,,,,,,,,,,,,-1,,,,,,,,-1,,,,,,,,,,,,,,,,,,,,,,,-1,,,,,,,,-1,,,,-1,,,,,0,0,0,0,0,,0,0,0,0,0,0,1,0,,0,,0,0,0,,0,,0,,,,,,0,,,,,0,,0,,0,,1,0,0,0,0,,,,0,1,0,0,,0,0,0,0,0,0,0,0,0,0,0,0,0,,,0,0,0,0,0,0,1,0,0,,,,,,1,,,,1,0,,,,0,0,2,,0,0,0,0,,0
map#9dcf64e0717e13ce,ob4010plt12_l2.mdl,ob4010plt12_l2.mdl,1,,,,0,-1,,,,-1,,,,-1,,,,,,,,,,,,,,,,,,,,,,,,,,,,,,,,,,,,,,,,,,,,,,,,,,,,,,,,,,,,,,,,,,,,,,,,,,,,1,0,0,0,1,,0,0,0,0,0,0,1,0,,0,,0,0,0,,0,,0,,,,,,0,,,,,0,,0,,0,,0,0,0,0,0,,,,0,0,0,0,,0,0,0,0,0,0,0,0,0,0,0,0,0,,,0,0,0,0,0,0,0,0,0,,,,,,0,,,,0,0,,,,0,0,0,,0,0,0,0,,0
map#9df8e83920557cab,mp0051.mdl,mp0051.mdl,1,,,,1,,,,,,,,,-1,-1,,,,,,,,,,,,,,,,,,,,,,,,,,,-1,-1,,,,,,,-1,-1,,,,,,,,,,,,,,,,,,,,,,-1,,,,,,,,-1,,,,-1,,,,,0,0,0,0,0,,0,0,0,0,0,0,1,1,,0,,0,0,0,,0,,0,,,,,,0,,,,,0,,0,,0,,1,1,0,0,0,,,,0,1,1,0,,0,0,0,0,0,0,0,0,0,0,0,0,0,,,0,0,0,0,0,0,1,0,0,,,,,,1,,,,1,0,,,,0,0,0,,0,0,0,0,,0
map#9e2bf53410fef86f,,mp6400.mdl,0,1,,1,0,,,,,,,,,-1,-1,,-1,-1,-1,-1,,,,,,,,,,,,,,,,,,,,,,-1,-1,-1,,,,,,,,-1,,,,,-1,,,,,-1,,,,,,,,,,,-1,,,,,,,,-1,,,,-1,,,,,0,0,0,0,0,,0,0,0,0,0,0,1,1,,1,,1,1,1,,0,,0,,,,,,0,,,,,0,,0,,0,,1,1,1,0,0,,,,0,0,0,1,,0,0,0,1,0,0,0,0,1,0,0,0,0,,,0,0,0,0,0,0,1,0,0,,,,,,1,,,,1,0,,,0,0,0,0,,0,0,0,0,0,0
map#9e4348ea871b99fd,,ob_e15_005.mdl,0,,,,1,,,,,,,,,-1,,,,,,,,,,,,,,,,,,,,,,,,,,,,-1,,,,,,,,-1,,,,,,,,,,,,,,,,,,,,,,,-1,,,,,,,,,,,,,-1,,,,0,0,0,0,0,,0,0,0,0,0,0,1,0,,0,,0,0,0,,0,,0,,,,,,0,,,,,0,,0,,0,,1,0,0,0,0,,,,0,1,0,0,,0,0,0,0,0,0,0,0,0,0,0,0,0,,,0,0,0,0,0,0,1,0,0,,0,,,,0,,,,0,1,,,0,0,0,0,,0,0,0,0,0,0
map#9eec18b7c2680836,ob2051hou03.mdl,,1,,,,0,,,,,,,,,-1,,,-1,,,,,,,,,,,,,,,,,,,,,,,,,-1,,,,,,,,-1,,,,,,,,,,,,,,,,,,,,,,,-1,,,,,,,,-1,,,,-1,,,,,0,0,0,0,0,,0,0,0,0,0,0,1,0,,1,,0,0,0,,0,,0,,,,,,0,,,,,0,,0,,0,,1,0,0,0,0,,,,0,1,0,0,,0,0,0,0,0,0,0,0,0,0,0,0,0,,,0,0,0,0,0,0,1,0,0,,,,,,1,,,,1,0,,,,0,3,2,,0,0,0,0,,0
map#9f0a4b568ad270cc,,ob0000rok02.mdl,1,,,,1,,,,,,,,,-1,-1,,-1,-1,-1,-1,,,,,,,,,,,,,,,,,,,-1,,,-1,-1,-1,,,,,,-1,-1,-1,,,,,,,,,,,,,,,,,-1,-1,-1,,-1,,,,,,,,-1,,,,-1,-1,,,,0,0,0,0,0,,0,0,0,0,0,0,1,1,,1,,1,1,1,,0,,0,,,,,,0,,,,,0,,1,,0,,1,1,1,0,0,,,,0,1,1,1,,0,0,0,0,0,0,0,0,0,0,0,0,0,,,0,0,1,1,1,0,1,0,0,,0,,,,1,,,,1,1,,,0,0,0,0,,0,0,0,0,0,0
map#9f34af7a588e3990,,ob6200hou00.mdl,1,1,1,1,1,,,,,,,,,-1,-1,,-1,,,,,,,,,,,,,,,,,,,,,,,,,-1,-1,,,,,,,-1,-1,,,,,,-1,-1,-1,-1,-1,-1,-1,,,,,,,,,,-1,,,,,,,,-1,,,,-1,,,,,0,0,0,0,0,,0,0,0,0,0,0,1,1,,1,,0,0,0,,0,,0,,,,,,0,,,,,0,,0,,0,,1,1,0,0,0,,,,0,1,1,0,,0,0,0,1,1,1,1,1,1,0,1,0,0,,,0,0,0,0,0,0,1,0,0,,0,,,,1,,,,1,0,,,0,0,0,2,,0,0,0,0,0,0
map#9f429649c6e17832,ob2071lig01.mdl,mp5110_20.mdl,1,,,,1,,,,,,,,,-1,,,,-1,,,,,,,,,,,,,,,-1,,,,-1,,,,,-1,,,-1,,,,,-1,,,,,,,,,,,,,,,,,,,,,,,-1,,,,,,,,-1,,,,,,,,,0,0,0,0,0,,0,0,0,0,0,0,1,0,,0,,1,0,0,,0,,0,,,,,,1,,,,,1,,0,,0,,1,0,0,1,0,,,,0,1,0,0,,0,0,0,0,0,0,0,0,0,0,0,0,0,,,0,0,0,0,0,0,1,0,0,,,,,,1,,,,0,0,,,,0,0,0,,0,0,0,0,,0
map#9f4d63aad02ac364,ob3010obj95f.mdl,ob3010obj95f.mdl,1,,,,1,,,,,,,,,-1,,,,-1,,,,,,,,,,,,,,,-1,,,,,,,,,-1,,,-1,,,,,-1,,,,,,,,,,,,,,,,,,,,,,,-1,,,,,,,,-1,,,,,,,,,0,0,0,0,0,,0,0,0,0,0,0,1,0,,0,,1,0,0,,0,,0,,,,,,1,,,,,0,,0,,0,,1,0,0,1,0,,,,0,1,0,0,,0,0,0,0,0,0,0,0,0,0,0,0,0,,,0,0,0,0,0,0,1,0,0,,,,,,1,,,,0,0,,,,0,0,0,,0,0,0,0,,0
map#9fa4f7e9b835b314,,mp0030.mdl,0,,1,,1,,,,,,,,,-1,-1,,,-1,,,,,,,,,,,,,,,,,,,,,,,,-1,,,,,,,,-1,,,,,,,,,-1,,,,,,,,,,,,,,-1,,,,,,,,-1,,,,-1,,,,,0,0,0,0,0,,0,0,0,0,0,0,1,1,,0,,1,0,0,,0,,0,,,,,,0,,,,,0,,0,,0,,1,0,0,0,0,,,,0,1,0,0,,0,0,0,0,0,1,0,0,0,0,0,0,0,,,0,0,0,0,0,0,1,0,0,,0,,,,1,,,,1,0,,,0,0,2,0,,0,0,0,0,0,0
map#a00c9d0836b3d643,,ob8410evt00.mdl,1,,,,0,,,,,,,,,-1,-1,,,-1,,,,,,,,,,,,,,,,,,,,,,,,,,,,,,,,,,,,,,,,,,,,,,,,,,,,,,,-1,,,,,,,,-1,,,,-1,,,,,0,0,0,0,0,,0,0,0,0,0,0,1,1,,0,,1,0,0,,0,,0,,,,,,0,,,,,0,,0,,0,,0,0,0,0,0,,,,0,0,0,0,,0,0,0,0,0,0,0,0,0,0,0,0,0,,,0,0,0,0,0,0,1,0,0,,0,,,,1,,,,1,0,,,0,0,1,0,,0,0,0,0,0,0
map#a03b26212cff6e46,ob2071plt00c.mdl,ob2071plt00c.mdl,1,,,,1,-1,,,,,,,,-1,,,,,,,,-1,-1,,,,,,,,,,,,,,,,,,,-1,,,,,,,,-1,,,,,,,,,,,,,,,,,,,,,,,-1,,,,,,,,-1,,,,,,,,,1,0,0,0,0,,0,0,0,0,0,0,1,0,,0,,0,0,0,,1,,1,,,,,,0,,,,,0,,0,,0,,1,0,0,0,0,,,,0,1,0,0,,0,0,0,0,0,0,0,0,0,0,0,0,0,,,0,0,0,0,0,0,1,0,0,,,,,,1,,,,0,0,,,,0,0,0,,0,0,0,0,,0
map#a047d745934a704d,,ob8010evt02.mdl,1,,,,1,,,,,,,,,-1,-1,,,-1,-1,,,,,,,,,,,,,,,,,,,,,,,,,,-1,,,,,,,,,,,,,,,,,,,,,,,,,,,,,,,,,,,,-1,,,,-1,,,,,0,0,0,0,0,,0,0,0,0,0,0,1,1,,0,,1,1,0,,0,,0,,,,,,0,,,,,0,,0,,0,,0,0,0,1,0,,,,0,0,0,0,,0,0,0,0,0,0,0,0,0,0,0,0,0,,,0,0,0,0,0,0,0,0,0,,0,,,,1,,,,1,0,,,0,0,0,0,,0,0,0,0,0,0
map#a1bf7c8dafde04ab,ob4010kag40b.mdl,ob4010kag40b.mdl,1,,,,1,,,,,,,,,-1,,,,-1,,,,,-1,,,,,,,,,,,,,,,,,,,-1,,,,,,,,-1,,,,,,,,,,,,,,,,,,,,,,,-1,-1,-1,,,,,,-1,,,,,,,,,0,0,0,0,0,,0,0,0,0,0,0,1,0,,0,,1,0,0,,0,,1,,,,,,0,,,,,0,,0,,0,,1,0,0,0,0,,,,0,1,0,0,,0,0,0,0,0,0,0,0,0,0,0,0,0,,,0,0,0,0,0,0,1,1,1,,,,,,1,,,,0,0,,,,0,0,0,,0,0,0,0,,0
map#a1c801f62180f544,ob1010hou19.mdl,ob1010hou19.mdl,0,,,,1,-1,,,,,,,,-1,-1,,,,,,,,,,,,,,,,,,,,,,,,,,,-1,,,-1,,,,,-1,,,,,,,,,,,,,,,,,,,,,,,-1,,,,,,,,-1,,,,,,,,,1,0,0,0,0,,0,0,0,0,0,0,1,1,,0,,0,0,0,,0,,0,,,,,,0,,,,,0,,0,,0,,1,0,0,1,0,,,,0,1,0,0,,0,0,0,0,0,0,0,0,0,0,0,0,0,,,0,0,0,0,0,0,1,0,0,,,,,,1,,,,0,0,,,,0,2,0,,0,0,0,0,,0
map#a223210458dcd48d,mp3041_04.mdl,mp3041_04.mdl,1,,,,1,-1,,,,,,,,-1,,,,,,,,,,,,,,,,,,,,,,,,,,,,-1,,,-1,,,,,-1,,,,,,,,,,,,,,,,,,,,,,,-1,,,,,,,,-1,,,,,,,,,1,0,0,0,0,,0,0,0,0,0,0,1,0,,0,,0,0,0,,0,,0,,,,,,0,,,,,0,,0,,0,,1,0,0,1,0,,,,0,1,0,0,,0,0,0,0,0,0,0,0,0,0,0,0,0,,,0,0,0,0,0,0,1,0,0,,,,,,1,,,,0,0,,,,0,0,2,,0,0,0,0,,0
map#a25393ffa8c398c8,,ob6100hou00.mdl,1,,,,1,,,,,,,,,-1,-1,,-1,-1,-1,,,,,,,,,,,,,,,,,,,,,,,-1,,,-1,,,,,-1,,,,,,,,,,,,,,,,,,,,,,,-1,,,,,,,,-1,,,,,,,,,0,0,0,0,0,,0,0,0,0,0,0,1,1,,1,,1,1,0,,0,,0,,,,,,0,,,,,0,,0,,0,,1,0,0,1,0,,,,0,1,0,0,,0,0,0,0,0,0,0,0,0,0,0,0,0,,,0,0,0,0,0,0,1,0,0,,,,,,1,,,,0,0,,,0,0,1,2,,0,0,0,0,,0
map#a315f40ab379c591,mp3030.mdl,mp1051.mdl,0,1,1,1,1,,,,,,,,,-1,-1,,-1,-1,,,,,,,,,,,,,,,,,,,,,-1,,,-1,-1,-1,,,,,,-1,-1,-1,,,,,-1,,-1,,,-1,,,,,,,,,,,-1,,,,,,,,-1,,,,-1,,,,,0,0,0,0,0,,0,0,0,0,0,0,1,1,,1,,1,0,0,,0,,0,,,,,,0,,,,,0,,1,,0,,1,1,1,0,0,,,,0,1,1,1,,0,0,0,1,0,1,0,0,1,0,0,0,0,,,0,0,0,0,0,0,1,0,0,,,,,,1,,,,1,0,,,,0,0,0,,0,0,0,0,,0
map#a32062ce43a09fee,etc0204.mdl,etc0204.mdl,0,,,,1,,,,,,,,,-1,,,,,,,,,-1,,,,,,,,,,,,,,,,,,,-1,,,-1,,,,,-1,,,,,,,,,,,,,,,,,,,,,,,-1,,,,,,,,-1,,,,,,,,,0,0,0,0,0,,0,0,0,0,0,0,1,0,,0,,0,0,0,,0,,1,,,,,,0,,,,,,,0,,0,,1,0,0,1,0,,,,0,1,0,0,,0,0,0,0,0,0,0,0,0,0,0,,,,,0,0,,,,0,1,0,0,0,,,,,1,,,,0,0,,,,,0,0,,0,0,,0,,0
map#a36a2943f2e3c098,ob_e03_015.mdl,ob_e03_015.mdl,1,,,,1,,,,,,,,,-1,,,,,,,,,-1,,,,,,,,,,,,,,,,,,,-1,,,-1,,,,,-1,,,,,,,,,,,,,,,,,,,,,,,-1,-1,-1,,,,,,,,,,,,,,,0,0,0,0,0,,0,0,0,0,0,0,1,0,,0,,0,0,0,,0,,1,,,,,,0,,,,,0,,0,,0,,1,0,0,1,0,,,,0,1,0,0,,0,0,0,0,0,0,0,0,0,0,0,0,0,,,0,0,0,0,0,0,1,1,1,,,,,,0,,,,0,0,,,,0,0,0,,0,0,0,0,,0
map#a41b12a474d3a25f,,equ9013.mdl,1,,,,0,,,,,,,,-1,-1,,,,-1,,,,,,,,,,,,,,,-1,,,,,,,,,,,,,,,,,,,,,,,,,,,,,,,,,,,,,,,,-1,,,,,,,,,,,,,-1,,,,0,0,0,0,0,,0,0,0,0,0,1,1,0,,0,,1,0,0,,0,,0,,,,,,1,,,,,0,,0,,0,,0,0,0,0,0,,,,0,0,0,0,,0,0,0,0,0,0,0,0,0,0,0,0,0,,,0,0,0,0,0,0,1,0,0,,0,,,,0,,,,0,1,,,0,0,0,0,,0,0,0,0,0,0
map#a431e2004b961f11,a0399.mdl,a0399.mdl,0,,1,1,1,,,,,,,,,-1,-1,,-1,-1,,,,,,,,,,,,,,,,,,,,,-1,,,-1,-1,-1,,,,,,-1,-1,-1,,-1,,,,,-1,,,-1,,,,,,,,,,,-1,,,,,,,,-1,,,,-1,,,,,0,0,0,0,0,,0,0,0,0,0,0,1,1,,1,,1,0,0,,0,,0,,,,,,0,,,,,0,,1,,0,,1,1,1,0,0,,,,0,1,1,1,,1,0,0,0,0,1,0,0,1,0,0,0,0,,,0,0,0,0,0,0,1,0,0,,,,,,1,,,,1,0,,,,0,0,0,,0,0,0,0,,0
map#a4685c9a01c6be53,ob0061hou00.mdl,ob0061hou00.mdl,0,,,,0,,,,,,,,,-1,,,-1,,,,,,,,,,,,,,,,,,,,,,,,,-1,,,,,,,,-1,,,,,,,,,,,,,,,,,,,,,,,-1,,,,,,,,-1,,,,-1,,,,,0,0,0,0,0,,0,0,0,0,0,0,1,0,,1,,0,0,0,,0,,0,,,,,,0,,,,,0,,0,,0,,1,0,0,0,0,,,,0,1,0,0,,0,0,0,0,0,0,0,0,0,0,0,0,0,,,0,0,0,0,0,0,1,0,0,,,,,,1,,,,1,0,,,,0,0,2,,0,0,0,0,,0
map#a4752d58d866523c,mp1010_02.mdl,mp0041_01.mdl,1,,,,1,,,,,,,,,-1,,,,,,,,,,,,,,,,,,,,,,,,,,,,-1,,,,,,,,-1,,,,,,,,,,,,,,,,,,,,,,,-1,,,,,,,,-1,,,,-1,,,,,0,0,0,0,0,,0,0,0,0,0,0,1,0,,0,,0,0,0,,0,,0,,,,,,0,,,,,0,,0,,0,,1,0,0,0,0,,,,0,1,0,0,,0,0,0,0,0,0,0,0,0,0,0,0,0,,,0,0,0,0,0,0,1,0,0,,,,,,1,,,,1,0,,,,0,0,0,,0,0,0,0,,0
map#a47c63a9edaa9af7,ob1010hou16.mdl,ob1010hou16.mdl,0,,,,1,-1,,,,,,,,-1,-1,,,,,,,,,,,,,,,,,,,,,,,,,,,-1,,,-1,,,,,-1,,,,,,,,,,,,,,,,,,,,,,,-1,,,,,,,,-1,,,,-1,,,,,1,0,0,0,0,,0,0,0,0,0,0,1,1,,0,,0,0,0,,0,,0,,,,,,0,,,,,0,,0,,0,,1,0,0,1,0,,,,0,1,0,0,,0,0,0,0,0,0,0,0,0,0,0,0,,,,0,0,,,,0,1,0,0,,,,,,1,,,,1,0,,,,0,2,0,,0,0,0,0,,0
map#a47ee2502eee87e6,,ob_e11_004.mdl,1,,,,1,,,,,,,,,-1,-1,,-1,,,,,,,,-1,,-1,,,,,,-1,,,,,,,,,-1,,,,,,,,,,,,,,,,,,,,,,,,,,,,,,,-1,,,,,,,,,,,,,,,,,0,0,0,0,0,,0,0,1,0,1,0,1,1,,1,,0,0,0,,0,,0,,,,,,1,,,,,0,,0,,0,,1,0,0,0,0,,,,0,0,0,0,,0,0,0,0,0,0,0,0,0,0,0,0,0,,,0,0,0,0,0,0,1,0,0,,0,,,,0,,,,0,0,,,0,0,4,3,,0,0,0,0,0,0
map#a4921cc8bf06943e,mp0010.mdl,mp0010.mdl,0,,,,1,,,,,,,,,-1,,,,,,,,-1,,,,,,,,,,,,,,,,,,,,-1,,,,,,,,-1,,,,,,,,,,,,,,,,,,,,,,,-1,,,,,,,,,,,,,,,,,0,0,0,0,0,,0,0,0,0,0,0,1,0,,0,,0,0,0,,1,,0,,,,,,0,,,,,0,,0,,0,,1,0,0,0,0,,,,0,1,0,0,,0,0,0,0,0,0,0,0,0,0,0,0,0,,,0,0,0,0,0,0,1,0,0,,,,,,0,,,,0,0,,,,0,0,0,,0,0,0,0,,0
map#a49dd564be3165f3,mp0013.mdl,mp0013.mdl,0,,,,1,,,,,,,,,-1,,,,,,,,,,,,,,,,,,,,,,,,,,,,-1,,,-1,,,,,,,,,,,,,,,,,,,,,,,,,,,,-1,,,,,,,,,,,,,,,,,0,0,0,0,0,,0,0,0,0,0,0,1,0,,0,,0,0,0,,0,,0,,,,,,0,,,,,0,,0,,0,,1,0,0,1,0,,,,0,0,0,0,,0,0,0,0,0,0,0,0,0,0,0,0,0,,,0,0,0,0,0,0,1,0,0,,,,,,0,,,,0,0,,,,0,0,0,,0,0,0,0,,0
map#a4c9ba0c22354d3d,,ob8000vec01.mdl,1,,,,1,,,,,,,,,-1,,,,,,,,,,,,,,,,,,,-1,,,,,,,,,-1,,,,,,,,,,,,,,,,,,,,,,,,,,,,,,,,,,,,,,,,,,,,,,,,0,0,0,0,0,,0,0,0,0,0,0,1,0,,0,,0,0,0,,0,,0,,,,,,1,,,,,0,,0,,0,,1,0,0,0,0,,,,0,0,0,0,,0,0,0,0,0,0,0,0,0,0,0,0,0,,,0,0,0,0,0,0,0,0,0,,,,,,0,,,,0,0,,,0,0,0,0,,0,0,0,0,0,0
map#a4f16d3735a773a0,,ob0000rok00_l1.mdl,1,,,,1,,,,,,,,,-1,-1,,-1,-1,-1,-1,,,,,,,,,,,,,,,,,,,,,,-1,-1,-1,,,,,,-1,-1,-1,,,,,,,,,,,,,,,,,-1,-1,-1,,-1,,,,,,,,-1,,,,-1,-1,,,,0,0,0,0,0,,0,0,0,0,0,0,1,1,,1,,1,1,1,,0,,0,,,,,,0,,,,,0,,0,,0,,1,1,1,0,0,,,,0,1,1,1,,0,0,0,0,0,0,0,0,0,0,0,0,0,,,0,0,1,1,1,0,1,0,0,,,,,,1,,,,1,1,,,0,0,0,0,,0,0,0,0,0,0
map#a50e0d2c2b51e66c,,ob0000sky05.mdl,0,,,,0,,,,,,,,-1,-1,,,,,,,,,-1,-1,,,-1,,,,,,,,,,,,,,,,,,,,,,-1,,,,,,,,,,,,,,,,-1,,,,,,,,,,,,,,,,,,,,,,,,,0,0,0,0,0,,0,1,0,0,1,1,1,0,,0,,0,0,0,,0,,1,,,,,,0,,,,,0,,0,,0,,0,0,0,0,0,,,,1,0,0,0,,0,0,0,0,0,0,0,0,0,0,0,0,1,,,0,0,0,0,0,0,0,0,0,,,,,,0,,,,0,0,,,0,0,0,0,,0,0,0,0,,0
map#a55218a97b4728f9,,ob6100hou00.mdl,1,,,,1,,,,,,,,,-1,-1,,-1,,,,,,,,,,,,,,,,,,,,,,,,,-1,,,-1,,,,,-1,,,,,,,,,,,,,,,,,,,,,,,-1,,,,,,,,-1,,,,-1,,,,,0,0,0,0,0,,0,0,0,0,0,0,1,1,,1,,0,0,0,,0,,0,,,,,,0,,,,,0,,0,,0,,1,0,0,1,0,,,,0,1,0,0,,0,0,0,0,0,0,0,0,0,0,0,0,0,,,0,0,0,0,0,0,1,0,0,,,,,,1,,,,1,0,,,0,0,0,2,,0,0,0,0,,0
map#a57262695ec7088d,ob1010lig07.mdl,ob1010lig07.mdl,1,,,,1,,,,,,,,,-1,,,,-1,,,,,,,,,,,,,,,-1,,,,,,,,,,,,,,,,,-1,,,,,,,,,,,,,,,,,,,,,,,,,,,,,,,,,,,,-1,,,,0,0,0,0,0,,0,0,0,0,0,0,1,0,,0,,1,0,0,,0,,0,,,,,,1,,,,,0,,0,,0,,0,0,0,0,0,,,,0,1,0,0,,0,0,0,0,0,0,0,0,0,0,0,0,0,,,0,0,0,0,0,0,0,0,0,,,,,,0,,,,0,1,,,,0,0,0,,0,0,0,0,,0
map#a5887bf16acb5b85,mp0061.mdl,mp0061.mdl,1,,,,0,,,,,,,,,,,,,,,,,,,,,,,,,,,,,,,,,,,,,,,,,,,,,,,,,,,,,,,,,,,-1,,,,,,,,,,,,,,,,,,,,,,,,,,0,0,0,0,0,,0,0,0,0,0,0,0,0,,0,,0,0,0,,0,,0,,,,,,0,,,,,0,,0,,0,,0,0,0,0,0,,,,0,0,0,0,,0,0,0,0,0,0,0,0,0,0,0,1,0,,,0,0,0,0,0,0,0,0,0,,,,,,0,,,,0,0,,,,0,0,0,,0,0,0,0,,0
map#a5b53f9e1e1ea3f1,ef_obj_a081.mdl,,0,,,,0,-1,-1,,,,,,,-1,,,,,,,,,,,,,,,,,,,,,,,,,,,,,,,,,,,-1,,,,,,,,,,,,,,,,,,,,,,,,,,,,,,,,,,,,,,,,,1,1,0,0,0,,0,0,0,0,0,0,1,0,,0,,0,0,0,,0,,0,,,,,,0,,,,,,,0,,0,,0,0,0,0,0,,,,1,0,0,0,,0,0,0,0,0,0,0,0,0,0,0,,,,,0,0,,,,0,0,0,0,0,,,,,0,,,,0,0,,,,,0,0,,0,0,,0,,0
map#a5d0c17212394fdb,mp2010_05.mdl,mp2010_05.mdl,1,,,,1,,,,,,,,,-1,-1,,,-1,,,,,,,,,,,,,,,,,,,,,-1,,,-1,,,,,,,,,,,,,,,,,,,,,,,,,,,,,,,-1,,,,,,,,-1,,,,-1,,,,,0,0,0,0,0,,0,0,0,0,0,0,1,1,,0,,1,0,0,,0,,0,,,,,,0,,,,,0,,1,,0,,1,0,0,0,0,,,,0,0,0,0,,0,0,0,0,0,0,0,0,0,0,0,0,0,,,0,0,0,0,0,0,1,0,0,,,,,,1,,,,1,0,,,,0,0,0,,0,0,0,0,,0
map#a5f8272f5c354add,ob0061hou00.mdl,ob0061hou00.mdl,0,,,,0,,,,,,,,,-1,,,-1,,,,,,,,,,,,,,,,,,,,,,,,,-1,,,,,,,,-1,,,,,,,,,,,,,,,,,,,,,,,-1,,,,,,,,,,,,-1,,,,,0,0,0,0,0,,0,0,0,0,0,0,1,0,,1,,0,0,0,,0,,0,,,,,,0,,,,,0,,0,,0,,1,0,0,0,0,,,,0,1,0,0,,0,0,0,0,0,0,0,0,0,0,0,0,0,,,0,0,0,0,0,0,1,0,0,,,,,,0,,,,1,0,,,,0,0,2,,0,0,0,0,,0
map#a5fcd9d29cae4914,ef_obj_a002.mdl,1008.mdl,1,,,,0,,,,,,,,,-1,,,,,,,,,,,,,,,,,,,,,,,,,,,,,,,,,,,,,,,,,,,,,,,,,,,,,,,,,,,,,,,,,,,,,,,,,,,,0,0,0,0,0,,0,0,0,0,0,0,1,0,,0,,0,0,0,,0,,0,,,,,,0,,,,,0,,0,,0,,0,0,0,0,0,,,,0,0,0,0,,0,0,0,0,0,0,0,0,0,0,0,0,0,,,0,0,0,0,0,0,0,0,0,,,,,,0,,,,0,0,,,,0,0,0,,0,0,0,0,,0
map#a67755d19c2bf986,,ob0010hou13.mdl,1,,,,0,,,,,,,,,-1,,,,,,,,,,,,,,,,,,,-1,,,,-1,,,,,-1,,,-1,,,,,,,,,,,,,,,,,,,,,,,,,,,,-1,,,,,,,,,,,,,,,,,0,0,0,0,0,,0,0,0,0,0,0,1,0,,0,,0,0,0,,0,,0,,,,,,1,,,,,1,,0,,0,,1,0,0,1,0,,,,0,0,0,0,,0,0,0,0,0,0,0,0,0,0,0,0,0,,,0,0,0,0,0,0,1,0,0,,,,,,0,,,,0,0,,,0,0,0,0,,0,0,0,0,0,0
map#a6883a79023649ab,,mp6100_01.mdl,1,,,,1,,,,,,,,,-1,-1,,,,,,,,,,,,,,,,,,,,,,,,,,,,,,-1,,,,,-1,,,,,,,,,,,,,,,,,,,,,,,-1,,,,,,,,-1,,,,-1,,,,,0,0,0,0,0,,0,0,0,0,0,0,1,1,,0,,0,0,0,,0,,0,,,,,,0,,,,,0,,0,,0,,0,0,0,1,0,,,,0,1,0,0,,0,0,0,0,0,0,0,0,0,0,0,0,0,,,0,0,0,0,0,0,1,0,0,,0,,,,1,,,,1,0,,,0,0,0,0,,0,0,0,0,0,0
map#a6a3c33df0ad2358,mp0041.mdl,mp0041.mdl,0,,,,1,,,,,,,,,-1,-1,,-1,,-1,,,,,,,,,,,,,,,,,,,,,,,-1,-1,,,,,,,-1,-1,,,,,,,,,,,,,,,,,,,,,,-1,,,,,,,,-1,,,,-1,,,,,0,0,0,0,0,,0,0,0,0,0,0,1,1,,1,,0,1,0,,0,,0,,,,,,0,,,,,0,,0,,0,,1,1,0,0,0,,,,0,1,1,0,,0,0,0,0,0,0,0,0,0,0,0,0,0,,,0,0,0,0,0,0,1,0,0,,,,,,1,,,,1,0,,,,0,0,2,,0,0,0,0,,0
map#a6b80bff856f2a62,,mp6013_01.mdl,1,,,,1,,,,,,,,,-1,,,,-1,,,,,,,,,,,,,,,,,,,,,,,,-1,,,-1,,,,,-1,,,,,,,,,,,,,,,,,,,,,,,-1,,,,,,,,-1,,,,,-1,,,,0,0,0,0,0,,0,0,0,0,0,0,1,0,,0,,1,0,0,,0,,0,,,,,,0,,,,,0,,0,,0,,1,0,0,1,0,,,,0,1,0,0,,0,0,0,0,0,0,0,0,0,0,0,0,0,,,0,0,0,0,0,0,1,0,0,,0,,,,1,,,,0,1,,,0,0,0,0,,0,0,0,0,0,0
map#a6beed2bb8683255,ob3010hou01.mdl,ob3010hou01.mdl,1,,,,0,,,,,,,,,-1,-1,,,,,,,,,,,,,,,,,,,,,,,,,,,-1,,,,,,,,-1,,,,,,,,,,,,,,,,,,,,,,,-1,,,,,,,,-1,,,,,,,,,0,0,0,0,0,,0,0,0,0,0,0,1,1,,0,,0,0,0,,0,,0,,,,,,0,,,,,0,,0,,0,,1,0,0,0,0,,,,0,1,0,0,,0,0,0,0,0,0,0,0,0,0,0,0,0,,,0,0,0,0,0,0,1,0,0,,,,,,1,,,,0,0,,,,0,2,0,,0,0,0,0,,0
map#a6c1bc40f325353d,,ob6100obj15.mdl,1,,,,1,,,,,,,,,-1,-1,,-1,,,,,,,,,,,,,,,,,,,,,,,,,-1,,-1,-1,,,,,,,-1,,,,,,,,,,,,,,,,,,,,,-1,,,,,,,,-1,,,,-1,,,,,0,0,0,0,0,,0,0,0,0,0,0,1,1,,1,,0,0,0,,0,,0,,,,,,0,,,,,0,,0,,0,,1,0,1,1,0,,,,0,0,0,1,,0,0,0,0,0,0,0,0,0,0,0,0,0,,,0,0,0,0,0,0,1,0,0,,,,,,1,,,,1,0,,,,0,0,0,,0,0,0,0,,0
map#a6e656bf9ed01e2e,,mp8020_01.mdl,1,,,,1,,,,,,,,,-1,,,,,,,,,,,,,,,,,,,,,,,,,,,,-1,,,-1,,,,,,,,,,,,,,,,,,,,,,,,,,,,,,,,,,,,-1,,,,,,,,,0,0,0,0,0,,0,0,0,0,0,0,1,0,,0,,0,0,0,,0,,0,,,,,,0,,,,,0,,0,,0,,1,0,0,1,0,,,,0,0,0,0,,0,0,0,0,0,0,0,0,0,0,0,0,0,,,0,0,0,0,0,0,0,0,0,,0,,,,1,,,,0,0,,,0,0,0,0,,0,0,0,0,0,0
map#a6ee7169b1755805,mp4020_l1.mdl,mp4020_l1.mdl,1,,1,,1,,,,,,,,,-1,-1,,,,,,,-1,,,,,,,,,,,,,,,,,,,,-1,,,,,,,,,,,,-1,,,,,-1,,-1,,,,,,,,,,,,-1,,,,,,,,-1,,,,-1,,,,,0,0,0,0,0,,0,0,0,0,0,0,1,1,,0,,0,0,0,,1,,0,,,,,,0,,,,,0,,0,,0,,1,0,0,0,0,,,,0,0,0,0,,1,0,0,0,0,1,0,1,0,0,0,0,0,,,0,0,0,0,0,0,1,0,0,,,,,,1,,,,1,0,,,,0,2,0,,0,0,0,0,,0
map#a727277b324288de,,ob5400obj05.mdl,1,,,,1,,,,,,,,,-1,-1,,,,-1,,,,,,,,,,,,,,,,,,,,,,,-1,-1,,-1,,,,,-1,-1,,,-1,,,,,,,,,,,,,,,,,,,-1,,,,,,,,-1,,,,-1,,,,,0,0,0,0,0,,0,0,0,0,0,0,1,1,,0,,0,1,0,,0,,0,,,,,,0,,,,,0,,0,,0,,1,1,0,1,0,,,,0,1,1,0,,1,0,0,0,0,0,0,0,0,0,0,0,0,,,0,0,0,0,0,0,1,0,0,,,,,,1,,,,1,0,,,,0,0,0,,0,0,0,0,,0
map#a72f5a4e67e402a3,ob0000sky08.mdl,,0,,,,0,,,,,,,,,-1,-1,,-1,,,-1,,-1,,,,-1,-1,,,,,,-1,,,,,,,,,,,,,,,,-1,,,,,,,,,,,,,,,,,,,,,,,,,,,,,,,,,,,,-1,-1,,,,0,0,0,0,0,,0,0,0,1,1,0,1,1,,1,,0,0,1,,1,,0,,,,,,1,,,,,0,,0,,0,,0,0,0,0,0,,,,1,0,0,0,,0,0,0,0,0,0,0,0,0,0,0,0,0,,,0,0,0,0,0,0,0,0,0,,,,,,0,,,,1,1,,,,0,1,0,,0,0,0,0,,0
map#a77190717c1a13a2,mp0050.mdl,a1210.mdl,0,,,,1,,,,,,,,,-1,-1,,,,-1,,,,,,,,,,,,,,,,,,,,,,,-1,,,,,,,,-1,,,,,,,,,,,,,,,,,,,,,,,-1,,,,,,,,-1,,,,-1,,,,,0,0,0,0,0,,0,0,0,0,0,0,1,1,,0,,0,1,0,,0,,0,,,,,,0,,,,,0,,0,,0,,1,0,0,0,0,,,,0,1,0,0,,0,0,0,0,0,0,0,0,0,0,0,0,0,,,0,0,0,0,0,0,1,0,0,,,,,,1,,,,1,0,,,,0,0,0,,0,0,0,0,,0
map#a7a89dc5c9da86fe,etc0200.mdl,etc0200.mdl,1,,,,0,,,,,,,,,-1,,,,,,,,,-1,,,,,,,,,,,,,,,,,,,,,,,,,,,,,,,,,,,,,,,,,,,,,,,,,,-1,,,,,,,,-1,,,,,,,,,0,0,0,0,0,,0,0,0,0,0,0,1,0,,0,,0,0,0,,0,,1,,,,,,0,,,,,0,,0,,0,,0,0,0,0,0,,,,0,0,0,0,,0,0,0,0,0,0,0,0,0,0,0,0,0,,,0,0,0,0,0,0,1,0,0,,,,,,1,,,,0,0,,,,0,0,0,,0,0,0,0,,0
map#a7f8f9d447d780a3,,ob6013obj00.mdl,1,,,,0,,,,,,,,,-1,,,,-1,,,,,-1,,,,,,,,,,,,,,,,,,,-1,,,-1,,,,,,,,,,,,,,,,,,,,,,,,,,,,-1,,,,,,,,,,,,,,,,,0,0,0,0,0,,0,0,0,0,0,0,1,0,,0,,1,0,0,,0,,1,,,,,,0,,,,,0,,0,,0,,1,0,0,1,0,,,,0,0,0,0,,0,0,0,0,0,0,0,0,0,0,0,0,0,,,0,0,0,0,0,0,1,0,0,,0,,,,0,,,,0,0,,,0,0,0,0,,0,0,0,0,0,0
map#a820a0b4d4f03206,mp1081_01.mdl,mp3041_05.mdl,1,,,,1,,,,,,,,,-1,,,-1,,,,,,,,,,,,,,,,,,,,,,,,,-1,,,,,,,,-1,,,,,,,,,,,,,,,,,,,,,,,-1,,,,,,,,-1,,,,-1,,,,,0,0,0,0,0,,0,0,0,0,0,0,1,0,,1,,0,0,0,,0,,0,,,,,,0,,,,,0,,0,,0,,1,0,0,0,0,,,,0,1,0,0,,0,0,0,0,0,0,0,0,0,0,0,0,0,,,0,0,0,0,0,0,1,0,0,,,,,,1,,,,1,0,,,,0,2,2,,0,0,0,0,,0
map#a8495463a28b4751,a0401.mdl,a0401.mdl,0,,,,0,,,,,,,,,-1,,,,-1,,,,,,,,,,,,,,,,,,,,,,,,,,,,,,,,,,,,,,,,,,,,,,,,,,,,,,,-1,,,,,,,,-1,,,,,,,,,0,0,0,0,0,,0,0,0,0,0,0,1,0,,0,,1,0,0,,0,,0,,,,,,0,,,,,,,0,,0,,0,0,0,0,0,,,,0,0,0,0,,0,0,0,0,0,0,0,0,0,0,0,,,,,0,0,,,,0,1,0,0,0,,,,,1,,,,0,0,,,,,0,0,,0,0,,0,,0
map#a85ff9cd7ce2eb05,,a1205_02.mdl,0,,,,0,,,,,,,,,,,,,-1,-1,,,,,,,,,,,,,,,,,,,,,,,,,,,,,,,,,,,,,,,,,,,,,,,,,,,,,-1,,,,,,,,,,,,,,,,,,0,0,0,0,0,,0,0,0,0,0,0,0,0,,0,,1,1,0,,0,,0,,,,,,0,,,,,0,,0,,0,,0,0,0,0,0,,,,0,0,0,0,,0,0,0,0,0,0,0,0,0,0,0,0,0,,,0,0,0,0,0,1,0,0,0,,,,,,0,,,,0,0,,,,0,0,0,,0,0,0,0,,0
map#a8767328be4fd0e6,,mp5200.mdl,1,,,,1,,,,,,,,,-1,,,,,,,,,,,,,,,,,,,,,,,,,,,,-1,,,,,,,,-1,,,,,,,,,,-1,-1,,,,,,,,,,,,-1,,,,,,,,-1,,,,,,,,,0,0,0,0,0,,0,0,0,0,0,0,1,0,,0,,0,0,0,,0,,0,,,,,,0,,,,,0,,0,,0,,1,0,0,0,0,,,,0,1,0,0,,0,0,0,0,0,0,1,1,0,0,0,0,0,,,0,0,0,0,0,0,1,0,0,,0,,,,1,,,,0,0,,,0,0,2,0,,0,0,0,0,0,0
map#a8866b88996145d2,ob_e05_004.mdl,ob_e05_004.mdl,1,,,,1,,,,,,,,,-1,-1,,,-1,,,,,,,,,,,,,,,,,,,,,,,,-1,-1,,-1,,,,,-1,-1,,,,,,,,,,,,,,,,,,,,,,-1,,,,,,,,-1,,,,-1,-1,,,,0,0,0,0,0,,0,0,0,0,0,0,1,1,,0,,1,0,0,,0,,0,,,,,,0,,,,,0,,0,,0,,1,1,0,1,0,,,,0,1,1,0,,0,0,0,0,0,0,0,0,0,0,0,0,0,,,0,0,0,0,0,0,1,0,0,,,,,,1,,,,1,1,,,,0,0,0,,0,0,0,0,,0
map#a8b9eb0baf9ad2dc,mp4061_01.mdl,mp4061_01.mdl,1,,,,1,,,,,,,,,-1,,,,,,,,,-1,,,,,,,,,,,,,,,,,,,-1,,,,,,,,-1,,,,,,,,,,,,,,,,,,,,,,,-1,,,,,,,,-1,,,,,,,,,0,0,0,0,0,,0,0,0,0,0,0,1,0,,0,,0,0,0,,0,,1,,,,,,0,,,,,0,,0,,0,,1,0,0,0,0,,,,0,1,0,0,,0,0,0,0,0,0,0,0,0,0,0,0,0,,,0,0,0,0,0,0,1,0,0,,,,,,1,,,,0,0,,,,0,0,0,,0,0,0,0,,0
map#a919606ebf226c14,,ob_e17_003.mdl,1,,,,0,-1,,,,,,,,-1,,,,,,,,,,,,,,,,,,,-1,,,,,,,,,,,,,,,,-1,,,,,,,,,,,,,,,,,,,,,,,,,,,,,,,,,,,,,-1,,,,1,0,0,0,0,,0,0,0,0,0,0,1,0,,0,,0,0,0,,0,,0,,,,,,1,,,,,0,,0,,0,,0,0,0,0,0,,,,1,0,0,0,,0,0,0,0,0,0,0,0,0,0,0,0,0,,,0,0,0,0,0,0,0,0,0,,0,,,,0,,,,0,1,,,0,0,1,0,,0,0,0,0,0,0
map#a95d0a7e5766c342,,mp6013.mdl,0,,1,1,1,,,,,,,,,-1,-1,,-1,,-1,,,,,,,,,,,,,,,,,,,,-1,,,-1,-1,-1,,,,,,-1,-1,-1,,,-1,,,,-1,,,-1,,,,,,,,,,,-1,,,,,,,,-1,,,,-1,,,,,0,0,0,0,0,,0,0,0,0,0,0,1,1,,1,,0,1,0,,0,,0,,,,,,0,,,,,0,,1,,0,,1,1,1,0,0,,,,0,1,1,1,,0,1,0,0,0,1,0,0,1,0,0,0,0,,,0,0,0,0,0,0,1,0,0,,0,,,,1,,,,1,0,,,0,0,0,0,,0,0,0,0,0,0
map#a96f1317b8230639,mp1031.mdl,mp1031.mdl,1,,,,1,,,,,,,,,-1,-1,,,-1,-1,,,,,,,,,,,,,,,,,,,,,,,-1,,,,,,,,-1,,,,,,,,,,,,,,,,,,,,,,,-1,,,,,,,,-1,,,,-1,,,,,0,0,0,0,0,,0,0,0,0,0,0,1,1,,0,,1,1,0,,0,,0,,,,,,0,,,,,0,,0,,0,,1,0,0,0,0,,,,0,1,0,0,,0,0,0,0,0,0,0,0,0,0,0,0,,,,0,0,,,,0,1,0,0,,,,,,1,,,,1,0,,,,0,0,0,,0,0,0,0,,0
map#a9abf9e44b0490f4,,ob5310obj06.mdl,1,,,,1,,,,,,,,,-1,,,,,,,,,,,,,,,,,,,,,,,,,-1,,,-1,,,,,,,-1,-1,,,,-1,,,,,,,,,,,,,,,,,,,-1,,,,,,,,-1,,,,,,,,,0,0,0,0,0,,0,0,0,0,0,0,1,0,,0,,0,0,0,,0,,0,,,,,,0,,,,,0,,1,,0,,1,0,0,0,0,,,,1,1,0,0,,1,0,0,0,0,0,0,0,0,0,0,0,0,,,0,0,0,0,0,0,1,0,0,,,,,,1,,,,0,0,,,,0,2,0,,0,0,0,0,,0
map#aaf4dfbd242251eb,,a1207.mdl,0,,,1,1,,,,,,,,,-1,,,-1,,,-1,,,,,,,,,,,,,,,,,,,-1,,,-1,,-1,,,,,,-1,,-1,,,,,,,,,,-1,,,,,,,,,,,-1,,,,,,,,-1,,,,-1,,,,,0,0,0,0,0,,0,0,0,0,0,0,1,0,,1,,0,0,1,,0,,0,,,,,,0,,,,,0,,1,,0,,1,0,1,0,0,,,,0,1,0,1,,0,0,0,0,0,0,0,0,1,0,0,0,0,,,0,0,0,0,0,0,1,0,0,,,,,,1,,,,1,0,,,,0,0,0,,0,0,0,0,,0
map#ab01c8e2cdcb38f5,etc0201.mdl,etc0201.mdl,1,,,,1,,,,,,,,,-1,,,,,,,,,-1,,,,,,,,,,,,,,,,,,,,,,,,,,,,,,,,,,,,,,,,,,,,,,,,,,-1,,,,,,,,-1,,,,,,,,,0,0,0,0,0,,0,0,0,0,0,0,1,0,,0,,0,0,0,,0,,1,,,,,,0,,,,,0,,0,,0,,0,0,0,0,0,,,,0,0,0,0,,0,0,0,0,0,0,0,0,0,0,0,0,0,,,0,0,0,0,0,0,1,0,0,,,,,,1,,,,0,0,,,,0,0,0,,0,0,0,0,,0
map#aba1ae8c73de49f4,,ob2010kag15.mdl,1,,,,1,-1,,,,,,,,-1,,,,-1,,,,,,,,,,,,,,,,,,,,,,,,-1,,,,,,,,-1,,,,,,,,,,,,,,,,,,,,,,,-1,,,,,,,,-1,,,,,,,,,1,0,0,0,0,,0,0,0,0,0,0,1,0,,0,,1,0,0,,0,,0,,,,,,0,,,,,0,,0,,0,,1,0,0,0,0,,,,0,1,0,0,,0,0,0,0,0,0,0,0,0,0,0,0,0,,,0,0,0,0,0,0,1,0,0,,0,,,,1,,,,0,0,,,0,0,0,0,,0,0,0,0,0,0
map#ac107c29250031ae,ob4010hou53.mdl,ob4010hou53.mdl,1,,,,1,,,,,,,,,-1,,,,,-1,,,,,,,,,,,,,,,,,,,,,,,-1,,,-1,,,,,-1,,,,,,,,,,,,,,,,,,,,,,,-1,,,,,,,,-1,,,,-1,,,,,0,0,0,0,0,,0,0,0,0,0,0,1,0,,0,,0,1,0,,0,,0,,,,,,0,,,,,0,,0,,0,,1,0,0,1,0,,,,0,1,0,0,,0,0,0,0,0,0,0,0,0,0,0,0,0,,,0,0,0,0,0,0,1,0,0,,,,,,1,,,,1,0,,,,0,0,0,,0,0,0,0,,0
map#ac8b19b60b1220fb,ef_shp_a142.mdl,ef_shp_a142.mdl,1,,,,0,,,,,,,,,-1,,,,,,,,,-1,,,,,,,,,,,,,,,,,,,,,,,,,,,,,,,,,,,,,,,,,,,,,,,,,,,,,,,,,,,,,,,,,,,0,0,0,0,0,,0,0,0,0,0,0,1,0,,0,,0,0,0,,0,,1,,,,,,0,,,,,,,0,,0,,0,0,0,0,0,,,,0,0,0,0,,0,0,0,0,0,0,0,0,0,0,0,,,,,0,0,,,,0,0,0,0,0,,,,,0,,,,0,0,,,,,0,0,,0,0,,0,,0
map#ac9eb366e3216b31,,mp5300.mdl,1,,,,1,,,,,,,,,-1,-1,,,,,,,,,,,,,,,,,,,,,,,,,,,-1,-1,,-1,,,,,-1,-1,,,-1,,,,,,,,,,,,,,,,,,,-1,,,,,,,,-1,,,,-1,,,,,0,0,0,0,0,,0,0,0,0,0,0,1,1,,0,,0,0,0,,0,,0,,,,,,0,,,,,0,,0,,0,,1,1,0,1,0,,,,0,1,1,0,,1,0,0,0,0,0,0,0,0,0,0,0,0,,,0,0,0,0,0,0,1,0,0,,0,,,,1,,,,1,0,,,0,0,0,0,,0,0,0,0,0,0
map#acfc11791fc09f24,ob0000plt11.mdl,ob0000plt11.mdl,0,,,,0,-1,,,,,,,,-1,,,,-1,,,,,,,,,,,,,,,,,,,,,,,,,,,,,,,,,,,,,,,,,,,,,,,,,,,,,,-1,,-1,,,,,,,,,,,,,,,,1,0,0,0,0,,0,0,0,0,0,0,1,0,,0,,1,0,0,,0,,0,,,,,,0,,,,,0,,0,,0,,0,0,0,0,0,,,,0,0,0,0,,0,0,0,0,0,0,0,0,0,0,0,0,0,,,0,0,0,0,0,1,0,1,0,,,,,,0,,,,0,0,,,,0,0,0,,0,0,0,0,,0
map#ad243493283b4b44,,ob8500obj53.mdl,0,,,,0,,,,,,,,,-1,-1,,,,,-1,,,-1,,,,,,,,,,,,,,,,,,,,,,,,,,-1,,,,,,,,,,,,,,,,,,,,,,,,,,,,,,,,,,,,-1,,,,,0,0,0,0,0,,0,0,0,0,0,0,1,1,,0,,0,0,1,,0,,1,,,,,,0,,,,,0,,0,,0,,0,0,0,0,0,,,,1,0,0,0,,0,0,0,0,0,0,0,0,0,0,0,0,0,,,0,0,0,0,0,0,0,0,0,,0,,,,0,,,,1,0,,,0,0,1,1,,0,0,0,0,0,0
map#ad2f3632decc3029,,ob2010hou15.mdl,1,,,,1,,,,,,,-1,,-1,,,,-1,,,,,,,,,,,,,,,-1,,,,,,,,,-1,,,,,,,-1,,,,,,,,,,,,,,,,,,,,,,,,-1,,,,,,,,-1,,,,,,,,,0,0,0,0,0,,1,0,0,0,0,0,1,0,,0,,1,0,0,,0,,0,,,,,,1,,,,,0,,0,,0,,1,0,0,0,0,,,,1,0,0,0,,0,0,0,0,0,0,0,0,0,0,0,0,0,,,0,0,0,0,0,0,1,0,0,,0,,,,1,,,,0,0,,,0,0,0,0,,0,0,0,0,0,0
map#ad417723006781c8,mp0020.mdl,ef_obj_a002.mdl,1,,,,0,,,,,,,,,-1,,,,,,,,,,,,,,,,,,,,,,,,,,,,,,,,,,,-1,,,,,,,,,,,,,,,,,,,,,,,,,,,,,,,,,,,,,,,,,0,0,0,0,0,,0,0,0,0,0,0,1,0,,0,,0,0,0,,0,,0,,,,,,0,,,,,0,,0,,0,,0,0,0,0,0,,,,1,0,0,0,,0,0,0,0,0,0,0,0,0,0,0,0,0,,,0,0,0,0,0,0,0,0,0,,,,,,0,,,,0,0,,,,0,0,0,,0,0,0,0,,0
map#ad92d64e46d85e6d,ob3061lig03.mdl,ob3061lig03.mdl,1,,,,1,,,,,,,,,-1,,,,-1,,,,,,,,,,,,,,,-1,,,,,,,,,,,,,,,,,,,,,,,,,,,,,,,,,,,,,,,,,,,,,,,,,,,,,-1,,,,0,0,0,0,0,,0,0,0,0,0,0,1,0,,0,,1,0,0,,0,,0,,,,,,1,,,,,0,,0,,0,,0,0,0,0,0,,,,0,0,0,0,,0,0,0,0,0,0,0,0,0,0,0,0,0,,,0,0,0,0,0,0,0,0,0,,,,,,0,,,,0,1,,,,0,0,0,,0,0,0,0,,0
map#ad98db44bba6643f,ef_obj_a023.mdl,,0,,,,1,,,,,,,,,-1,-1,,,,,,,-1,,,,,,,,,,,,,,,,,,,,,,,,,,,,-1,-1,,,,,,,,,,,,,,,,,,,,,,,,,,,,,,-1,,,,-1,,,,,0,0,0,0,0,,0,0,0,0,0,0,1,1,,0,,0,0,0,,1,,0,,,,,,0,,,,,,,0,,0,,0,0,0,0,0,,,,0,1,1,0,,0,0,0,0,0,0,0,0,0,0,0,,,,,0,0,,,,0,0,0,0,0,,,,,1,,,,1,0,,,,,0,0,,0,0,,0,,0
map#addd0d21cc27b898,ob_e00_015.mdl,ob_e00_015.mdl,1,,,,1,,,,,,,,,-1,,,,,,,,,,,,,,,,,,,-1,,,,,,,,,,,,,,,,,-1,,,,,,,,,,,,,,,,,,,,,,,-1,,,,,,,,,,,,,-1,,,,0,0,0,0,0,,0,0,0,0,0,0,1,0,,0,,0,0,0,,0,,0,,,,,,1,,,,,0,,0,,0,,0,0,0,0,0,,,,0,1,0,0,,0,0,0,0,0,0,0,0,0,0,0,0,0,,,0,0,0,0,0,0,1,0,0,,,,,,0,,,,0,1,,,,0,0,0,,0,0,0,0,,0
map#ae05b5134443231e,,mp0052_02.mdl,0,,,1,1,,,,,,,,,-1,-1,,-1,,,-1,,,,,,,,,,,,,,,,,,,-1,,,-1,-1,-1,,,,,,-1,-1,-1,,,,,,,,,,-1,,,,,,,,,,,-1,,,,,,,,-1,,,,-1,,,,,0,0,0,0,0,,0,0,0,0,0,0,1,1,,1,,0,0,1,,0,,0,,,,,,0,,,,,0,,1,,0,,1,1,1,0,0,,,,0,1,1,1,,0,0,0,0,0,0,0,0,1,0,0,0,0,,,0,0,0,0,0,0,1,0,0,,0,,,,1,,,,1,0,,,0,0,0,0,,0,0,0,0,0,0
map#ae1dda2e449c3ad6,,ob5110hou02.mdl,1,,,,1,,,,,,,,,-1,,,,-1,,,,,,,,,,,,,,,-1,,,,,,,,,-1,,,-1,,,,,-1,,,,,,,,,,,,,,,-1,,,,,,,,-1,,,,,,,,-1,,,,,,,,,0,0,0,0,0,,0,0,0,0,0,0,1,0,,0,,1,0,0,,0,,0,,,,,,1,,,,,0,,0,,0,,1,0,0,1,0,,,,0,1,0,0,,0,0,0,0,0,0,0,0,0,0,0,0,1,,,0,0,0,0,0,0,1,0,0,,0,,,,1,,,,0,0,,,0,0,0,0,,0,0,0,0,0,0
map#ae1fc7108829e79b,mp2071_01.mdl,mp2071_01.mdl,1,,,,1,,,,,,,,,-1,,,,,,,,-1,,,,,,,,,,,,,,,,,,,,-1,,,,,,,,-1,,,,-1,,,,,,,,,,,,,,,,,,,-1,,,,,,,,-1,,,,,,,,,0,0,0,0,0,,0,0,0,0,0,0,1,0,,0,,0,0,0,,1,,0,,,,,,0,,,,,0,,0,,0,,1,0,0,0,0,,,,0,1,0,0,,1,0,0,0,0,0,0,0,0,0,0,0,0,,,0,0,0,0,0,0,1,0,0,,,,,,1,,,,0,0,,,,0,0,0,,0,0,0,0,,0
map#ae21075fb53500e3,ob_e02_002.mdl,ob_e02_002.mdl,1,,,,1,,,,,,,,,-1,,,,,,,,,,,,,,,,,,,,,,,,,,,,-1,,,-1,,,,,-1,,,,,,,,,,,,,,,,,,,,,,,-1,,,,,,,,-1,,,,,-1,,,,0,0,0,0,0,,0,0,0,0,0,0,1,0,,0,,0,0,0,,0,,0,,,,,,0,,,,,0,,0,,0,,1,0,0,1,0,,,,0,1,0,0,,0,0,0,0,0,0,0,0,0,0,0,0,0,,,0,0,0,0,0,0,1,0,0,,,,,,1,,,,0,1,,,,0,0,2,,0,0,0,0,,0
map#ae298302eb090dae,,ob2000obj00.mdl,1,,,,0,,,,,,,,,-1,,,,,,,,,,,,,,,,,,,,,,,,,,,,,,,,,,,,,,,,,,,,,,,,,,,-1,,,,,,,,,,,,,,,,,,,,,-1,,,,0,0,0,0,0,,0,0,0,0,0,0,1,0,,0,,0,0,0,,0,,0,,,,,,0,,,,,0,,0,,0,,0,0,0,0,0,,,,0,0,0,0,,0,0,0,0,0,0,0,0,0,0,0,0,1,,,0,0,0,0,0,0,0,0,0,,0,,,,0,,,,0,1,,,0,0,0,0,,0,0,0,0,0,0
map#ae39d5d3c494e31e,,mp6500.mdl,1,1,,,0,,,,,,,,,-1,-1,,,-1,,,,,,,,,,,,,,,-1,,,,,,,,,-1,,,,,,,,,,,,,,,-1,,,,,,,,,,,,,,,,,,,,,,,,,,,,,-1,,,,0,0,0,0,0,,0,0,0,0,0,0,1,1,,0,,1,0,0,,0,,0,,,,,,1,,,,,0,,0,,0,,1,0,0,0,0,,,,0,0,0,0,,0,0,0,1,0,0,0,0,0,0,0,0,0,,,0,0,0,0,0,0,0,0,0,,0,,,,0,,,,0,1,,,0,0,4,0,,0,0,0,0,0,0
map#af7ef26d8a66ec59,,ob0010hou07.mdl,0,1,,,1,,,,,,,,,-1,-1,,,,,,,-1,,,,,,,,,,,,,,,,,,,,-1,,,,,,,,-1,,,,,,,-1,,,,,,,,,,,,,,,,-1,,,,,,,,-1,,,,-1,,,,,0,0,0,0,0,,0,0,0,0,0,0,1,1,,0,,0,0,0,,1,,0,,,,,,0,,,,,0,,0,,0,,1,0,0,0,0,,,,0,1,0,0,,0,0,0,1,0,0,0,0,0,0,0,0,0,,,0,0,0,0,0,0,1,0,0,,,,,,1,,,,1,0,,,0,0,2,0,,0,0,0,0,0,0
map#afb4832f37d16432,mp4020_l1.mdl,mp4020_l1.mdl,1,,,,1,,,,,,,,,-1,,,,,,,,-1,,,,,,,,,,,,,,,,,,,,-1,,,,,,,,-1,,,,,,,,,,,,,,,,,,,,,,,-1,,,,,,,,-1,,,,,,,,,0,0,0,0,0,,0,0,0,0,0,0,1,0,,0,,0,0,0,,1,,0,,,,,,0,,,,,0,,0,,0,,1,0,0,0,0,,,,0,1,0,0,,0,0,0,0,0,0,0,0,0,0,0,0,0,,,0,0,0,0,0,0,1,0,0,,,,,,1,,,,0,0,,,,0,2,0,,0,0,0,0,,0
map#afb8c75a5aebd058,ob2071hou03.mdl,ob2071hou03.mdl,1,,,,1,,,,,,,,,-1,-1,,,,,,,-1,-1,,,,,,,,,,,,,,,,,,,-1,,,,,,,,-1,,,,,,,,,,,,,,,,,,,,,,,-1,,,,,,,,-1,,,,,,,,,0,0,0,0,0,,0,0,0,0,0,0,1,1,,0,,0,0,0,,1,,1,,,,,,0,,,,,0,,0,,0,,1,0,0,0,0,,,,0,1,0,0,,0,0,0,0,0,0,0,0,0,0,0,0,0,,,0,0,0,0,0,0,1,0,0,,,,,,1,,,,0,0,,,,0,2,0,,0,0,0,0,,0
map#b034ec2845ab5035,ob0000plt07.mdl,ob0000plt07.mdl,1,,,,0,-1,,,,,,,,-1,,,,,,,,,-1,,,,,,,,,,,,,,,,,,,,,,,,,,,,,,,,,,,,,,,,,,,,,,,,,,-1,-1,-1,,,,,,,,,,-1,,,,,1,0,0,0,0,,0,0,0,0,0,0,1,0,,0,,0,0,0,,0,,1,,,,,,0,,,,,0,,0,,0,,0,0,0,0,0,,,,0,0,0,0,,0,0,0,0,0,0,0,0,0,0,0,0,,,,0,0,,,,0,1,1,1,,,,,,0,,,,1,0,,,,0,0,0,,0,0,0,0,,0
map#b0885cc384ae7624,,mp2052_01.mdl,1,,,,0,,,,,,,,,-1,,,,,-1,,,,,,,,,,,,,,-1,,,,,,,,,,,,,,,,,,,,,,,,,,,,,,,,,,,,,,,,,,,,,,,,,,,,,,,,,0,0,0,0,0,,0,0,0,0,0,0,1,0,,0,,0,1,0,,0,,0,,,,,,1,,,,,0,,0,,0,,0,0,0,0,0,,,,0,0,0,0,,0,0,0,0,0,0,0,0,0,0,0,0,0,,,0,0,0,0,0,0,0,0,0,,0,,,,0,,,,0,0,,,0,0,0,0,,0,0,0,0,0,0
map#b09a389156934172,,ob0010hou07.mdl,0,,,,1,-1,,,,,,,,-1,-1,,,,,,,-1,-1,,,,,,,,,,,,,,,,,,,-1,,,-1,,,,,-1,,,,,,,,,,,,,,,,,,,,,,,-1,,,,,,,,-1,,,,,,,,,1,0,0,0,0,,0,0,0,0,0,0,1,1,,0,,0,0,0,,1,,1,,,,,,0,,,,,0,,0,,0,,1,0,0,1,0,,,,0,1,0,0,,0,0,0,0,0,0,0,0,0,0,0,0,0,,,0,0,0,0,0,0,1,0,0,,,,,,1,,,,0,0,,,0,0,3,0,,0,0,0,0,0,0
map#b0b463418d2095c3,,ef_obj_a408.mdl,1,,,,0,,,,,,,,,-1,,,,,,,,,-1,,,,,,,,,,,,,,,,,,,,,,,,,,,,,,,,,,,,,,,,,,,,,,,,,,-1,-1,,,,,,,,,,,,,,,,0,0,0,0,0,,0,0,0,0,0,0,1,0,,0,,0,0,0,,0,,1,,,,,,0,,,,,0,,0,,0,,0,0,0,0,0,,,,0,0,0,0,,0,0,0,0,0,0,0,0,0,0,0,0,0,,,0,0,0,0,0,0,1,1,0,,0,,,,0,,,,0,0,,,0,0,0,0,,0,0,0,0,0,1
map#b0b86a047cf97d73,ob0010plt02.mdl,ob0010plt02.mdl,0,,,,0,-1,,,,,,,,-1,,,,,,,,,-1,,,,,,,,,,,,,,,,,,,,,,,,,,,-1,,,,,,,,,,,,,,,,,,-1,,,,,-1,-1,,,,,,,,,,,,,,,,1,0,0,0,0,,0,0,0,0,0,0,1,0,,0,,0,0,0,,0,,1,,,,,,0,,,,,0,,0,,0,,0,0,0,0,0,,,,0,1,0,0,,0,0,0,0,0,0,0,0,0,0,0,0,,,,1,0,,,,0,1,1,0,,,,,,0,,,,0,0,,,,0,0,0,,0,0,0,0,,0
map#b0c48d2a8e4fe0cf,mp2010_06.mdl,mp2010_06.mdl,0,,,,0,,,,,,,,,,,,,-1,,,,,,,,,,,,,,,,,,,,,,,,,,,,,,,,,,,,,,,,,,,,,,,,,,,,,,-1,,,,,,,,,,,,,,,,,,0,0,0,0,0,,0,0,0,0,0,0,0,0,,0,,1,0,0,,0,,0,,,,,,0,,,,,0,,0,,0,,0,0,0,0,0,,,,0,0,0,0,,0,0,0,0,0,0,0,0,0,0,0,0,0,,,0,0,0,0,0,1,0,0,0,,,,,,0,,,,0,0,,,,0,0,0,,0,0,0,0,,0
map#b0eca0fee0f4d784,,ob0054obj62.mdl,1,,,,0,,,,,,,,,-1,,,,,,,,,-1,,,,,,,,,,-1,,,,,,,,,,,,,,,,-1,,,,,,,,,,,,,,,,,,,,,,,,,,,,,,,,-1,,,,,-1,,,,0,0,0,0,0,,0,0,0,0,0,0,1,0,,0,,0,0,0,,0,,1,,,,,,1,,,,,0,,0,,0,,0,0,0,0,0,,,,1,0,0,0,,0,0,0,0,0,0,0,0,0,0,0,0,0,,,0,0,0,0,0,0,0,0,0,,0,,,,1,,,,0,1,,,0,0,0,0,,0,0,0,0,0,0
map#b125a96d18a713d2,,ob5001obj00.mdl,0,,,,0,,,,,,,,-1,-1,,,,-1,,,,,,,,,,,,,,,,,,,,,,,,,,,,,,,,,,,,,,,,,,,,,,,-1,,,,,,,,,,,,,,,,,,,,,,,,,0,0,0,0,0,,0,0,0,0,0,1,1,0,,0,,1,0,0,,0,,0,,,,,,0,,,,,0,,0,,0,,0,0,0,0,0,,,,0,0,0,0,,0,0,0,0,0,0,0,0,0,0,0,0,1,,,0,0,0,0,0,0,0,0,0,,,,,,0,,,,0,0,,,0,0,0,0,,0,0,0,0,,0
map#b1d5e4e54457ae40,,ob_s05_001.mdl,0,,,,0,,,,,,,,-1,-1,,,,,,,,,,,,,,,,,,,,,,,,,,,,,,,,,,,,,,,,,,,,,,,,,,,-1,,,,,,,,,,,,,,,,,,,,,,,,,0,0,0,0,0,,0,0,0,0,0,1,1,0,,0,,0,0,0,,0,,0,,,,,,0,,,,,0,,0,,0,,0,0,0,0,0,,,,0,0,0,0,,0,0,0,0,0,0,0,0,0,0,0,0,1,,,0,0,0,0,0,0,0,0,0,,,,,,0,,,,0,0,,,0,0,0,0,,0,0,0,0,,0
map#b1f5c2f6460f94fc,mp0063_01.mdl,mp0063_01.mdl,1,,,,1,,,,,,,,,-1,-1,,,,,,,,,,,,,,,,,,,,,,,,,,,-1,,,,,,,,-1,-1,,,,,,,,,,,,,,,,,,,,,,-1,,,,,,,,-1,,,,-1,,,,,0,0,0,0,0,,0,0,0,0,0,0,1,1,,0,,0,0,0,,0,,0,,,,,,0,,,,,0,,0,,0,,1,0,0,0,0,,,,0,1,1,0,,0,0,0,0,0,0,0,0,0,0,0,0,0,,,0,0,0,0,0,0,1,0,0,,,,,,1,,,,1,0,,,,0,0,0,,0,0,0,0,,0
map#b2153fd26695bf5b,mp8300.mdl,equ9013.mdl,1,,,,0,,,,,,,,-1,-1,,,,,,,,,,,,,,,,,,,,,,,,,,,,,,,,,,,,,,,,,,,,,,,,,,,,,,,,,,,-1,,,,,,,,,,,,,,,,,0,0,0,0,0,,0,0,0,0,0,1,1,0,,0,,0,0,0,,0,,0,,,,,,0,,,,,0,,0,,0,,0,0,0,0,0,,,,0,0,0,0,,0,0,0,0,0,0,0,0,0,0,0,0,0,,,0,0,0,0,0,0,1,0,0,,,,,,0,,,,0,0,,,,0,0,0,,0,0,0,0,,0
map#b22382453674bbe6,,ob6010obj01.mdl,1,1,,,1,,,,,,,,-1,-1,,,,-1,-1,-1,,,,,,,,,,,,,,,,,,,,,,-1,,,,,,,,-1,,-1,,,,,-1,-1,,-1,,,,,,,,,,,,,-1,,,,,,,,,,,,,,,,,0,0,0,0,0,,0,0,0,0,0,1,1,0,,0,,1,1,1,,0,,0,,,,,,0,,,,,0,,0,,0,,1,0,0,0,0,,,,0,1,0,1,,0,0,0,1,1,0,1,0,0,0,0,0,0,,,0,0,0,0,0,0,1,0,0,,,,,,0,,,,0,0,,,0,0,1,0,,0,0,0,0,,0
map#b23532428ce41381,ob2071lig00.mdl,ob2071lig00.mdl,1,,,,1,,,,,,,,,-1,,,,-1,,,,,,,,,,,,,,,-1,,,,,,,,,,,,,,,,-1,,,,,,,,,,,,,,,,,,,,,,,,-1,,,,,,,,,,,,,,,,,0,0,0,0,0,,0,0,0,0,0,0,1,0,,0,,1,0,0,,0,,0,,,,,,1,,,,,0,,0,,0,,0,0,0,0,0,,,,1,0,0,0,,0,0,0,0,0,0,0,0,0,0,0,0,0,,,0,0,0,0,0,0,1,0,0,,,,,,0,,,,0,0,,,,0,0,0,,0,0,0,0,,0
map#b2419fa2d48c32c3,mp0051.mdl,mp0051.mdl,1,,,,1,,,,,,,,,-1,-1,,,,,,,,,,,,,,,,,,,,,,,,-1,,,-1,-1,,,,,,,-1,-1,,,,,,,,,,,,,,,,,,,,,,-1,,,,,,,,-1,,,,-1,,,,,0,0,0,0,0,,0,0,0,0,0,0,1,1,,0,,0,0,0,,0,,0,,,,,,0,,,,,0,,1,,0,,1,1,0,0,0,,,,0,1,1,0,,0,0,0,0,0,0,0,0,0,0,0,0,0,,,0,0,0,0,0,0,1,0,0,,,,,,1,,,,1,0,,,,0,0,0,,0,0,0,0,,0
map#b275ce18fca21641,,mp5300.mdl,1,,,,1,,,,,,,,,-1,,,,,,,,,,,,,,,,,,,,,,,,,-1,,,-1,,,,,,,,-1,,,,-1,,,,,,,,,,,,,,,,,,,-1,,,,,,,,-1,,,,,,,,,0,0,0,0,0,,0,0,0,0,0,0,1,0,,0,,0,0,0,,0,,0,,,,,,0,,,,,0,,1,,0,,1,0,0,0,0,,,,0,1,0,0,,1,0,0,0,0,0,0,0,0,0,0,0,0,,,0,0,0,0,0,0,1,0,0,,0,,,,1,,,,0,0,,,0,0,2,0,,0,0,0,0,0,0
map#b29f10434d94f515,mp2081_01.mdl,mp2081_01.mdl,1,,,,1,,,,,,,,,-1,-1,,-1,-1,-1,-1,,,,,,,,,,,,,,,,,,,,,,-1,,-1,,,,,,-1,,-1,,,,,,,,,,,,,,,,,,,,,-1,,,,,,,,-1,,,,-1,,,,,0,0,0,0,0,,0,0,0,0,0,0,1,1,,1,,1,1,1,,0,,0,,,,,,0,,,,,0,,0,,0,,1,0,1,0,0,,,,0,1,0,1,,0,0,0,0,0,0,0,0,0,0,0,0,0,,,0,0,0,0,0,0,1,0,0,,,,,,1,,,,1,0,,,,0,0,0,,0,0,0,0,,0
map#b2c615ac8697159b,ob2052lig00.mdl,ob2052lig00.mdl,1,,,,0,,,,,,,,,-1,,,,,,,,,,,,,,,,,,,-1,,,,,,,,,,,,,,,,,,,,,,,,,,,,,,,,,,,-1,,,,,,,,,,,,,,,,,,-1,,,,0,0,0,0,0,,0,0,0,0,0,0,1,0,,0,,0,0,0,,0,,0,,,,,,1,,,,,0,,0,,0,,0,0,0,0,0,,,,0,0,0,0,,0,0,0,0,0,0,0,0,0,0,0,0,0,,,1,0,0,0,0,0,0,0,0,,,,,,0,,,,0,1,,,,0,0,0,,0,0,0,0,,0
map#b3b23b522917ee83,,ob5100obj04.mdl,1,,,,1,,,,,,,,,-1,-1,,,-1,,,,,,-1,,,-1,,,,,,-1,,,,,,,,,,-1,,-1,,,,,,-1,,,,,,,,,,,,,,,,,,,,,,-1,,,,,,,,-1,,,,-1,,,,,0,0,0,0,0,,0,1,0,0,1,0,1,1,,0,,1,0,0,,0,,0,,,,,,1,,,,,0,,0,,0,,0,1,0,1,0,,,,0,0,1,0,,0,0,0,0,0,0,0,0,0,0,0,0,0,,,0,0,0,0,0,0,1,0,0,,,,,,1,,,,1,0,,,,0,0,0,,0,0,0,0,,0
map#b3e4b66287946442,,ob1010lig04.mdl,1,,,,0,,,,,,,,,-1,,,,-1,,,,,,,,,,,,,,,,,,,,,,,,,,,-1,,,,,,,,,,,,,,,,,,,,,,,,,,,,,,,,,,,,,,,,,-1,,,,0,0,0,0,0,,0,0,0,0,0,0,1,0,,0,,1,0,0,,0,,0,,,,,,0,,,,,0,,0,,0,,0,0,0,1,0,,,,0,0,0,0,,0,0,0,0,0,0,0,0,0,0,0,0,0,,,0,0,0,0,0,0,0,0,0,,,,,,0,,,,0,1,,,0,0,0,0,,0,0,0,0,0,0
map#b40a76b51a0cc7e3,ob3041hou02.mdl,ob3041hou02.mdl,1,,,,1,,,,,,,,,-1,-1,,-1,,,,,,,,,,,,,,,,,,,,,,,,,-1,,,-1,,,,,-1,,,,,,,,,,,,,,,,,,,,,,,-1,,,,,,,,-1,,,,-1,,,,,0,0,0,0,0,,0,0,0,0,0,0,1,1,,1,,0,0,0,,0,,0,,,,,,0,,,,,0,,0,,0,,1,0,0,1,0,,,,0,1,0,0,,0,0,0,0,0,0,0,0,0,0,0,0,0,,,0,0,0,0,0,0,1,0,0,,,,,,1,,,,1,0,,,,0,2,2,,0,0,0,0,,0
map#b42b0d5bfc2424fc,,sc5006.mdl,1,1,1,,1,,,,,,,,,-1,-1,,,,,,,,,,,,,,,,,,,,,,,,-1,,,,,,,,,,,-1,-1,,,,,,-1,,-1,,,,,,,,,,,,,,-1,,,,,,,,-1,,,,-1,,,,,0,0,0,0,0,,0,0,0,0,0,0,1,1,,0,,0,0,0,,0,,0,,,,,,0,,,,,0,,1,,0,,0,0,0,0,0,,,,0,1,1,0,,0,0,0,1,0,1,0,0,0,0,0,0,0,,,0,0,0,0,0,0,1,0,0,,,,,,1,,,,1,0,,,0,0,0,0,,0,0,0,0,0,0
map#b42d9dcd3747a016,,ob6100rok00.mdl,0,,1,1,1,,,,,,,,,-1,-1,,-1,,-1,-1,,,,,,,,,,,,,,,,,,,-1,,,-1,-1,-1,,,,,,-1,-1,-1,,,,,,,-1,,,-1,,,,,,,-1,-1,-1,,-1,,,,,,,,-1,,,,-1,,,,,0,0,0,0,0,,0,0,0,0,0,0,1,1,,1,,0,1,1,,0,,0,,,,,,0,,,,,0,,1,,0,,1,1,1,0,0,,,,0,1,1,1,,0,0,0,0,0,1,0,0,1,0,0,0,0,,,0,0,1,1,1,0,1,0,0,,,,,,1,,,,1,0,,,,0,0,0,,0,0,0,0,,0
map#b45af6459bc5966c,ob0010kmo52.mdl,ob0010kmo52.mdl,1,,,,1,,,,,,,,,-1,,,,-1,,,,,,,,,,,,,,,,,,,,,,,,,,,,,,,,-1,,,,,,,,,,,,,,,,,,,,,,,-1,,,,,,,,,,,,,,,,,0,0,0,0,0,,0,0,0,0,0,0,1,0,,0,,1,0,0,,0,,0,,,,,,0,,,,,0,,0,,0,,0,0,0,0,0,,,,0,1,0,0,,0,0,0,0,0,0,0,0,0,0,0,0,0,,,0,0,0,0,0,0,1,0,0,,,,,,0,,,,0,0,,,,0,0,0,,0,0,0,0,,0
map#b45e31be574833df,ob0061hou00.mdl,,0,,,,1,,,,,,,,,-1,,,-1,,,,,,,,,,,,,,,,,,,,,,,,,-1,,,,,,,,-1,,,,,,,,,,,,,,,,,,,,,,,-1,,,,,,,,-1,,,,-1,-1,,,,0,0,0,0,0,,0,0,0,0,0,0,1,0,,1,,0,0,0,,0,,0,,,,,,0,,,,,0,,0,,0,,1,0,0,0,0,,,,0,1,0,0,,0,0,0,0,0,0,0,0,0,0,0,0,0,,,0,0,0,0,0,0,1,0,0,,,,,,1,,,,1,1,,,,0,0,2,,0,0,0,0,,0
map#b46f65ba807ef56a,,ob5500hou06.mdl,0,,,,1,,,,,,,,,-1,,,,-1,,,,,-1,,,,,,,,,,,,,,,,,,,,,,,,,,-1,,,,,,,,,,,,,,,,,,,,,,,,,,,,,,,,,,,,,,,,,0,0,0,0,0,,0,0,0,0,0,0,1,0,,0,,1,0,0,,0,,1,,,,,,0,,,,,0,,0,,0,,0,0,0,0,0,,,,1,0,0,0,,0,0,0,0,0,0,0,0,0,0,0,0,0,,,0,0,0,0,0,0,0,0,0,,,,,,0,,,,0,0,,,,0,0,0,,0,0,0,0,,0
map#b4a04f0e19c69055,ob4020kag10.mdl,etc1004.mdl,1,,,,1,,,,,,,,,-1,,,,,,,,-1,-1,,,,,,,,,,,,,,,,,,,-1,,,-1,,,,,-1,,,,,,,,,,,,,,,,,,,,,,,-1,,,,,,,,-1,,,,,,,,,0,0,0,0,0,,0,0,0,0,0,0,1,0,,0,,0,0,0,,1,,1,,,,,,0,,,,,0,,0,,0,,1,0,0,1,0,,,,0,1,0,0,,0,0,0,0,0,0,0,0,0,0,0,0,0,,,0,0,0,0,0,0,1,0,0,,,,,,1,,,,0,0,,,,0,0,0,,0,0,0,0,,0
map#b5070c210535b4a8,mp4010.mdl,a1214.mdl,0,,1,1,1,,,,,,,,,-1,-1,,-1,,,,,,,,,,,,,,,,,,,,,,-1,,,-1,-1,-1,,,,,,-1,-1,-1,,,,,,,-1,,-1,-1,-1,,,,,,,,,,-1,,,,,,,,-1,,,,-1,,,,,0,0,0,0,0,,0,0,0,0,0,0,1,1,,1,,0,0,0,,0,,0,,,,,,0,,,,,0,,1,,0,,1,1,1,0,0,,,,0,1,1,1,,0,0,0,0,0,1,0,1,1,0,1,0,0,,,0,0,0,0,0,0,1,0,0,,,,,,1,,,,1,0,,,,0,0,0,,0,0,0,0,,0
map#b50c6927a13d7536,ob0000plt08.mdl,ob0000plt08.mdl,0,,,,1,-1,,,,,,,,-1,,,,,,,,,-1,,,,,,,,,,,,,,,,,,,,,,,,,,,,,,,,,,,,,,,,,,,,,,,,,-1,,,,,,,,,,,,,,,,,,1,0,0,0,0,,0,0,0,0,0,0,1,0,,0,,0,0,0,,0,,1,,,,,,0,,,,,0,,0,,0,,0,0,0,0,0,,,,0,0,0,0,,0,0,0,0,0,0,0,0,0,0,0,0,,,,0,0,,,,1,0,0,0,,,,,,0,,,,0,0,,,,0,0,0,,0,0,0,0,,0
map#b5353e5e0ef44910,ob0000rok14.mdl,,0,,1,,0,,,,,,,,,-1,-1,,,-1,,,,,,,,,,,,,,,,,,,,,-1,,,,,,,,,,,-1,,-1,,,,,,,-1,,,,,,,,,,-1,,,,-1,,,,,,,,,,,,-1,,,,,0,0,0,0,0,,0,0,0,0,0,0,1,1,,0,,1,0,0,,0,,0,,,,,,0,,,,,0,,1,,0,,0,0,0,0,0,,,,0,1,0,1,,0,0,0,0,0,1,0,0,0,0,0,0,0,,,0,0,1,0,0,0,1,0,0,,,,,,0,,,,1,0,,,,0,0,0,,0,0,0,0,,0
map#b5cd585919463b2c,ob2071evt01.mdl,ob2071evt01.mdl,1,,,,0,-1,,,,,,,,-1,,,,-1,,,,,,,,,,,,,,,,,,,,,,,,,,,,,,,,,,,,,,,,,,,,,,,,,,,,,,,-1,,,,,,,,,,,,,,,,,1,0,0,0,0,,0,0,0,0,0,0,1,0,,0,,1,0,0,,0,,0,,,,,,0,,,,,0,,0,,0,,0,0,0,0,0,,,,0,0,0,0,,0,0,0,0,0,0,0,0,0,0,0,0,0,,,0,0,0,0,0,0,1,0,0,,,,,,0,,,,0,0,,,,0,0,0,,0,0,0,0,,0
map#b68d4fdca476d33d,mp0030_l1.mdl,mp0030_l1.mdl,1,,,,1,,,,,,,,,-1,,,,,,,,,,,,,,,,,,,,,,,,,,,,-1,,,,,,,,,,,,,,,,,,,,,,,,,,,,,,,-1,,,,,,,,,,,,,,,,,0,0,0,0,0,,0,0,0,0,0,0,1,0,,0,,0,0,0,,0,,0,,,,,,0,,,,,0,,0,,0,,1,0,0,0,0,,,,0,0,0,0,,0,0,0,0,0,0,0,0,0,0,0,0,0,,,0,0,0,0,0,0,1,0,0,,,,,,0,,,,0,0,,,,0,2,0,,0,0,0,0,,0
map#b6b3c840048ba775,ob3041hou00.mdl,ob3041hou00.mdl,1,,,,1,,,,,,,,,-1,,,-1,-1,,,,,,,,,,,,,,,,,,,,,,,,-1,,,,,,,,-1,,,,,,,,,,,,,,,,,,,,,,,-1,,,,,,,,,,,,-1,,,,,0,0,0,0,0,,0,0,0,0,0,0,1,0,,1,,1,0,0,,0,,0,,,,,,0,,,,,0,,0,,0,,1,0,0,0,0,,,,0,1,0,0,,0,0,0,0,0,0,0,0,0,0,0,0,0,,,0,0,0,0,0,0,1,0,0,,,,,,0,,,,1,0,,,,0,0,2,,0,0,0,0,,0
map#b6f0c12d671b3c12,mp4020_01.mdl,mp4020_01.mdl,1,,,,1,,,,,,,,,-1,,,,,,,,-1,-1,,,,,,,,,,,,,,,,,,,-1,,,-1,,,,,-1,,,,,,,,,,,,,,,,,,,,,,,-1,,,,,,,,,,,,,,,,,0,0,0,0,0,,0,0,0,0,0,0,1,0,,0,,0,0,0,,1,,1,,,,,,0,,,,,0,,0,,0,,1,0,0,1,0,,,,0,1,0,0,,0,0,0,0,0,0,0,0,0,0,0,0,0,,,0,0,0,0,0,0,1,0,0,,,,,,0,,,,0,0,,,,0,0,0,,0,0,0,0,,0
map#b7166eaa90843df3,ob_s00_000.mdl,ob_s00_000.mdl,0,,,,0,,,,,,,,-1,-1,,,,,,,,,,,,,,,,,,,,,,,,,,,,,,,,,,,,,,,,,,,,,,,,,,,,,,,,,,,,,,,,,,,,,,,,-1,,,,0,0,0,0,0,,0,0,0,0,0,1,1,0,,0,,0,0,0,,0,,0,,,,,,0,,,,,0,,0,,0,,0,0,0,0,0,,,,0,0,0,0,,0,0,0,0,0,0,0,0,0,0,0,0,0,,,0,0,0,0,0,0,0,0,0,,,,,,0,,,,0,1,,,,0,0,0,,0,0,0,0,,0
map#b775e17827f0e6f6,ob0000rok11.mdl,ob0000rok11.mdl,0,1,,,1,,,,,,,,,-1,,,,,,,,,,,,,,,,,,,,,,,,,,,,-1,,,,,,,,-1,,,,,,,-1,,,,,,,,,,,,,,,,-1,,,,,,,,,,,,,,,,,0,0,0,0,0,,0,0,0,0,0,0,1,0,,0,,0,0,0,,0,,0,,,,,,0,,,,,0,,0,,0,,1,0,0,0,0,,,,0,1,0,0,,0,0,0,1,0,0,0,0,0,0,0,0,,,,0,0,,,,0,1,0,0,,,,,,0,,,,0,0,,,,0,0,0,,0,0,0,0,,0
map#b8574364ef232a35,,mp1051.mdl,1,,1,,1,,,,,,,,,-1,-1,,-1,,,,,,,,,,,,,,,,,,,,,,,,,-1,-1,-1,,,,,,-1,-1,-1,,,,,,,-1,,,,,,,,,,,,,,-1,,,,,,,,-1,,,,-1,,,,,0,0,0,0,0,,0,0,0,0,0,0,1,1,,1,,0,0,0,,0,,0,,,,,,0,,,,,0,,0,,0,,1,1,1,0,0,,,,0,1,1,1,,0,0,0,0,0,1,0,0,0,0,0,0,0,,,0,0,0,0,0,0,1,0,0,,0,,,,1,,,,1,0,,,0,0,0,0,,0,0,0,0,0,0
map#b8ce2b75300ebf2d,,ob6013dor00.mdl,1,,,,1,,,,,,,,,,,,,,,,,,,,,,,,,,,,,,,,,,,,,,,,-1,,,,,,,,,,,,,,,,,,,,,,,,,,,-1,,,,,,,,,-1,,,,,,,,,0,0,0,0,0,,0,0,0,0,0,0,0,0,,0,,0,0,0,,0,,0,,,,,,0,,,,,0,,0,,0,,0,0,0,1,0,,,,0,0,0,0,,0,0,0,0,0,0,0,0,0,0,0,0,0,,,0,0,0,0,0,1,0,0,0,,0,,,,1,,,,0,0,,,0,0,0,0,,0,0,0,0,0,0
map#b8e59305f956a247,mp2071_01.mdl,,1,,,,1,,,,,,,,,-1,,,,-1,,,,-1,,,,,,,,,,,,,,,,,,,,-1,,,-1,,,,,-1,,,,,,,,,,,,,,,,,,,,,,,,,,,,,,,,,,,,,,,,0,0,0,0,0,,0,0,0,0,0,0,1,0,,0,,1,0,0,,1,,0,,,,,,0,,,,,0,,0,,0,,1,0,0,1,0,,,,0,1,0,0,,0,0,0,0,0,0,0,0,0,0,0,0,0,,,0,0,0,0,0,0,0,0,0,,,,,,0,,,,0,0,,,,0,0,0,,0,0,0,0,,0
map#b90d93ca57fae206,ob2051hou04.mdl,,1,,,,1,,,,,,,,,-1,,,-1,-1,,,,,,,,,,,,,,,,,,,,,,,,-1,,,,,,,,-1,,,,,,,,,,,,,,,,,,,,,,,-1,,,,,,,,-1,,,,-1,,,,,0,0,0,0,0,,0,0,0,0,0,0,1,0,,1,,1,0,0,,0,,0,,,,,,0,,,,,0,,0,,0,,1,0,0,0,0,,,,0,1,0,0,,0,0,0,0,0,0,0,0,0,0,0,0,0,,,0,0,0,0,0,0,1,0,0,,,,,,1,,,,1,0,,,,0,2,2,,0,0,0,0,,0
map#b92e648a0aa3f745,mp1010_03.mdl,mp1010_03.mdl,1,,,,1,,,,,,,,,-1,-1,,,,,,,,,,,,,,,,,,,,,,,,,,,-1,,,,,,,,-1,,,,,,,,,,,,,,,,,,,,,,,-1,,,,,,,,-1,,,,-1,,,,,0,0,0,0,0,,0,0,0,0,0,0,1,1,,0,,0,0,0,,0,,0,,,,,,0,,,,,0,,0,,0,,1,0,0,0,0,,,,0,1,0,0,,0,0,0,0,0,0,0,0,0,0,0,0,0,,,0,0,0,0,0,0,1,0,0,,,,,,1,,,,1,0,,,,0,0,2,,0,0,0,0,,0
map#ba0c2f78b803377b,mp4044.mdl,mp4044.mdl,1,,,,0,,,,,,,,,-1,,,,-1,,,,,,-1,,,-1,,,,,,-1,,,,,,,,,,,,,,,,,,,,,,,,,,,,,,,,,,,,,,,,-1,,,,,,,,,,,,,,,,,0,0,0,0,0,,0,1,0,0,1,0,1,0,,0,,1,0,0,,0,,0,,,,,,1,,,,,0,,0,,0,,0,0,0,0,0,,,,0,0,0,0,,0,0,0,0,0,0,0,0,0,0,0,0,0,,,0,0,0,0,0,0,1,0,0,,,,,,0,,,,0,0,,,,0,0,0,,0,0,0,0,,0
map#ba69807e14038a88,ob_s05_000x.mdl,ob_s05_000x.mdl,1,,,,0,,,,,,,,,-1,,,,-1,,,,,,,,,,,,,,,,,,,,,,,,-1,,,,,,,,-1,,,,,,,,,,,,,,,,,,,,,,,-1,,,,,,,,-1,,,,,-1,,,,0,0,0,0,0,,0,0,0,0,0,0,1,0,,0,,1,0,0,,0,,0,,,,,,0,,,,,0,,0,,0,,1,0,0,0,0,,,,0,1,0,0,,0,0,0,0,0,0,0,0,0,0,0,0,0,,,0,0,0,0,0,0,1,0,0,,,,,,1,,,,0,1,,,,0,0,0,,0,0,0,0,,0
map#ba6a17cd92ad9100,,ob2071evt04.mdl,1,,,,1,,,,,,,,,-1,,,,,,,,,,,,,,,,,,,,,,,,,,,,,,,-1,,,,,,,,,,,,,,,,,,,,,,,,,,,,,,,,,,,,,,,,,,,,,0,0,0,0,0,,0,0,0,0,0,0,1,0,,0,,0,0,0,,0,,0,,,,,,0,,,,,0,,0,,0,,0,0,0,1,0,,,,0,0,0,0,,0,0,0,0,0,0,0,0,0,0,0,0,0,,,0,0,0,0,0,0,0,0,0,,,,,,0,,,,0,0,,,0,0,0,0,,0,0,0,0,0,0
map#bad993b0f08e0738,mp2071_01.mdl,mp2071_01.mdl,1,,,,1,,,,,,,,,-1,-1,,,,,,,-1,,,,,,,,,,,,,,,,,,,,-1,,,,,,,,-1,,,,,,,,,,,,,,,,,,,,,,,-1,,,,,,,,-1,,,,,,,,,0,0,0,0,0,,0,0,0,0,0,0,1,1,,0,,0,0,0,,1,,0,,,,,,0,,,,,0,,0,,0,,1,0,0,0,0,,,,0,1,0,0,,0,0,0,0,0,0,0,0,0,0,0,0,0,,,0,0,0,0,0,0,1,0,0,,,,,,1,,,,0,0,,,,0,2,0,,0,0,0,0,,0
map#bb23350686d693d7,ob_s05_000l.mdl,ob_s05_000l.mdl,1,,,,1,,,,,,,,,-1,,,,,-1,,,,,,,,,,,,,,,,,,,,,,,-1,,,,,,,,-1,,,,,,,,,,,,,,,,,,,,,,,-1,,,,,,,,-1,,,,-1,-1,,,,0,0,0,0,0,,0,0,0,0,0,0,1,0,,0,,0,1,0,,0,,0,,,,,,0,,,,,0,,0,,0,,1,0,0,0,0,,,,0,1,0,0,,0,0,0,0,0,0,0,0,0,0,0,0,0,,,0,0,0,0,0,0,1,0,0,,,,,,1,,,,1,1,,,,0,0,0,,0,0,0,0,,0
map#bb97bded04275ba9,ob0000plt01.mdl,ob0000plt01.mdl,0,,,,0,-1,,,,,,,,-1,,,,,,,,,-1,,,,,,,,,,,,,,,,,,,,,,,,,,,,,,,,,,,,,,,,,,,,,,,,,,,-1,,,,,,,,,,,,-1,,,,1,0,0,0,0,,0,0,0,0,0,0,1,0,,0,,0,0,0,,0,,1,,,,,,0,,,,,0,,0,,0,,0,0,0,0,0,,,,0,0,0,0,,0,0,0,0,0,0,0,0,0,0,0,0,,,,0,0,,,,0,0,1,0,,,,,,0,,,,0,1,,,,0,0,0,,0,0,0,0,,0
map#bba92819c601e1e4,ob4011obj00.mdl,ob4011obj00.mdl,1,,,,0,,,,,,,,,-1,,,,,,,,,,,,,,,,,,,,,,,,,,,,,,,,,,,,,,,,,,,,,,,,,,,,,,,,,,-1,,,-1,,,,,,,,,,,,,,,0,0,0,0,0,,0,0,0,0,0,0,1,0,,0,,0,0,0,,0,,0,,,,,,0,,,,,0,,0,,0,,0,0,0,0,0,,,,0,0,0,0,,0,0,0,0,0,0,0,0,0,0,0,0,0,,,0,0,0,0,0,1,0,0,1,,,,,,0,,,,0,0,,,,0,0,0,,0,0,0,0,,0
map#bc12c7f9d64628b8,,ob_s06_000.mdl,0,0,,,0,,,,,,,,,-1,,,,,,,,,,,,,,,,,,,-1,,,,,,,,,,,,,,,,-1,,,,,,,,-1,,,,,,,,,,,,,,,,,,,,,,,,,,,,,-1,,,,0,0,0,0,0,,0,0,0,0,0,0,1,0,,0,,0,0,0,,0,,0,,,,,,1,,,,,0,,0,,0,,0,0,0,0,0,,,,1,0,0,0,,0,0,0,1,0,0,0,0,0,0,0,0,0,,,0,0,0,0,0,0,0,0,0,,0,,,,0,,,,0,1,,,0,0,0,0,,0,0,0,0,0,0
map#bc69017c2e1ab69b,mp2071_03.mdl,mp2071_03.mdl,1,,,,1,,,,,,,,,-1,-1,,,,-1,,,-1,,,,,,,,,,,,,,,,,,,,-1,,,,,,,,-1,,,,,,,,,,,,,,,,,,,,,,,-1,,,,,,,,-1,,,,-1,,,,,0,0,0,0,0,,0,0,0,0,0,0,1,1,,0,,0,1,0,,1,,0,,,,,,0,,,,,0,,0,,0,,1,0,0,0,0,,,,0,1,0,0,,0,0,0,0,0,0,0,0,0,0,0,0,0,,,0,0,0,0,0,0,1,0,0,,,,,,1,,,,1,0,,,,0,0,0,,0,0,0,0,,0
map#bd1fbe5014f948cc,,ef_obj_a404.mdl,1,,,,1,,,,,,,,,-1,,,-1,,,,,,,,,,,,,,,,-1,,,,,,,,,-1,,,-1,,,,,-1,-1,,,,,,,,,,,,,,,,,,,,,,,,,,,,,,-1,,,,-1,,,,,0,0,0,0,0,,0,0,0,0,0,0,1,0,,1,,0,0,0,,0,,0,,,,,,1,,,,,0,,0,,0,,1,0,0,1,0,,,,0,1,1,0,,0,0,0,0,0,0,0,0,0,0,0,0,0,,,0,0,0,0,0,0,0,0,0,,0,,,,1,,,,1,0,,,0,0,0,0,,0,0,0,0,0,0
map#bd284684f78fe46b,,mp8000_01.mdl,1,,,,1,,,,,,,,,-1,-1,,,-1,,,,,,,,,,,,,,,,,,,,,,,,-1,-1,,-1,,,,,,,,,,,,,,,,,,,,,,,,,,,,,,,,,,,,-1,,,,-1,,,,,0,0,0,0,0,,0,0,0,0,0,0,1,1,,0,,1,0,0,,0,,0,,,,,,0,,,,,0,,0,,0,,1,1,0,1,0,,,,0,0,0,0,,0,0,0,0,0,0,0,0,0,0,0,0,0,,,0,0,0,0,0,0,0,0,0,,0,,,,1,,,,1,0,,,0,0,0,0,,0,0,0,0,0,0
map#bd4ea3739604d4db,mp2010_11.mdl,mp2010_11.mdl,1,,,,1,,,,,,,,,-1,-1,,,-1,,,,,,,,,,,,,,,,,,,,,,,,-1,,,,,,,,-1,,,,,,,,,,,,,,,,,,,,,,,-1,,,,,,,,-1,,,,-1,,,,,0,0,0,0,0,,0,0,0,0,0,0,1,1,,0,,1,0,0,,0,,0,,,,,,0,,,,,0,,0,,0,,1,0,0,0,0,,,,0,1,0,0,,0,0,0,0,0,0,0,0,0,0,0,0,0,,,0,0,0,0,0,0,1,0,0,,,,,,1,,,,1,0,,,,0,2,0,,0,0,0,0,,0
map#bda70a01aae829f4,924.mdl,mp0010_06.mdl,1,,,,0,,,,,,,,,-1,,,,,,,,,,,,,,,,,,,,,,,,,,,,-1,,,,,,,,-1,,,,,,,,,,,,,,,,,,,,,,,-1,,,,,,,,-1,,,,,,,,,0,0,0,0,0,,0,0,0,0,0,0,1,0,,0,,0,0,0,,0,,0,,,,,,0,,,,,0,,0,,0,,1,0,0,0,0,,,,0,1,0,0,,0,0,0,0,0,0,0,0,0,0,0,0,0,,,0,0,0,0,0,0,1,0,0,,,,,,1,,,,0,0,,,,0,0,0,,0,0,0,0,,0
map#bdb59f43d8bb00e1,,ob8500obj63.mdl,0,,,,1,,,,,,,-1,,-1,,,,,,,,,,,,,,,,,,,-1,,,,,,,,,-1,,,,,,,,-1,,,,,,,,,,,,,,,,,,,,,,,,,,,,,,,-1,,,,,,,,,0,0,0,0,0,,1,0,0,0,0,0,1,0,,0,,0,0,0,,0,,0,,,,,,1,,,,,0,,0,,0,,1,0,0,0,0,,,,0,1,0,0,,0,0,0,0,0,0,0,0,0,0,0,0,0,,,0,0,0,0,0,0,0,0,0,,0,,,,1,,,,0,0,,,0,0,0,0,,0,0,0,0,0,0
map#bdda52224fc26fae,,ob_s06_001.mdl,1,,,,1,,,,,,,,,-1,-1,,,,,,,,,,,,,,,,,,,,,,,,,,,-1,-1,,-1,,,,,-1,,,,,,,,,,,,,,,,,,,,,,,-1,,,,,,,,-1,,,,-1,,,,,0,0,0,0,0,,0,0,0,0,0,0,1,1,,0,,0,0,0,,0,,0,,,,,,0,,,,,0,,0,,0,,1,1,0,1,0,,,,0,1,0,0,,0,0,0,0,0,0,0,0,0,0,0,0,0,,,0,0,0,0,0,0,1,0,0,,,,,,1,,,,1,0,,,0,0,0,0,,0,0,0,0,0,0
map#be178138e77838f2,,ob4010lig12.mdl,0,,,,0,,,,,,,,,-1,,,,-1,,,,,,,,,,,,,,,-1,,,,,,,,,-1,,,-1,,,,,-1,,,,,,,,,,,,,,,,,,,,,,,-1,,,,,,,,,,,,,,,,,0,0,0,0,0,,0,0,0,0,0,0,1,0,,0,,1,0,0,,0,,0,,,,,,1,,,,,0,,0,,0,,1,0,0,1,0,,,,0,1,0,0,,0,0,0,0,0,0,0,0,0,0,0,0,0,,,0,0,0,0,0,0,1,0,0,,0,,,,0,,,,0,0,,,0,0,0,0,,0,0,0,0,0,0
map#be326009871b5255,mp2071_01.mdl,mp2071_01.mdl,1,,,,1,,,,,,,,,-1,-1,,,,,,,-1,,,,,,,,,,,,,,,,,,,,-1,,,,,,,,-1,,,,,,,,,,,,,,,,,,,,,,,-1,,,,,,,,-1,,,,-1,,,,,0,0,0,0,0,,0,0,0,0,0,0,1,1,,0,,0,0,0,,1,,0,,,,,,0,,,,,0,,0,,0,,1,0,0,0,0,,,,0,1,0,0,,0,0,0,0,0,0,0,0,0,0,0,0,0,,,0,0,0,0,0,0,1,0,0,,,,,,1,,,,1,0,,,,0,0,0,,0,0,0,0,,0
map#be9e145860f40eac,,ob0000sky10.mdl,0,,,,0,,,,,,,,,-1,-1,,-1,,,,,-1,,,,,,,,,,,-1,,,,,,,,,,,,,,,,-1,,,,,,,,,,,,,,,,-1,,,,,,,,,,,,,,,,,,,,-1,-1,,,,0,0,0,0,0,,0,0,0,0,0,0,1,1,,1,,0,0,0,,1,,0,,,,,,1,,,,,0,,0,,0,,0,0,0,0,0,,,,1,0,0,0,,0,0,0,0,0,0,0,0,0,0,0,0,1,,,0,0,0,0,0,0,0,0,0,,,,,,0,,,,1,1,,,0,0,1,1,,0,0,0,0,,0
map#bea4eb1741e5d4f9,,ob0080evt00.mdl,1,,,,1,,,,,,,,,-1,,,,,,,,,,,,,,,,,,,,,,,,,,,,-1,,,-1,,,,,-1,,,,-1,,,,,,,,,,,,,,,,,,,-1,,,,,,,,-1,,,,,,,,,0,0,0,0,0,,0,0,0,0,0,0,1,0,,0,,0,0,0,,0,,0,,,,,,0,,,,,0,,0,,0,,1,0,0,1,0,,,,0,1,0,0,,1,0,0,0,0,0,0,0,0,0,0,0,0,,,0,0,0,0,0,0,1,0,0,,,,,,1,,,,0,0,,,0,0,1,0,,0,0,0,0,0,0
map#bebc18aa4710f486,mp4010.mdl,a1214.mdl,1,,1,,1,,,,,,,,,-1,-1,,,,,,,,,,,,,,,,,,,,,,,,,,,-1,,,,,,,,-1,,,,,,,,,-1,,-1,,,,,,,,,,,,-1,,,,,,,,-1,,,,-1,,,,,0,0,0,0,0,,0,0,0,0,0,0,1,1,,0,,0,0,0,,0,,0,,,,,,0,,,,,0,,0,,0,,1,0,0,0,0,,,,0,1,0,0,,0,0,0,0,0,1,0,1,0,0,0,0,0,,,0,0,0,0,0,0,1,0,0,,,,,,1,,,,1,0,,,,0,2,0,,0,0,0,0,,0
map#bf0cb0ac9c69d384,,ob0054obj61.mdl,1,,,,1,,,,,,,,,-1,-1,,,,,,,,,-1,,,-1,,,,,,-1,,,,,,,,,-1,-1,,-1,,,,,,-1,,,-1,-1,,,,,,,,,,,,,,,,,,-1,,,,,,,,-1,,,,,,,,,0,0,0,0,0,,0,1,0,0,1,0,1,1,,0,,0,0,0,,0,,0,,,,,,1,,,,,0,,0,,0,,1,1,0,1,0,,,,0,0,1,0,,1,1,0,0,0,0,0,0,0,0,0,0,0,,,0,0,0,0,0,0,1,0,0,,0,,,,1,,,,0,0,,,0,0,0,0,,0,0,0,0,0,0
map#bf47c8398efda2a3,,ob6013obj00.mdl,1,,,,0,,,,,,,,,-1,-1,,-1,,,-1,,,,,-1,,,,,,,,-1,,,,,,,,,-1,,,,,,,,-1,,,,,,,,,,,,,,,,,,,,,,,-1,,,,,,,,,,,,,,,,,0,0,0,0,0,,0,0,1,0,0,0,1,1,,1,,0,0,1,,0,,0,,,,,,1,,,,,0,,0,,0,,1,0,0,0,0,,,,0,1,0,0,,0,0,0,0,0,0,0,0,0,0,0,0,0,,,0,0,0,0,0,0,1,0,0,,0,,,,0,,,,0,0,,,0,0,1,0,,0,0,0,0,0,0
map#bf66b71abc4a9722,mp0041_01.mdl,,0,,,,1,,,,,,,,,-1,-1,,,,-1,,,,,,,,,,,,,,,,,,,,,,,-1,-1,,,,,,,-1,-1,,,,,,,,,,,,,,,,,,,,,,-1,,,,,,,,-1,,,,-1,,,,,0,0,0,0,0,,0,0,0,0,0,0,1,1,,0,,0,1,0,,0,,0,,,,,,0,,,,,0,,0,,0,,1,1,0,0,0,,,,0,1,1,0,,0,0,0,0,0,0,0,0,0,0,0,0,0,,,0,0,0,0,0,0,1,0,0,,,,,,1,,,,1,0,,,,0,0,2,,0,0,0,0,,0
map#bfd59f364ef3fee1,ef_obj_w018.mdl,ef_obj_w018.mdl,1,,,,0,,,,,,,,,-1,,,,,,,,,,,,,,,,,,,,,,,,,,,,-1,,,,,,,,-1,,,,,,,,,,,,,,,,,,,,,,,,,,,,,,,,,,,,,,,,0,0,0,0,0,,0,0,0,0,0,0,1,0,,0,,0,0,0,,0,,0,,,,,,0,,,,,0,,0,,0,,1,0,0,0,0,,,,0,1,0,0,,0,0,0,0,0,0,0,0,0,0,0,0,,,,0,0,,,,0,0,0,0,,,,,,0,,,,0,0,,,,0,0,0,,0,0,0,0,,0
map#bfe7ec8048121651,ob4010obj07.mdl,ob4010obj07.mdl,1,,,,1,,,,,,,,,-1,-1,,,-1,-1,,,,,,,,,,,,,,,,,,,,,,,-1,,,,,,,,-1,,,,,,,,,,,,,,,,,,,,,,,-1,,,,,,,,-1,,,,-1,,,,,0,0,0,0,0,,0,0,0,0,0,0,1,1,,0,,1,1,0,,0,,0,,,,,,0,,,,,0,,0,,0,,1,0,0,0,0,,,,0,1,0,0,,0,0,0,0,0,0,0,0,0,0,0,0,0,,,0,0,0,0,0,0,1,0,0,,,,,,1,,,,1,0,,,,0,0,2,,0,0,0,0,,0
map#c00ef533bddac053,,mp1082.mdl,0,,1,1,1,,,,,,,,,-1,-1,,-1,,,,,,,,,,,,,,,,,,,,,,-1,,,-1,-1,-1,,,,,,-1,-1,-1,,-1,,,,,-1,,,-1,,,,,,,,,,,-1,,,,,,,,-1,,,,-1,-1,,,,0,0,0,0,0,,0,0,0,0,0,0,1,1,,1,,0,0,0,,0,,0,,,,,,0,,,,,0,,1,,0,,1,1,1,0,0,,,,0,1,1,1,,1,0,0,0,0,1,0,0,1,0,0,0,0,,,0,0,0,0,0,0,1,0,0,,0,,,,1,,,,1,1,,,0,0,0,2,,0,0,0,0,0,0
map#c0a1bad4b29140b7,ob0000plt08_l2.mdl,ob0000plt08_l2.mdl,1,,,,0,-1,,,,-1,,,,-1,,,,,,,,,,,,,,,,,,,,,,,,,,,,,,,,,,,,-1,,,,,,,,,,,,,,,,,,,,,,,-1,,,,,,,,-1,,,,,,,,,1,0,0,0,1,,0,0,0,0,0,0,1,0,,0,,0,0,0,,0,,0,,,,,,0,,,,,0,,0,,0,,0,0,0,0,0,,,,0,1,0,0,,0,0,0,0,0,0,0,0,0,0,0,0,,,,0,0,,,,0,1,0,0,,,,,,1,,,,0,0,,,,0,0,0,,0,0,0,0,,0
map#c0b9fd269e029514,a0302.mdl,a0302.mdl,0,,,,1,,,,,,,,,-1,,,,,,,,,,,,,,,,,,,,,,,,,,,,-1,,,-1,,,,,-1,,,,,,,,,,,,,,,,,,,,,,,-1,,,,,,,,-1,,,,,,,,,0,0,0,0,0,,0,0,0,0,0,0,1,0,,0,,0,0,0,,0,,0,,,,,,0,,,,,0,,0,,0,,1,0,0,1,0,,,,0,1,0,0,,0,0,0,0,0,0,0,0,0,0,0,0,0,,,0,0,0,0,0,0,1,0,0,,,,,,1,,,,0,0,,,,0,0,0,,0,0,0,0,,0
map#c0e1babdc6dc5cd3,,mp0041.mdl,1,,,,0,,,,,,,,,-1,-1,,,,,,,,,,,,,,,,,,,,,,,,,,,-1,,,,,,,,-1,,,,,,,,,,,,,,,,,,,,,,,-1,,,,,,,,-1,,,,-1,,,,,0,0,0,0,0,,0,0,0,0,0,0,1,1,,0,,0,0,0,,0,,0,,,,,,0,,,,,0,,0,,0,,1,0,0,0,0,,,,0,1,0,0,,0,0,0,0,0,0,0,0,0,0,0,0,0,,,0,0,0,0,0,0,1,0,0,,,,,,1,,,,1,0,,,0,0,2,0,,0,0,0,0,0,0
map#c105ce4f663b91b3,mp4044.mdl,mp4044.mdl,1,,,,0,,,,,,,,,-1,,,,-1,,,,,,,,,,,,,,,,,,,,,,,,,,,,,,,,,,,,,,,,,,,,,-1,,,,,,,,,,,,,,,,,,,,,,,-1,,,,0,0,0,0,0,,0,0,0,0,0,0,1,0,,0,,1,0,0,,0,,0,,,,,,0,,,,,0,,0,,0,,0,0,0,0,0,,,,0,0,0,0,,0,0,0,0,0,0,0,0,0,0,1,0,0,,,0,0,0,0,0,0,0,0,0,,,,,,0,,,,0,1,,,,0,0,0,,0,0,0,0,,0
map#c11e5e623dc266e6,ob4010hou33.mdl,ob4010hou33.mdl,0,1,,,1,,,,,,,,,-1,,,,,,,,,,,,,,,,,,,,,,,,,,,,-1,,,,,,,,-1,,,,,,,-1,,,,,,,,,,,,,,,,-1,,,,,,,,-1,,,,,-1,,,,0,0,0,0,0,,0,0,0,0,0,0,1,0,,0,,0,0,0,,0,,0,,,,,,0,,,,,0,,0,,0,,1,0,0,0,0,,,,0,1,0,0,,0,0,0,1,0,0,0,0,0,0,0,0,0,,,0,0,0,0,0,0,1,0,0,,,,,,1,,,,0,1,,,,0,0,0,,0,0,0,0,,0
map#c131094fcc52fb49,,ob5200obj06.mdl,1,,,,1,,,,,,,,,-1,,,,,,,,,,-1,,,,,,,,,-1,,,,-1,,,,,-1,,,-1,,,,,,,,,,,,,,,,,,,,,,,,,,,,-1,,,,,,,,,,,,,-1,,,,0,0,0,0,0,,0,1,0,0,0,0,1,0,,0,,0,0,0,,0,,0,,,,,,1,,,,,1,,0,,0,,1,0,0,1,0,,,,0,0,0,0,,0,0,0,0,0,0,0,0,0,0,0,0,0,,,0,0,0,0,0,0,1,0,0,,,,,,0,,,,0,1,,,,0,0,0,,0,0,0,0,,0
map#c14d02e7f7781f43,,ob0000rok14.mdl,0,,,,0,,,,,,,,,-1,-1,,,-1,,,,,,,,,,,,,,,,,,,,,-1,,,,,,,,,,,-1,,-1,,,,,,,,,,,,,,,,,,,,,,,,,,,,,,,,,-1,,,,,0,0,0,0,0,,0,0,0,0,0,0,1,1,,0,,1,0,0,,0,,0,,,,,,0,,,,,0,,1,,0,,0,0,0,0,0,,,,0,1,0,1,,0,0,0,0,0,0,0,0,0,0,0,0,0,,,0,0,0,0,0,0,0,0,0,,0,,,,0,,,,1,0,,,0,0,0,0,,0,0,0,0,0,0
map#c14e59777fb1ad0b,,ob0010hou06.mdl,0,1,,,1,,,,,,,,,-1,-1,,,,,,,,,,,,,,,,,,,,,,,,,,,-1,,,,,,,,-1,,,,,,,-1,,,,,,,,,,,,,,,,-1,,,,,,,,-1,,,,,,,,,0,0,0,0,0,,0,0,0,0,0,0,1,1,,0,,0,0,0,,0,,0,,,,,,0,,,,,0,,0,,0,,1,0,0,0,0,,,,0,1,0,0,,0,0,0,1,0,0,0,0,0,0,0,0,0,,,0,0,0,0,0,0,1,0,0,,,,,,1,,,,0,0,,,0,0,2,0,,0,0,0,0,0,0
map#c14ec56b365b31e2,ob0000sky03.mdl,,0,,,,0,,,,,,,,,-1,,,,,,,,,,-1,,,,,,,,,,,,,,,,,,,,,,,,,-1,,,,,,,,,,,,,,,,,,,,,,,,,,,,,,,,,,,,,,,,,0,0,0,0,0,,0,1,0,0,0,0,1,0,,0,,0,0,0,,0,,0,,,,,,0,,,,,0,,0,,0,,0,0,0,0,0,,,,1,0,0,0,,0,0,0,0,0,0,0,0,0,0,0,0,,,,0,0,,,,0,0,0,0,,,,,,0,,,,0,0,,,,0,0,0,,0,0,0,0,,0
map#c157014ecca58ab5,ob0010kmo14.mdl,ob0010kmo14.mdl,1,,,,1,,,,,,,,,-1,,,,,,,,,,,,,,,,,,,,,,,,,,,,,,,-1,,,,,-1,,,,,,,,,,,,,,,,,,,,,,,-1,,,,,,,,,,,,,,,,,0,0,0,0,0,,0,0,0,0,0,0,1,0,,0,,0,0,0,,0,,0,,,,,,0,,,,,0,,0,,0,,0,0,0,1,0,,,,0,1,0,0,,0,0,0,0,0,0,0,0,0,0,0,0,0,,,0,0,0,0,0,0,1,0,0,,,,,,0,,,,0,0,,,,0,0,0,,0,0,0,0,,0
map#c1e5771586303153,ob_s05_000g.mdl,ob_s05_000g.mdl,0,,,,1,,,,,,,,,-1,-1,,,,,,,,,-1,,,,,,,,,,,,,,,,,,-1,,,,,,,,-1,,,,,,,,,,,,,,,,,,,,,,,-1,,,,,,,,-1,,,,,-1,,,,0,0,0,0,0,,0,1,0,0,0,0,1,1,,0,,0,0,0,,0,,0,,,,,,0,,,,,0,,0,,0,,1,0,0,0,0,,,,0,1,0,0,,0,0,0,0,0,0,0,0,0,0,0,0,0,,,0,0,0,0,0,0,1,0,0,,,,,,1,,,,0,1,,,,0,2,0,,0,0,0,0,,0
map#c1e9cb351e9d8803,,ob5310obj03.mdl,1,,,,1,,,,,,,,,-1,,,,,,,,,,,,,,,,,,,,,,,,,,,,-1,,,-1,,,,,-1,,,,-1,,,,,,,,,,,,,,,,,,,-1,,,,,,,,-1,,,,,,,,,0,0,0,0,0,,0,0,0,0,0,0,1,0,,0,,0,0,0,,0,,0,,,,,,0,,,,,0,,0,,0,,1,0,0,1,0,,,,0,1,0,0,,1,0,0,0,0,0,0,0,0,0,0,0,0,,,0,0,0,0,0,0,1,0,0,,,,,,1,,,,0,0,,,,0,2,0,,0,0,0,0,,0
map#c2054b2b4f8ff77e,ob0000plt08.mdl,ob0000plt08.mdl,0,,,,1,-1,,,,,,,,-1,,,,,,,,,-1,,,,,,,,,,,,,,,,,,,-1,,,,,,,,,,,,,,,,,,,,,,,,,,,,,,,-1,-1,,,,,,,-1,,,,,-1,,,,1,0,0,0,0,,0,0,0,0,0,0,1,0,,0,,0,0,0,,0,,1,,,,,,0,,,,,0,,0,,0,,1,0,0,0,0,,,,0,0,0,0,,0,0,0,0,0,0,0,0,0,0,0,0,,,,0,0,,,,0,1,1,0,,,,,,1,,,,0,1,,,,0,0,0,,0,0,0,0,,0
map#c2090ccdfb746057,mp0030_l1.mdl,mp0030_l1.mdl,0,1,1,,1,,,,,,,,,-1,,,,,,,,,,-1,,,,,,,,,,,,,,,,,,-1,,,,,,,,,,,,,,,-1,,-1,,,,,,,,,,,,,,-1,,,,,,,,,,,,,,,,,0,0,0,0,0,,0,1,0,0,0,0,1,0,,0,,0,0,0,,0,,0,,,,,,0,,,,,0,,0,,0,,1,0,0,0,0,,,,0,0,0,0,,0,0,0,1,0,1,0,0,0,0,0,0,0,,,0,0,0,0,0,0,1,0,0,,,,,,0,,,,0,0,,,,0,2,0,,0,0,0,0,,0
map#c217090a095baaff,,ob2010kag21.mdl,1,,,,1,,,,,,,,,-1,,,,-1,,,,,,,,,,,,,,,,,,,,,,,,,,,-1,,,,,,,,,,,,,,,,,,,,,,,,,,,,-1,,,,,,,,,,,,,-1,,,,0,0,0,0,0,,0,0,0,0,0,0,1,0,,0,,1,0,0,,0,,0,,,,,,0,,,,,0,,0,,0,,0,0,0,1,0,,,,0,0,0,0,,0,0,0,0,0,0,0,0,0,0,0,0,0,,,0,0,0,0,0,0,1,0,0,,0,,,,0,,,,0,1,,,0,0,0,0,,0,0,0,0,0,0
map#c21df944da6546c1,,mp5400.mdl,1,,1,,1,,,,,,,,,-1,-1,,,,,,,,,,,,,,,,,,,,,,,,-1,,,-1,-1,,-1,,,,,-1,-1,,,-1,,,,,-1,,,,,,,,,,,,,,-1,,,,,,,,-1,,,,-1,,,,,0,0,0,0,0,,0,0,0,0,0,0,1,1,,0,,0,0,0,,0,,0,,,,,,0,,,,,0,,1,,0,,1,1,0,1,0,,,,0,1,1,0,,1,0,0,0,0,1,0,0,0,0,0,0,0,,,0,0,0,0,0,0,1,0,0,,0,,,,1,,,,1,0,,,0,0,0,0,,0,0,0,0,0,0
map#c242ad29f6fdfcc2,ob0000plt03.mdl,ob0000plt03.mdl,0,,,,0,-1,,-1,,,,,,-1,,,,,,,,,,,,,,,,,,,,,,,,,,,,,,,,,,,,-1,,,,,,,,,,,,,,,,,,,,,,,-1,,,,,,,,,,,,,,,,,1,0,1,0,0,,0,0,0,0,0,0,1,0,,0,,0,0,0,,0,,0,,,,,,0,,,,,0,,0,,0,,0,0,0,0,0,,,,0,1,0,0,,0,0,0,0,0,0,0,0,0,0,0,0,,,,0,0,,,,0,1,0,0,,,,,,0,,,,0,0,,,,0,0,0,,0,0,0,0,,0
map#c26e763e62ece726,,mp1051.mdl,0,,1,,1,,,,,,,,,-1,-1,,-1,,,-1,,,,,,,,,,,,,,,,,,,,,,-1,-1,-1,,,,,,-1,-1,-1,,,,,,,-1,,,,,,,,,,,,,,-1,,,,,,,,,,,,-1,,,,,0,0,0,0,0,,0,0,0,0,0,0,1,1,,1,,0,0,1,,0,,0,,,,,,0,,,,,0,,0,,0,,1,1,1,0,0,,,,0,1,1,1,,0,0,0,0,0,1,0,0,0,0,0,0,0,,,0,0,0,0,0,0,1,0,0,,0,,,,0,,,,1,0,,,0,0,0,0,,0,0,0,0,0,0
map#c29abf75329e6ba1,,ob8300kag09.mdl,1,2,,,1,,,,,,,,,-1,,,,,,,,,,,,,,,,,,,,,,,,,,,,-1,,,-1,,,,,-1,,,,,,,-1,,,,,,,,,,,,,,,,-1,,,,,,,,-1,,,,,,,,,0,0,0,0,0,,0,0,0,0,0,0,1,0,,0,,0,0,0,,0,,0,,,,,,0,,,,,0,,0,,0,,1,0,0,1,0,,,,0,1,0,0,,0,0,0,1,0,0,0,0,0,0,0,0,0,,,0,0,0,0,0,0,1,0,0,,0,,,,1,,,,0,0,,,0,0,0,0,,0,0,0,0,0,0
map#c31e40f82a6c3434,a1001.mdl,ob1071vec00.mdl,1,,,,0,,,,,,,,,,,,,,,,,,,,,,,,,,,,,,,,,,,,,,,,,,,,-1,,,,,,,,,,,,,,,,-1,,,,,,,,,,,,,,,,,,,,,,,,,0,0,0,0,0,,0,0,0,0,0,0,0,0,,0,,0,0,0,,0,,0,,,,,,0,,,,,0,,0,,0,,0,0,0,0,0,,,,1,0,0,0,,0,0,0,0,0,0,0,0,0,0,0,0,1,,,0,0,,,,0,0,0,0,,,,,,0,,,,0,0,,,,0,0,0,,0,0,0,0,,0
map#c32987a9fce20639,,mp0062.mdl,1,,,,1,,,,,,,,,-1,,,,-1,,,,,,,,,,,,,,,,,,,,,,,,,,,,,,,,,,,,,,,,,,,,,,,,,,,,,,,,,,,,,,,-1,,,,,,,,,0,0,0,0,0,,0,0,0,0,0,0,1,0,,0,,1,0,0,,0,,0,,,,,,0,,,,,0,,0,,0,,0,0,0,0,0,,,,0,0,0,0,,0,0,0,0,0,0,0,0,0,0,0,0,0,,,0,0,0,0,0,0,0,0,0,,,,,,1,,,,0,0,,,0,0,0,0,,0,0,0,0,,0
map#c3a35ed07385a414,,ob5100obj03.mdl,1,,,,1,,,,,,,,,-1,-1,,,,,,,,,-1,,,-1,,,,,,-1,,,,,,,,,,-1,,-1,,,,,,-1,,,,,,,,,,,,,,,,,,,,,,-1,,,,,,,,-1,,,,-1,,,,,0,0,0,0,0,,0,1,0,0,1,0,1,1,,0,,0,0,0,,0,,0,,,,,,1,,,,,0,,0,,0,,0,1,0,1,0,,,,0,0,1,0,,0,0,0,0,0,0,0,0,0,0,0,0,0,,,0,0,0,0,0,0,1,0,0,,,,,,1,,,,1,0,,,,0,0,0,,0,0,0,0,,0
map#c3fb72bc4b7c81f0,,1008.mdl,1,,,,1,,,,,,,,,-1,-1,,,,,,,,,,,,,,,,,,,,,,,,,,,-1,,,-1,,,,,-1,,,,-1,,,,,,,,,,,,,,,,,,,-1,,,,,,,,-1,,,,,,,,,0,0,0,0,0,,0,0,0,0,0,0,1,1,,0,,0,0,0,,0,,0,,,,,,0,,,,,0,,0,,0,,1,0,0,1,0,,,,0,1,0,0,,1,0,0,0,0,0,0,0,0,0,0,0,0,,,0,0,0,0,0,0,1,0,0,,,,,,1,,,,0,0,,,,0,2,0,,0,0,0,0,,0
map#c408735fd40a1de6,ef_obj_a300.mdl,ef_obj_a300.mdl,1,,,,1,,,,,,,,,-1,-1,,,,-1,,,,,,,,,,,,,,,,,,,,,,,-1,,,,,,,,-1,,,,,,,,,,,,,,,,,,,,,,,,,,,,,,,,,,,,,,,,0,0,0,0,0,,0,0,0,0,0,0,1,1,,0,,0,1,0,,0,,0,,,,,,0,,,,,0,,0,,0,,1,0,0,0,0,,,,0,1,0,0,,0,0,0,0,0,0,0,0,0,0,0,0,,,,0,0,,,,0,0,0,0,,,,,,0,,,,0,0,,,,0,1,0,,0,0,0,0,,0
map#c40ed31d2f03f7d9,ef_obj_n009.mdl,ob0010hou13_l1.mdl,1,,,,1,,,,,,,,,-1,,,,,,,,,,,,,,,,,,,-1,,,,,,,,,-1,,,-1,,,,,,,,,,,,,,,,,,,,,,,,,,,,-1,,,,,,,,,,,,,,,,,0,0,0,0,0,,0,0,0,0,0,0,1,0,,0,,0,0,0,,0,,0,,,,,,1,,,,,,,0,,0,,1,0,0,1,0,,,,0,0,0,0,,0,0,0,0,0,0,0,0,0,0,0,,,,,0,0,,,,0,1,0,0,0,,,,,0,,,,0,0,,,,,0,0,,0,0,,0,,0
map#c46f5db50ab6958e,mp3030.mdl,mp3030.mdl,1,,,,1,,,,,,,,,-1,-1,,-1,,,,,,,,,,,,,,,,,,,,,,,,,-1,-1,-1,,,,,,-1,-1,-1,,,,,,,,,,,,,,,,,,,,,-1,,,,,,,,-1,,,,-1,,,,,0,0,0,0,0,,0,0,0,0,0,0,1,1,,1,,0,0,0,,0,,0,,,,,,0,,,,,0,,0,,0,,1,1,1,0,0,,,,0,1,1,1,,0,0,0,0,0,0,0,0,0,0,0,0,0,,,0,0,0,0,0,0,1,0,0,,,,,,1,,,,1,0,,,,0,0,0,,0,0,0,0,,0
map#c47d215189b9e941,,ob6013hou00.mdl,1,,,,1,,,,,,,,,-1,-1,,,-1,,,,,,,,,,,,,,,,,,,,,,,,,,,-1,,,,,-1,,,,,,,,,,,,,,,,,,,,,,,-1,,,,,,,,-1,,,,-1,,,,,0,0,0,0,0,,0,0,0,0,0,0,1,1,,0,,1,0,0,,0,,0,,,,,,0,,,,,0,,0,,0,,0,0,0,1,0,,,,0,1,0,0,,0,0,0,0,0,0,0,0,0,0,0,0,0,,,0,0,0,0,0,0,1,0,0,,,,,,1,,,,1,0,,,0,0,2,0,,0,0,0,0,,0
map#c4a7036b78dc099e,equ0518.mdl,equ0518.mdl,1,,,,1,,,,,,,,,-1,,,,,,,,,,,,,,,,,,,,,,,,,,,,,,,-1,,,,,,,,,,,,,,,,,,,,,,,,,,,,-1,,,,,,,,,,,,,,,,,0,0,0,0,0,,0,0,0,0,0,0,1,0,,0,,0,0,0,,0,,0,,,,,,0,,,,,0,,0,,0,,0,0,0,1,0,,,,0,0,0,0,,0,0,0,0,0,0,0,0,0,0,0,0,0,,,0,0,0,0,0,0,1,0,0,,,,,,0,,,,0,0,,,,0,0,0,,0,0,0,0,,0
map#c4c1fcc110402b33,ef_obj_m013.mdl,mp0011_l1.mdl,1,,,,0,,,,,,,,,-1,,,,,,,,,,,,,,,,,,,,,,,,,,,,,,,,,,,,-1,,,,,,,,,,,,,,,,,,,,,,,-1,,,,,,,,-1,,,,,,,,,0,0,0,0,0,,0,0,0,0,0,0,1,0,,0,,0,0,0,,0,,0,,,,,,0,,,,,,,0,,0,,0,0,0,0,0,,,,0,1,0,0,,0,0,0,0,0,0,0,0,0,0,0,,,,,0,0,,,,0,1,0,0,0,,,,,1,,,,0,0,,,,,0,0,,0,0,,0,,0
map#c4e2d55c9aeb6c50,,mp6013.mdl,0,,1,1,1,,,,,,,,,-1,-1,,-1,,-1,,,,,,,,,,,,,,,,,,,,-1,,,-1,-1,-1,,,,,,-1,-1,-1,,,,,,,-1,,,-1,,,,,,,,,,,-1,,,,,,,,-1,,,,-1,,,,,0,0,0,0,0,,0,0,0,0,0,0,1,1,,1,,0,1,0,,0,,0,,,,,,0,,,,,0,,1,,0,,1,1,1,0,0,,,,0,1,1,1,,0,0,0,0,0,1,0,0,1,0,0,0,0,,,0,0,0,0,0,0,1,0,0,,0,,,,1,,,,1,0,,,0,0,0,0,,0,0,0,0,0,0
map#c54d645eafd76148,ob0010hou06.mdl,,0,1,,,1,,,,,,,,,-1,-1,,,,,,,,,-1,,,,,,,,,,,,,,,,,,-1,,,,,,,,-1,,,,,,,-1,,,,,,,,,,,,,,,,-1,,,,,,,,-1,,,,,,,,,0,0,0,0,0,,0,1,0,0,0,0,1,1,,0,,0,0,0,,0,,0,,,,,,0,,,,,0,,0,,0,,1,0,0,0,0,,,,0,1,0,0,,0,0,0,1,0,0,0,0,0,0,0,0,0,,,0,0,0,0,0,0,1,0,0,,,,,,1,,,,0,0,,,,0,2,0,,0,0,0,0,,0
map#c5f99c542a2b7dde,,ob0054obj60a.mdl,1,,,,0,,,,,,,,,-1,,,,,,,,,,-1,,,-1,,,,,,-1,,,,,,,,,,,,,,,,,,,,,,,,,,,,,,,,,,,-1,,,,,,,,,,,,,-1,,,,,,,,,0,0,0,0,0,,0,1,0,0,1,0,1,0,,0,,0,0,0,,0,,0,,,,,,1,,,,,0,,0,,0,,0,0,0,0,0,,,,0,0,0,0,,0,0,0,0,0,0,0,0,0,0,0,0,0,,,1,0,0,0,0,0,0,0,0,,0,,,,1,,,,0,0,,,0,0,0,0,,0,0,0,0,0,0
map#c606439556321de2,ef_obj_n009.mdl,ob6200hou02.mdl,0,,,,1,,,,,,,,,-1,-1,,,,,,,,,,,,,,,,,,,,,,,,,,,-1,-1,,,,,,,-1,-1,,,,,,,,,,,,,,,,,,,,,,-1,,,,,,,,-1,,,,-1,,,,,0,0,0,0,0,,0,0,0,0,0,0,1,1,,0,,0,0,0,,0,,0,,,,,,0,,,,,,,0,,0,,1,1,0,0,0,,,,0,1,1,0,,0,0,0,0,0,0,0,0,0,0,0,,,,,0,0,,,,0,1,0,0,0,,,,,1,,,,1,0,,,,,0,2,,0,0,,0,,0
map#c607e60db1644730,,ef_obj_q009.mdl,0,,,,0,-1,,,,,,,,-1,,,,,,,,,-1,,,,,,,,,,,,,,,,,,,,,,,,,,,,,,,,,,,,,,,,,,,,,-1,,,,,-1,,,,,,,,,,,,,-1,,,,1,0,0,0,0,,0,0,0,0,0,0,1,0,,0,,0,0,0,,0,,1,,,,,,0,,,,,0,,0,,0,,0,0,0,0,0,,,,0,0,0,0,,0,0,0,0,0,0,0,0,0,0,0,0,0,,,1,0,0,0,0,0,1,0,0,,,,,,0,,,,0,1,,,0,0,0,0,,0,0,0,0,0,0
map#c61260bd463a3954,ob0000rok00.mdl,ob0000rok00.mdl,1,,,,1,,,,,,,,,-1,-1,,-1,-1,-1,-1,,,,,,,,,,,,,,,,,,,-1,,,-1,-1,-1,,,,,,-1,-1,-1,,,,,,-1,,,,,-1,,,,,,-1,-1,-1,,-1,,,,,,,,-1,,,,-1,-1,,,,0,0,0,0,0,,0,0,0,0,0,0,1,1,,1,,1,1,1,,0,,0,,,,,,0,,,,,0,,1,,0,,1,1,1,0,0,,,,0,1,1,1,,0,0,0,0,1,0,0,0,0,0,1,0,0,,,0,0,1,1,1,0,1,0,0,,,,,,1,,,,1,1,,,,0,0,0,,0,0,0,0,,0
map#c6400d159fdbdfd9,ef_obj_n009.mdl,mp1061_01.mdl,0,,,,1,,,,,,,,,-1,,,,,,,,,,,,,,,,,,,,,,,,,,,,-1,,,,,,,,-1,,,,,,,,,,,,,,,,,,,,,,,-1,,,,,,,,-1,,,,,,,,,0,0,0,0,0,,0,0,0,0,0,0,1,0,,0,,0,0,0,,0,,0,,,,,,0,,,,,,,0,,0,,1,0,0,0,0,,,,0,1,0,0,,0,0,0,0,0,0,0,0,0,0,0,,,,,0,0,,,,0,1,0,0,0,,,,,1,,,,0,0,,,,,2,2,,0,0,,0,,0
map#c67a8b489edbe62e,mp4020_l1.mdl,mp4020_l1.mdl,1,,,,1,,,,,,,,,-1,,,,,,,,-1,,,,,,,,,,,,,,,,,,,,-1,,,,,,,,-1,,,,,,,,,,,,,,,,,,,,,,,-1,,,,,,,,-1,,,,,,,,,0,0,0,0,0,,0,0,0,0,0,0,1,0,,0,,0,0,0,,1,,0,,,,,,0,,,,,0,,0,,0,,1,0,0,0,0,,,,0,1,0,0,,0,0,0,0,0,0,0,0,0,0,0,0,0,,,0,0,0,0,0,0,1,0,0,,,,,,1,,,,0,0,,,,0,2,2,,0,0,0,0,,0
map#c6b97497e4ece9cb,,mp6300.mdl,0,,,,1,,,,,,,,,-1,,,,-1,,,,,,,,,,,,,,,,,,,,,,,,,,,,,,,-1,,,,,-1,,,,,,,,,,,,,,,,,,,-1,,,,,,,,,,,,,,,,,0,0,0,0,0,,0,0,0,0,0,0,1,0,,0,,1,0,0,,0,,0,,,,,,0,,,,,0,,0,,0,,0,0,0,0,0,,,,1,0,0,0,,1,0,0,0,0,0,0,0,0,0,0,0,0,,,0,0,0,0,0,0,1,0,0,,,,,,0,,,,0,0,,,,0,0,0,,0,0,0,0,,0
map#c71d34364e6b5b10,,ob_s06_001_l1.mdl,1,,,,1,,,,,,,,,-1,-1,,,,,,,,-1,,,,,,,,,,,,,,,,,,,-1,-1,,-1,,,,,-1,,,,,,,,,,,,,,,,,,,,,,,-1,,,,,,,,-1,,,,-1,,,,,0,0,0,0,0,,0,0,0,0,0,0,1,1,,0,,0,0,0,,0,,1,,,,,,0,,,,,0,,0,,0,,1,1,0,1,0,,,,0,1,0,0,,0,0,0,0,0,0,0,0,0,0,0,0,0,,,0,0,0,0,0,0,1,0,0,,,,,,1,,,,1,0,,,0,0,0,0,,0,0,0,0,0,0
map#c819178ed5b4ce2a,ob4061plt14.mdl,ob4061plt14.mdl,1,,,,1,-1,,,,,,,,-1,,,,,,,,,-1,,,,,,,,,,,,,,,,,,,,,,,,,,,,,,,,,,,,,,,,,,,,,,,,,,-1,-1,,,,,,,-1,,,,,,,,,1,0,0,0,0,,0,0,0,0,0,0,1,0,,0,,0,0,0,,0,,1,,,,,,0,,,,,0,,0,,0,,0,0,0,0,0,,,,0,0,0,0,,0,0,0,0,0,0,0,0,0,0,0,0,0,,,0,0,0,0,0,0,1,1,0,,,,,,1,,,,0,0,,,,0,0,0,,0,0,0,0,,0
map#c83b3e6166eb2d62,,ob5110hou00.mdl,1,,,,1,,,,,,,,,-1,,,,-1,,,,,,,,,,,,,,,-1,,,,-1,,,,,-1,,,-1,,,,,-1,,,,,,,,,,,,,,,-1,,,,,,,,-1,,,,,,,,-1,,,,,,,,,0,0,0,0,0,,0,0,0,0,0,0,1,0,,0,,1,0,0,,0,,0,,,,,,1,,,,,1,,0,,0,,1,0,0,1,0,,,,0,1,0,0,,0,0,0,0,0,0,0,0,0,0,0,0,1,,,0,0,0,0,0,0,1,0,0,,0,,,,1,,,,0,0,,,0,0,0,0,,0,0,0,0,0,0
map#c84b80873652f263,,ef_obj_a404.mdl,1,,,,1,,,,,,,,,-1,,,,-1,,,,,,,,,,,,,,,,,,,,,,,,-1,,,-1,,,,,-1,,,,,,,,,,,,,,,,,,,,,,,,,,,,,,,-1,,,,,,,,,0,0,0,0,0,,0,0,0,0,0,0,1,0,,0,,1,0,0,,0,,0,,,,,,0,,,,,0,,0,,0,,1,0,0,1,0,,,,0,1,0,0,,0,0,0,0,0,0,0,0,0,0,0,0,0,,,0,0,0,0,0,0,0,0,0,,0,,,,1,,,,0,0,,,0,0,0,0,,0,0,0,0,0,0
map#c88399c757843081,ob0010lig04.mdl,ob0063obj11b.mdl,1,,,,1,,,,,,,,,-1,,,,-1,,,,,,,,,,,,,,,-1,,,,,,,,,,,,,,,,,-1,,,,,,,,,,,,,,,,,,,,,,,-1,,,,,,,,,,,,,,,,,0,0,0,0,0,,0,0,0,0,0,0,1,0,,0,,1,0,0,,0,,0,,,,,,1,,,,,0,,0,,0,,0,0,0,0,0,,,,0,1,0,0,,0,0,0,0,0,0,0,0,0,0,0,0,0,,,0,0,0,0,0,0,1,0,0,,,,,,0,,,,0,0,,,,0,0,0,,0,0,0,0,,0
map#c8924305fb67201c,,mp0030.mdl,0,,1,,1,,,,,,,,,-1,-1,,,,,,,,,,,,,,,,,,,,,,,,,,,-1,,,,,,,,-1,,,,,,,,,-1,,,,,,,,,,,,,,-1,,,,,,,,-1,,,,-1,,,,,0,0,0,0,0,,0,0,0,0,0,0,1,1,,0,,0,0,0,,0,,0,,,,,,0,,,,,0,,0,,0,,1,0,0,0,0,,,,0,1,0,0,,0,0,0,0,0,1,0,0,0,0,0,0,0,,,0,0,0,0,0,0,1,0,0,,0,,,,1,,,,1,0,,,0,0,2,0,,0,0,0,0,0,0
map#c8970ca14525f3f7,,mp6100_01.mdl,1,,,,0,,,,,,,,,-1,,,,,,,,,,,,,,,,,,,-1,,,,,,,,,,,,,,,,,,,,,,,,,,,,,,,,,,,,,,,,-1,,,,,,,,-1,,,,,,,,,0,0,0,0,0,,0,0,0,0,0,0,1,0,,0,,0,0,0,,0,,0,,,,,,1,,,,,0,,0,,0,,0,0,0,0,0,,,,0,0,0,0,,0,0,0,0,0,0,0,0,0,0,0,0,0,,,0,0,0,0,0,0,1,0,0,,0,,,,1,,,,0,0,,,0,0,0,0,,0,0,0,0,0,0
map#c8c373b99bb427bf,,ob8500obj55.mdl,0,,,,0,,,,,,,,,-1,,,,-1,,,,,-1,,,,,,,,,,,,,,,,,,,,,,,,,,-1,,,,,,,,,,,,,,,,,,,,,,,,,,,,,,,,,,,,,-1,,,,0,0,0,0,0,,0,0,0,0,0,0,1,0,,0,,1,0,0,,0,,1,,,,,,0,,,,,0,,0,,0,,0,0,0,0,0,,,,1,0,0,0,,0,0,0,0,0,0,0,0,0,0,0,0,0,,,0,0,0,0,0,0,0,0,0,,0,,,,0,,,,0,1,,,0,0,0,0,,0,0,0,0,0,0
map#c8f6ceb39834808c,ef_obj_n009.mdl,,0,,,,1,,,,,,,,,-1,,,,,,,,,,,,,,,,,,,,,,,,,,,,-1,,,-1,,,,,-1,,,,,,,,,,,,,,,,,,,,,,,-1,,,,,,,,-1,,,,-1,,,,,0,0,0,0,0,,0,0,0,0,0,0,1,0,,0,,0,0,0,,0,,0,,,,,,0,,,,,,,0,,0,,1,0,0,1,0,,,,0,1,0,0,,0,0,0,0,0,0,0,0,0,0,0,,,,,0,0,,,,0,1,0,0,0,,,,,1,,,,1,0,,,,,2,2,,0,0,,0,,0
map#c91bb244e24d7921,ob4061obj17.mdl,ob4061obj17.mdl,1,,,,1,,,,,,,,,-1,,,,,,,,,,,,,,,,,,,,,,,,,,,,-1,,,,,,,,-1,,,,,,,,,,,,,,,,,,,,,,,-1,,,,,,,,,,,,,,,,,0,0,0,0,0,,0,0,0,0,0,0,1,0,,0,,0,0,0,,0,,0,,,,,,0,,,,,0,,0,,0,,1,0,0,0,0,,,,0,1,0,0,,0,0,0,0,0,0,0,0,0,0,0,0,0,,,0,0,0,0,0,0,1,0,0,,,,,,0,,,,0,0,,,,0,0,2,,0,0,0,0,,0
map#c938490da14fd126,mp1010_03.mdl,mp1010_03.mdl,1,,,,0,,,,,,,,,-1,-1,,,,,,,,,,,,,,,,,,,,,,,,,,,-1,,,,,,,,-1,,,,,,,,,,,,,,,,,,,,,,,-1,,,,,,,,-1,,,,-1,,,,,0,0,0,0,0,,0,0,0,0,0,0,1,1,,0,,0,0,0,,0,,0,,,,,,0,,,,,0,,0,,0,,1,0,0,0,0,,,,0,1,0,0,,0,0,0,0,0,0,0,0,0,0,0,0,0,,,0,0,0,0,0,0,1,0,0,,,,,,1,,,,1,0,,,,0,0,0,,0,0,0,0,,0
map#c9b3d5088d7fc825,ob0030hou03.mdl,,0,1,,,1,,,,,,,,,-1,,,,,,,,,,-1,,,,,,,,,,,,,,,,,,-1,,,,,,,,-1,,,,,,,-1,,,,,,,,,,,,,,,,-1,,,,,,,,-1,,,,,,,,,0,0,0,0,0,,0,1,0,0,0,0,1,0,,0,,0,0,0,,0,,0,,,,,,0,,,,,0,,0,,0,,1,0,0,0,0,,,,0,1,0,0,,0,0,0,1,0,0,0,0,0,0,0,0,0,,,0,0,0,0,0,0,1,0,0,,,,,,1,,,,0,0,,,,0,2,0,,0,0,0,0,,0
map#c9c0b622e975c3d0,ob_s05_021.mdl,ob_s05_021.mdl,0,,,,0,,,,,,,,,-1,,,,,,,,,,,,,,,,,,,,,,,,,,,,,,,,,,,,,,,,,,,,,,,,,,,,,,,,,,,-1,-1,-1,,,,,,,,,,-1,,,,,0,0,0,0,0,,0,0,0,0,0,0,1,0,,0,,0,0,0,,0,,0,,,,,,0,,,,,0,,0,,0,,0,0,0,0,0,,,,0,0,0,0,,0,0,0,0,0,0,0,0,0,0,0,0,0,,,0,0,0,0,0,0,1,1,1,,,,,,0,,,,1,0,,,,0,0,0,,0,0,0,0,,0
map#c9e365ba640366ed,ef_obj_a174.mdl,,1,,,,0,,,,,,,,,-1,,,,,,,,,,,,,,,,,,,,,,,,,,,,,,,,,,,,-1,,,,,,,,,,,,,,,,,,,,,,,-1,,,,,,,,-1,,,,,-1,,,,0,0,0,0,0,,0,0,0,0,0,0,1,0,,0,,0,0,0,,0,,0,,,,,,0,,,,,,,0,,0,,0,0,0,0,0,,,,0,1,0,0,,0,0,0,0,0,0,0,0,0,0,0,,,,,0,0,,,,0,1,0,0,0,,,,,1,,,,0,1,,,,,0,0,,0,0,,0,,0
map#ca2452c8d2bfea8f,ob0000sky00.mdl,,0,,,,0,,,,,,,,-1,-1,,,,,,,,,,-1,,,-1,,,,,,,,,,,,,,,,,,,,,,-1,,,,,,,,,,,,,,,,,,,,,,,,,,,,,,,,,,,,,,,,,0,0,0,0,0,,0,1,0,0,1,1,1,0,,0,,0,0,0,,0,,0,,,,,,0,,,,,0,,0,,0,,0,0,0,0,0,,,,1,0,0,0,,0,0,0,0,0,0,0,0,0,0,0,0,,,,0,0,,,,0,0,0,0,,,,,,0,,,,0,0,,,,0,0,0,,0,0,0,0,,0
map#ca25e4019fa88c9b,ef_obj_a257.mdl,ef_obj_a257.mdl,1,,,,0,,,,,,,,,-1,,,,,,,,,,,,,,,,,,,,,,,,,,,,-1,,,-1,,,,,-1,,,,,,,,,,,,,,,,,,,,,,,,,,,,,,,-1,,,,,,,,,0,0,0,0,0,,0,0,0,0,0,0,1,0,,0,,0,0,0,,0,,0,,,,,,0,,,,,0,,0,,0,,1,0,0,1,0,,,,0,1,0,0,,0,0,0,0,0,0,0,0,0,0,0,0,,,,0,0,,,,0,0,0,0,,,,,,1,,,,0,0,,,,0,0,0,,0,0,0,0,,0
map#ca4965cf15c7482c,ob3041hou02.mdl,ob3041hou02.mdl,1,,,,1,,,,,,,,,-1,-1,,-1,-1,,,,,,,,,,,,,,,,,,,,,,,,-1,,,,,,,,-1,,,,,,,,,,,,,,,,,,,,,,,-1,,,,,,,,,,,,-1,,,,,0,0,0,0,0,,0,0,0,0,0,0,1,1,,1,,1,0,0,,0,,0,,,,,,0,,,,,0,,0,,0,,1,0,0,0,0,,,,0,1,0,0,,0,0,0,0,0,0,0,0,0,0,0,0,0,,,0,0,0,0,0,0,1,0,0,,,,,,0,,,,1,0,,,,0,2,2,,0,0,0,0,,0
map#ca7dc670f4142452,mp0041_00.mdl,mp0041_00.mdl,0,0,1,2,0,,,,,,,,,-1,-1,,-1,,,,,,,,,,,,,,,,,,,,,,,,,,,,,,,,,,,,,,,,-1,,-1,,,-1,,,,,,,,,,,-1,,,,,,,,-1,,,,,,,,,0,0,0,0,0,,0,0,0,0,0,0,1,1,,1,,0,0,0,,0,,0,,,,,,0,,,,,,,0,,0,,0,0,0,0,0,,,,0,0,0,0,,0,0,0,1,0,1,0,0,1,0,0,0,,,,0,0,,,,0,1,0,0,,,,,,1,,,,0,0,,,,0,0,0,,0,0,0,0,,0
map#cab1671300f9540e,,mp1051.mdl,1,1,1,,1,,,,,,,,,-1,-1,,-1,-1,,,,,,,,,,,,,,,,,,,,,,,,-1,-1,-1,,,,,,-1,-1,-1,,,,,-1,,-1,,,,,,,,,,,,,,-1,,,,,,,,-1,,,,-1,,,,,0,0,0,0,0,,0,0,0,0,0,0,1,1,,1,,1,0,0,,0,,0,,,,,,0,,,,,0,,0,,0,,1,1,1,0,0,,,,0,1,1,1,,0,0,0,1,0,1,0,0,0,0,0,0,0,,,0,0,0,0,0,0,1,0,0,,0,,,,1,,,,1,0,,,0,0,0,0,,0,0,0,0,0,0
map#caec3fa3f6e49cd1,,ob5500evt01.mdl,0,,,,1,,,,,,,,,-1,,,,-1,,,,-1,,,,,,,,,,,-1,,,,,,,,,,,,,,,,,,,,,-1,,,,,,,,,,,,,,,,,,,,,,,,,,,,,,,,,,,,0,0,0,0,0,,0,0,0,0,0,0,1,0,,0,,1,0,0,,1,,0,,,,,,1,,,,,0,,0,,0,,0,0,0,0,0,,,,0,0,0,0,,1,0,0,0,0,0,0,0,0,0,0,0,0,,,0,0,0,0,0,0,0,0,0,,0,,,,0,,,,0,0,,,0,0,0,0,,0,0,0,0,0,0
map#cb08772e5897c744,,mp8500.mdl,1,,,,1,,,,,,,,,-1,-1,,,,,,,,,,,,,,,,,,,,,,,,,,,-1,,,-1,,,,,-1,,,,,,,,,,,,,,,,,,,,,,,-1,,,,,,,,-1,,,,,,,,,0,0,0,0,0,,0,0,0,0,0,0,1,1,,0,,0,0,0,,0,,0,,,,,,0,,,,,0,,0,,0,,1,0,0,1,0,,,,0,1,0,0,,0,0,0,0,0,0,0,0,0,0,0,0,0,,,0,0,0,0,0,0,1,0,0,,0,,,,1,,,,0,0,,,0,0,1,0,,0,0,0,0,0,0
map#cb2ee80202592ebd,ef_obj_n009.mdl,,0,,,,1,,,,,,,,,-1,-1,,,,,,,,,,,,,,,,,,,,,,,,,,,-1,,,-1,,,,,,,,,,,,,,,,,,,,,,,,,,,,-1,,,,,,,,-1,,,,-1,,,,,0,0,0,0,0,,0,0,0,0,0,0,1,1,,0,,0,0,0,,0,,0,,,,,,0,,,,,,,0,,0,,1,0,0,1,0,,,,0,0,0,0,,0,0,0,0,0,0,0,0,0,0,0,,,,,0,0,,,,0,1,0,0,0,,,,,1,,,,1,0,,,,,2,2,,0,0,,0,,0
map#cb7eab881eff9f22,ob0000plt22.mdl,ob0000plt22.mdl,1,,,,0,-1,,,,,,,,-1,,,,,,,,,,,,,,,,,,,,,,,,,,,,,,,,,,,,,,,,,,,,,,,,,,,,,,,,,,,-1,,,,,,,,,,,,,,,,,1,0,0,0,0,,0,0,0,0,0,0,1,0,,0,,0,0,0,,0,,0,,,,,,0,,,,,0,,0,,0,,0,0,0,0,0,,,,0,0,0,0,,0,0,0,0,0,0,0,0,0,0,0,0,,,,0,0,,,,0,1,0,0,,,,,,0,,,,0,0,,,,0,0,0,,0,0,0,0,,0
map#cbe1c08477f911a2,,ob5001obj00.mdl,0,,,,0,,,,,,,,,-1,,,,,,,,,,,,,,,,,,,,,,,,,,,,,,,,,,,,,,,,,,,,,,,,,,,-1,,,,,,,,,,,,,,,,,,,,,,,,,0,0,0,0,0,,0,0,0,0,0,0,1,0,,0,,0,0,0,,0,,0,,,,,,0,,,,,0,,0,,0,,0,0,0,0,0,,,,0,0,0,0,,0,0,0,0,0,0,0,0,0,0,0,0,1,,,0,0,0,0,0,0,0,0,0,,,,,,0,,,,0,0,,,0,0,1,0,,0,0,0,0,,0
map#cc14782e0249cc3c,mp0013.mdl,mp0013.mdl,0,,,,0,,,,,,,,-1,-1,,,,,,,,,,,,,,,,,,,,,,,,,,,,,,,,,,,,,,,,,,,,,,,,,,,,,,,,,,,,,,,,,,,,,,,,,,,,0,0,0,0,0,,0,0,0,0,0,1,1,0,,0,,0,0,0,,0,,0,,,,,,0,,,,,0,,0,,0,,0,0,0,0,0,,,,0,0,0,0,,0,0,0,0,0,0,0,0,0,0,0,0,0,,,0,0,0,0,0,0,0,0,0,,,,,,0,,,,0,0,,,,0,0,0,,0,0,0,0,,0
map#cc4affa03588704f,a0400.mdl,a0400.mdl,0,,,,1,,,,,,,,,-1,-1,,-1,,,,,-1,,,,,,,,,,,,,,,,,,,,-1,-1,-1,,,,,,-1,-1,-1,,,,,,,,,,,,,,,,,,,,,,,,,,,,,-1,,,,-1,,,,,0,0,0,0,0,,0,0,0,0,0,0,1,1,,1,,0,0,0,,1,,0,,,,,,0,,,,,,,0,,0,,1,1,1,0,0,,,,0,1,1,1,,0,0,0,0,0,0,0,0,0,0,0,,,,,0,0,,,,0,0,0,0,0,,,,,1,,,,1,0,,,,,0,0,,0,0,,0,,0
map#cc5ad9a710aa9448,,ob5500obj04.mdl,0,,,,1,,,,,,,,,-1,,,,,-1,,,-1,,-1,,,-1,,,,,,-1,,,,,,,,,,,,,,,,-1,,,,,,,,,,,,,,,,,,,,,,,,,,,,,,,,,,,,,,,,,0,0,0,0,0,,0,1,0,0,1,0,1,0,,0,,0,1,0,,1,,0,,,,,,1,,,,,0,,0,,0,,0,0,0,0,0,,,,1,0,0,0,,0,0,0,0,0,0,0,0,0,0,0,0,0,,,0,0,0,0,0,0,0,0,0,,,,,,0,,,,0,0,,,,0,1,0,,0,0,0,0,,0
map#cc70b4b03fb14d26,ob0010lig06.mdl,,1,,,,1,,,,,,,,,-1,,,,-1,,,,,,,,,,,,,,,-1,,,,-1,,,,,,,,,,,,,,,,,,,,,,,,,,,,,,,,,,,,,,,,,,,,,,,,,,,,,0,0,0,0,0,,0,0,0,0,0,0,1,0,,0,,1,0,0,,0,,0,,,,,,1,,,,,1,,0,,0,,0,0,0,0,0,,,,0,0,0,0,,0,0,0,0,0,0,0,0,0,0,0,0,,,,0,0,,,,0,0,0,0,,,,,,0,,,,0,0,,,,0,0,0,,0,0,0,0,,0
map#cc7827527c67a812,mp1010_01.mdl,mp1010_01.mdl,1,,,,1,,,,,,,,,-1,,,,-1,,,,,,,,,,,,,,,,,,,,,,,,-1,,,,,,,,,,,,,,,,,,,,,,,,,,,,,,,-1,,,,,,,,-1,,,,,,,,,0,0,0,0,0,,0,0,0,0,0,0,1,0,,0,,1,0,0,,0,,0,,,,,,0,,,,,0,,0,,0,,1,0,0,0,0,,,,0,0,0,0,,0,0,0,0,0,0,0,0,0,0,0,0,0,,,0,0,0,0,0,0,1,0,0,,,,,,1,,,,0,0,,,,0,0,0,,0,0,0,0,,0
map#cc8f3f01cfe04ca1,ob3010hou16.mdl,,1,,,,0,,,,,,,,,-1,,,,,,,,,,,,,,,,,,,,,,,,,,,,-1,,,,,,,,-1,,,,,,,,,,,,,,,,,,,,,,,-1,,,,,,,,-1,,,,,,,,,0,0,0,0,0,,0,0,0,0,0,0,1,0,,0,,0,0,0,,0,,0,,,,,,0,,,,,0,,0,,0,,1,0,0,0,0,,,,0,1,0,0,,0,0,0,0,0,0,0,0,0,0,0,0,0,,,0,0,0,0,0,0,1,0,0,,,,,,1,,,,0,0,,,,0,2,0,,0,0,0,0,,0
map#ccd107396ae14f9f,,mp0010.mdl,0,1,1,,1,,,,,,,,,-1,-1,,,,,,,,,,,,,,,,,,,,,,,,,,,-1,-1,,,,,,,-1,,,,,,,-1,,-1,,,,,,,,,,,,,,-1,,,,,,,,,,,,-1,,,,,0,0,0,0,0,,0,0,0,0,0,0,1,1,,0,,0,0,0,,0,,0,,,,,,0,,,,,0,,0,,0,,1,1,0,0,0,,,,0,1,0,0,,0,0,0,1,0,1,0,0,0,0,0,0,0,,,0,0,0,0,0,0,1,0,0,,0,,,,0,,,,1,0,,,0,0,0,0,,0,0,0,0,0,0
map#cd06a8fb0e78a012,,mp6100_01.mdl,1,,,,1,,,,,,,,,-1,,,,,,,,,-1,,,,,,,,,,,,,,,,,,,-1,,,-1,,,,,,,,,,,,,,,,,,,,,,,,,,,,,,,,,,,,,,,,,,,,,0,0,0,0,0,,0,0,0,0,0,0,1,0,,0,,0,0,0,,0,,1,,,,,,0,,,,,0,,0,,0,,1,0,0,1,0,,,,0,0,0,0,,0,0,0,0,0,0,0,0,0,0,0,0,0,,,0,0,0,0,0,0,0,0,0,,0,,,,0,,,,0,0,,,0,0,0,0,,0,0,0,0,0,0
map#cd6a18a69ed94663,,ob5110obj08.mdl,1,,,,0,-1,,,,,,,,-1,,,,-1,,,,,,-1,,,-1,,,,,,-1,,,,,,,,,,,,,,,,,,,,,,,,,,,,,,,,,,,,,,,,,,,,,,,,,,,,,-1,,,,1,0,0,0,0,,0,1,0,0,1,0,1,0,,0,,1,0,0,,0,,0,,,,,,1,,,,,0,,0,,0,,0,0,0,0,0,,,,0,0,0,0,,0,0,0,0,0,0,0,0,0,0,0,0,0,,,0,0,0,0,0,0,0,0,0,,0,,,,0,,,,0,1,,,0,0,0,0,,0,0,0,0,0,0
map#cd8326bae5fa16c5,ef_obj_a001.mdl,ef_obj_a369.mdl,1,,,,1,,,,,,,,,-1,,,,-1,,,,,,,,,,,,,,,,,,,,,,,,-1,,,,,,,,-1,,,,,,,,,,,,,,,,,,,,,,,-1,,,,,,,,-1,,,,,-1,,,,0,0,0,0,0,,0,0,0,0,0,0,1,0,,0,,1,0,0,,0,,0,,,,,,0,,,,,0,,0,,0,,1,0,0,0,0,,,,0,1,0,0,,0,0,0,0,0,0,0,0,0,0,0,0,,,,0,0,,,,0,1,0,0,,,,,,1,,,,0,1,,,,0,0,0,,0,0,0,0,,0
map#cd979b0ee43c7116,ob3010obj96.mdl,ob3010obj96.mdl,1,,,,1,-1,,,,,,,,-1,,,,,,,,,,,,,,,,,,,,,,,,,,,,-1,,,-1,,,,,-1,,,,,,,,,,,,,,,,,,,,,,,-1,,,,,,,,,,,,,,,,,1,0,0,0,0,,0,0,0,0,0,0,1,0,,0,,0,0,0,,0,,0,,,,,,0,,,,,0,,0,,0,,1,0,0,1,0,,,,0,1,0,0,,0,0,0,0,0,0,0,0,0,0,0,0,0,,,0,0,0,0,0,0,1,0,0,,,,,,0,,,,0,0,,,,0,0,0,,0,0,0,0,,0
map#cdbdf86e371ffcfe,,ob2051plt00_l1.mdl,0,,,,1,-1,,,,,,,,-1,,,,,,,,,-1,,-1,,,,,,,,,,,,,,,,,-1,,,,,,,,-1,,,,,,,,,,,,,,,,,,-1,,,,,-1,,,,,,,,,,,,,-1,,,,1,0,0,0,0,,0,0,1,0,0,0,1,0,,0,,0,0,0,,0,,1,,,,,,0,,,,,0,,0,,0,,1,0,0,0,0,,,,0,1,0,0,,0,0,0,0,0,0,0,0,0,0,0,0,0,,,1,0,0,0,0,0,1,0,0,,0,,,,0,,,,0,1,,,0,0,0,0,,0,0,0,0,0,0
map#cdccac0fa3da3b6b,mp8020.mdl,,1,,,,1,,,,,,,,,-1,-1,,,,-1,,,,,,,,,,,,,,-1,,,,,,,,,-1,,,-1,,,,-1,-1,,,,,,,,,,,,,,,,,,,,,,,,,,,,,,,-1,,,,-1,,,,,0,0,0,0,0,,0,0,0,0,0,0,1,1,,0,,0,1,0,,0,,0,,,,,,1,,,,,0,,0,,0,,1,0,0,1,0,,,,1,1,0,0,,0,0,0,0,0,0,0,0,0,0,0,0,0,,,0,0,0,0,0,0,0,0,0,,,,,,1,,,,1,0,,,,0,0,0,,0,0,0,0,,0
map#ce305c91637dbeba,ef_obj_n009.mdl,,0,,,,1,,,,,,,,,-1,,,,,,,,,,,,,,,,,,,,,,,,,,,,-1,,,,,,,,-1,,,,,,,,,,,,,,,,,,,,,,,-1,,,,,,,,,,,,,,,,,0,0,0,0,0,,0,0,0,0,0,0,1,0,,0,,0,0,0,,0,,0,,,,,,0,,,,,,,0,,0,,1,0,0,0,0,,,,0,1,0,0,,0,0,0,0,0,0,0,0,0,0,0,,,,,0,0,,,,0,1,0,0,0,,,,,0,,,,0,0,,,,,2,2,,0,0,,0,,0
map#ce30c81e6b8c52bf,mp3043_01.mdl,mp3043_01.mdl,1,,1,,1,,,,,,,,,-1,-1,,,,,,,,,,,,,,,,,,,,,,,,,,,-1,,,,,,,,-1,,,,,,,,,-1,,,,,,,,,,,,,,-1,,,,,,,,-1,,,,-1,,,,,0,0,0,0,0,,0,0,0,0,0,0,1,1,,0,,0,0,0,,0,,0,,,,,,0,,,,,0,,0,,0,,1,0,0,0,0,,,,0,1,0,0,,0,0,0,0,0,1,0,0,0,0,0,0,0,,,0,0,0,0,0,0,1,0,0,,,,,,1,,,,1,0,,,,0,0,0,,0,0,0,0,,0
map#ce3cd9fb930d5b95,ob2072obj08.mdl,ob2072obj08.mdl,1,,,,1,,,,,,,,,-1,,,,,,,,,,,,,,,,,,,,,,,,,,,,-1,,,-1,,,,,-1,,,,,,,,,,,,,,,,,,,,,,,-1,,-1,,,,,,-1,,,,,,,,,0,0,0,0,0,,0,0,0,0,0,0,1,0,,0,,0,0,0,,0,,0,,,,,,0,,,,,0,,0,,0,,1,0,0,1,0,,,,0,1,0,0,,0,0,0,0,0,0,0,0,0,0,0,0,0,,,0,0,0,0,0,0,1,0,1,,,,,,1,,,,0,0,,,,0,0,0,,0,0,0,0,,0
map#ce516c84659d0a6c,,ob6100rok01_l1.mdl,1,2,0,,1,,,,,,,,,-1,-1,,-1,,,-1,,,,,,,,,,,,,,,,,,,-1,,,-1,-1,-1,,,,,,-1,-1,-1,,,,,-1,,-1,,,,-1,,,,,,,,,,-1,,,,,,,,-1,,,,-1,-1,,,,0,0,0,0,0,,0,0,0,0,0,0,1,1,,1,,0,0,1,,0,,0,,,,,,0,,,,,0,,1,,0,,1,1,1,0,0,,,,0,1,1,1,,0,0,0,1,0,1,0,0,0,0,1,0,0,,,0,0,0,0,0,0,1,0,0,,,,,,1,,,,1,1,,,,0,0,0,,0,0,0,0,,0
map#ce57ce3705d5dfff,mp2010.mdl,mp2010.mdl,0,,,,1,-1,,,,,,,,-1,,,,,,,,,,,,,,,,,,,,,,,,,,,,,,,-1,,,,,-1,,,,,,,,,,,,,,,,,,,,,,,-1,,,,,,,,-1,,,,,,,,,1,0,0,0,0,,0,0,0,0,0,0,1,0,,0,,0,0,0,,0,,0,,,,,,0,,,,,0,,0,,0,,0,0,0,1,0,,,,0,1,0,0,,0,0,0,0,0,0,0,0,0,0,0,0,0,,,0,0,0,0,0,0,1,0,0,,,,,,1,,,,0,0,,,,0,0,0,,0,0,0,0,,0
map#ce671fb6853fd1f2,mp3061_02.mdl,mp3061_02.mdl,1,,,,0,,,,,,,,,-1,,,,-1,,,,,,,,,,,,,,,,,,,,,,,,-1,,,-1,,,,,,,,,,,,,,,,,,,,,,,,,,,,,,,,,,,,,,,,,,,,,0,0,0,0,0,,0,0,0,0,0,0,1,0,,0,,1,0,0,,0,,0,,,,,,0,,,,,0,,0,,0,,1,0,0,1,0,,,,0,0,0,0,,0,0,0,0,0,0,0,0,0,0,0,0,0,,,0,0,0,0,0,0,0,0,0,,,,,,0,,,,0,0,,,,0,0,0,,0,0,0,0,,0
map#ce770874696368af,ob4020evt01.mdl,ob4020evt01.mdl,1,,,,1,,,,,,,,,-1,,,,-1,,,,-1,,,,,,,,,,,,,,,,,,,,,,,-1,,,,,,,,,,,,,,,,,,,,,,,,,,,,-1,,,,,,,,-1,,,,,,,,,0,0,0,0,0,,0,0,0,0,0,0,1,0,,0,,1,0,0,,1,,0,,,,,,0,,,,,0,,0,,0,,0,0,0,1,0,,,,0,0,0,0,,0,0,0,0,0,0,0,0,0,0,0,0,0,,,0,0,0,0,0,0,1,0,0,,,,,,1,,,,0,0,,,,0,0,0,,0,0,0,0,,0
map#ced6465b6c136984,,mp8000.mdl,1,,,,1,,,,,,,,,-1,,,,-1,-1,,,,,,,,,,,,,,-1,,,,,,,,,-1,,,,,,,-1,-1,,,,,,,,,,,,,,,,,,,,,,,-1,,,,,,,,-1,,,,,-1,,,,0,0,0,0,0,,0,0,0,0,0,0,1,0,,0,,1,1,0,,0,,0,,,,,,1,,,,,0,,0,,0,,1,0,0,0,0,,,,1,1,0,0,,0,0,0,0,0,0,0,0,0,0,0,0,0,,,0,0,0,0,0,0,1,0,0,,0,,,,1,,,,0,1,,,0,0,0,0,,0,0,0,0,0,0
map#cedc8e6d09f6a61b,mp1010_05.mdl,mp1010_05.mdl,1,,,,1,,,,,,,,,-1,-1,,-1,,,,,,,,,,,,,,,,,,,,,,,,,,-1,,,,,,,,-1,,,,,,,,,,,,,,,,,,,,,,-1,,,,,,,,-1,,,,-1,,,,,0,0,0,0,0,,0,0,0,0,0,0,1,1,,1,,0,0,0,,0,,0,,,,,,0,,,,,0,,0,,0,,0,1,0,0,0,,,,0,0,1,0,,0,0,0,0,0,0,0,0,0,0,0,0,0,,,0,0,0,0,0,0,1,0,0,,,,,,1,,,,1,0,,,,0,0,0,,0,0,0,0,,0
map#cefb2a679d991a61,,mp8300_01.mdl,1,,,,1,,,,,,,,,-1,,,,,,,,,-1,,,,,,,,,,,,,,,,,,,,,,-1,,,,,-1,,,,,,,,,,,,,,,,,,,,,,,-1,,,,,,,,-1,,,,,,,,,0,0,0,0,0,,0,0,0,0,0,0,1,0,,0,,0,0,0,,0,,1,,,,,,0,,,,,0,,0,,0,,0,0,0,1,0,,,,0,1,0,0,,0,0,0,0,0,0,0,0,0,0,0,0,0,,,0,0,0,0,0,0,1,0,0,,0,,,,1,,,,0,0,,,0,0,0,0,,0,0,0,0,0,0
map#cf4ee4a2a1671db5,ob2072obj17a.mdl,ob2072obj17a.mdl,1,,,,1,,,,,,,,,-1,,,,,,,,,-1,,,,,,,,,,,,,,,,,,,,,,,,,,,-1,,,,,,,,,,,,,,,,,,,,,,,-1,,,,,,,,-1,,,,,-1,,,,0,0,0,0,0,,0,0,0,0,0,0,1,0,,0,,0,0,0,,0,,1,,,,,,0,,,,,0,,0,,0,,0,0,0,0,0,,,,0,1,0,0,,0,0,0,0,0,0,0,0,0,0,0,0,0,,,0,0,0,0,0,0,1,0,0,,,,,,1,,,,0,1,,,,0,0,0,,0,0,0,0,,0
map#cf5bfc423553ce41,,ob1010evt11.mdl,1,,,,0,,,,,,,,,-1,,,,-1,,,,,-1,,,,,,,,,,,,,,,,,,,,,,-1,,,,,,,,,,,,,,,,,,,,,,,,,,,,,,,,,,,,,,,,,,,,,0,0,0,0,0,,0,0,0,0,0,0,1,0,,0,,1,0,0,,0,,1,,,,,,0,,,,,0,,0,,0,,0,0,0,1,0,,,,0,0,0,0,,0,0,0,0,0,0,0,0,0,0,0,0,0,,,0,0,0,0,0,0,0,0,0,,0,,,,0,,,,0,0,,,0,0,0,0,,0,0,0,0,0,0
map#cf6d950928af09c0,,ob_e12_002b.mdl,1,,,,0,,,,,,,,,-1,-1,,-1,,,,,,,,,,,,,,,,,,,,,,,,,,,,,,,,,,,,,,,,,,,,,,,,,,,,,,,,,,,,,,,,,,,,-1,,,,,0,0,0,0,0,,0,0,0,0,0,0,1,1,,1,,0,0,0,,0,,0,,,,,,0,,,,,0,,0,,0,,0,0,0,0,0,,,,0,0,0,0,,0,0,0,0,0,0,0,0,0,0,0,0,0,,,0,0,0,0,0,0,0,0,0,,,,,,0,,,,1,0,,,,0,0,1,,0,0,0,0,,0
map#d0455a35ac2434c0,,mp0041.mdl,0,,,,1,,,,,,,,,-1,,,,,,,,,,,,,,,,,,,,,,,,,,,,-1,,,-1,,,,,-1,,,,,,,,,,,,,,,,,,,,,,,-1,,,,,,,,-1,,,,-1,,,,,0,0,0,0,0,,0,0,0,0,0,0,1,0,,0,,0,0,0,,0,,0,,,,,,0,,,,,0,,0,,0,,1,0,0,1,0,,,,0,1,0,0,,0,0,0,0,0,0,0,0,0,0,0,0,0,,,0,0,0,0,0,0,1,0,0,,,,,,1,,,,1,0,,,0,0,0,0,,0,0,0,0,0,0
map#d0f0d099e0eee329,ef_obj_a075.mdl,,1,,,,0,,,,,,,,,-1,,,,-1,,,,,-1,,,,,,,,,,-1,,,,,,,,,,,,,,,,,,,,,,,,,,,,,,,,,,,,,,,,-1,,,,,,,,,,,,,,,,,0,0,0,0,0,,0,0,0,0,0,0,1,0,,0,,1,0,0,,0,,1,,,,,,1,,,,,,,0,,0,,0,0,0,0,0,,,,0,0,0,0,,0,0,0,0,0,0,0,0,0,0,0,,,,,0,0,,,,0,1,0,0,0,,,,,0,,,,0,0,,,,,0,0,,0,0,,0,,0
map#d0f87da7542ec9e2,mp0010_02.mdl,mp0010_02.mdl,0,,,,1,,,,,,,,,-1,-1,,-1,-1,,,,,,,,,,,,,,,,,,,,,-1,,,-1,-1,,,,,,,,-1,,,,,,,,,,,,,,,,,,,,,,-1,,,,,,,,-1,,,,-1,,,,,0,0,0,0,0,,0,0,0,0,0,0,1,1,,1,,1,0,0,,0,,0,,,,,,0,,,,,0,,1,,0,,1,1,0,0,0,,,,0,0,1,0,,0,0,0,0,0,0,0,0,0,0,0,0,0,,,0,0,0,0,0,0,1,0,0,,,,,,1,,,,1,0,,,,0,0,0,,0,0,0,0,,0
map#d1200fc25f830409,ob4010plt12_l1.mdl,ob4010plt12_l1.mdl,0,,,,0,-1,,,,,,,,-1,,,,-1,,,,,-1,,,,,,,,,,,,,,,,,,,-1,,,,,,,,-1,,,,,,,,,,,,,,,,,,,,,,,-1,,,,,,,,,,,,,-1,,,,1,0,0,0,0,,0,0,0,0,0,0,1,0,,0,,1,0,0,,0,,1,,,,,,0,,,,,0,,0,,0,,1,0,0,0,0,,,,0,1,0,0,,0,0,0,0,0,0,0,0,0,0,0,0,0,,,0,0,0,0,0,0,1,0,0,,,,,,0,,,,0,1,,,,0,0,0,,0,0,0,0,,0
map#d1ec51d8faac1f83,ob0010hou15.mdl,ob0010hou15.mdl,0,,,,1,,,,,,,,-1,-1,,,,-1,,,,,,,,,,,,,,,,,,,,,,,,,,,,,,,-1,,,,,,,,,,,,,,,,,,,,,,,,,,,,,,,,,,,,,,,,,0,0,0,0,0,,0,0,0,0,0,1,1,0,,0,,1,0,0,,0,,0,,,,,,0,,,,,0,,0,,0,,0,0,0,0,0,,,,1,0,0,0,,0,0,0,0,0,0,0,0,0,0,0,0,0,,,0,0,0,0,0,0,0,0,0,,,,,,0,,,,0,0,,,,0,0,0,,0,0,0,0,,0
map#d23c2271cef0e645,,ob2051evt00.mdl,0,,,,1,,,,,,,,,-1,-1,,,,,,,,,,,,,,,,,,,,,,,,,,,-1,,,,,,,,-1,,,,,,,,,,,,,,,,,,,,,,,-1,,,,,,,,,,,,,,,,,0,0,0,0,0,,0,0,0,0,0,0,1,1,,0,,0,0,0,,0,,0,,,,,,0,,,,,0,,0,,0,,1,0,0,0,0,,,,0,1,0,0,,0,0,0,0,0,0,0,0,0,0,0,0,0,,,0,0,0,0,0,0,1,0,0,,0,,,,0,,,,0,0,,,0,0,0,0,,0,0,0,0,0,0
map#d28cccfc8f22904e,ef_obj_a136.mdl,,0,,,,1,,,,,,,,,-1,-1,,-1,,,,,-1,,,,,,,,,,,,,,,,,,,,-1,-1,-1,,,,,,-1,-1,-1,,,-1,,,,,,,,,,,,,,,,,,-1,,,,,,,,-1,,,,-1,,,,,0,0,0,0,0,,0,0,0,0,0,0,1,1,,1,,0,0,0,,1,,0,,,,,,0,,,,,,,0,,0,,1,1,1,0,0,,,,0,1,1,1,,0,1,0,0,0,0,0,0,0,0,0,,,,,0,0,,,,0,1,0,0,0,,,,,1,,,,1,0,,,,,0,0,,0,0,,0,,0
map#d2c8cc1c09964522,,mp5310_05.mdl,1,,,,0,,,,,,,,,-1,-1,,-1,,,,,,,,,,,,,,,,-1,,,,-1,,,,,,-1,,,,,,-1,,,,,,,,,,,,,,,,,,,,,,,,,,,,,,,,,,,,-1,-1,,,,0,0,0,0,0,,0,0,0,0,0,0,1,1,,1,,0,0,0,,0,,0,,,,,,1,,,,,1,,0,,0,,0,1,0,0,0,,,,1,0,0,0,,0,0,0,0,0,0,0,0,0,0,0,0,0,,,0,0,0,0,0,0,0,0,0,,,,,,0,,,,1,1,,,,0,1,0,,0,0,0,0,,0
map#d2e35ff887043266,ob0000sky07.mdl,,0,,,,0,,,-1,,,,,,-1,,,,-1,,,,,,,,,,,,,,,,,,,,,,,,,,,,,,,-1,,,,,,,,,,,,,,,,,,,,,,,,,,,,,,,,,,,,,,,,,0,0,1,0,0,,0,0,0,0,0,0,1,0,,0,,1,0,0,,0,,0,,,,,,0,,,,,0,,0,,0,,0,0,0,0,0,,,,1,0,0,0,,0,0,0,0,0,0,0,0,0,0,0,0,0,,,0,0,0,0,0,0,0,0,0,,,,,,0,,,,0,0,,,,0,0,0,,0,0,0,0,,0
map#d303cb8d9be3a335,etc1000.mdl,etc1000.mdl,0,,,,0,,,,,,,,,-1,,,,,,,,,-1,,,,,,,,,,,,,,,,,,,,,,,,,,,-1,,,,,,,,,,,,,,,,,,,,,,,-1,,,,,,,,,,,,,,,,,0,0,0,0,0,,0,0,0,0,0,0,1,0,,0,,0,0,0,,0,,1,,,,,,0,,,,,0,,0,,0,,0,0,0,0,0,,,,0,1,0,0,,0,0,0,0,0,0,0,0,0,0,0,0,0,,,0,0,0,0,0,0,1,0,0,,,,,,0,,,,0,0,,,,0,0,0,,0,0,0,0,,0
map#d32d3ef5c7c92926,,ob6010kmo03.mdl,1,,,,1,,,,,,,,,-1,,,,,,,,,,,,,,,,,,,,,,,,,-1,,,-1,,,,,,,,-1,,,,-1,,,,,,,,,,,,,,,,,,,-1,,,,,,,,-1,,,,,-1,,,,0,0,0,0,0,,0,0,0,0,0,0,1,0,,0,,0,0,0,,0,,0,,,,,,0,,,,,0,,1,,0,,1,0,0,0,0,,,,0,1,0,0,,1,0,0,0,0,0,0,0,0,0,0,0,0,,,0,0,0,0,0,0,1,0,0,,0,,,,1,,,,0,1,,,0,0,2,0,,0,0,0,0,0,0
map#d39c26a35f29c519,mp3051.mdl,mp3051.mdl,0,,1,,1,,,,,,,,,-1,-1,,-1,,,,,,,,,,,,,,,,,,,,,,-1,,,-1,-1,,,,,,,-1,-1,,,-1,,,,,-1,,,,,,,,,,,,,,-1,,,,,,,,-1,,,,-1,,,,,0,0,0,0,0,,0,0,0,0,0,0,1,1,,1,,0,0,0,,0,,0,,,,,,0,,,,,0,,1,,0,,1,1,0,0,0,,,,0,1,1,0,,1,0,0,0,0,1,0,0,0,0,0,0,0,,,0,0,0,0,0,0,1,0,0,,,,,,1,,,,1,0,,,,0,0,0,,0,0,0,0,,0
map#d3ac6bb3f3d26ab0,,ob6010obj01.mdl,1,1,1,,1,,,,,,,,,-1,-1,,,-1,,,,,,,,,,,,,,,,,,,,,,,,-1,-1,,,,,,,-1,-1,,,,,,-1,,-1,,,,,,,,,,,,,,-1,,,,,,,,,,,,-1,,,,,0,0,0,0,0,,0,0,0,0,0,0,1,1,,0,,1,0,0,,0,,0,,,,,,0,,,,,0,,0,,0,,1,1,0,0,0,,,,0,1,1,0,,0,0,0,1,0,1,0,0,0,0,0,0,0,,,0,0,0,0,0,0,1,0,0,,,,,,0,,,,1,0,,,0,0,0,0,,0,0,0,0,,0
map#d3e49d76e6951a75,mp0052_01.mdl,ef_obj_o024.mdl,0,,,,0,,,,,,,,,-1,,,,,,,,,,,,,,,,,,,,,,,,,,,,,,,,,,,,,,,,,,,,,,,,,,,,,,,,,,-1,,,,,,,,,,,,,,,,,,0,0,0,0,0,,0,0,0,0,0,0,1,0,,0,,0,0,0,,0,,0,,,,,,0,,,,,0,,0,,0,,0,0,0,0,0,,,,0,0,0,0,,0,0,0,0,0,0,0,0,0,0,0,0,0,,,0,0,0,0,0,1,0,0,0,,,,,,0,,,,0,0,,,,0,0,0,,0,0,0,0,,0
map#d3e4b56ea4070a44,mp0041_00.mdl,mp0041_00.mdl,1,,,,1,,,,,,,,,-1,,,,-1,,,,,,,,,,,,,,,,,,,,,,,,,,,,,,,,,,,,,,,,,,,,,,,,,,,,,,,,,,,,,,,,,,,,,,,,0,0,0,0,0,,0,0,0,0,0,0,1,0,,0,,1,0,0,,0,,0,,,,,,0,,,,,,,0,,0,,0,0,0,0,0,,,,0,0,0,0,,0,0,0,0,0,0,0,0,0,0,0,0,,,,0,0,,,,0,0,0,0,,,,,,0,,,,0,0,,,,0,0,0,,0,0,0,0,,0
map#d437c5572be9298f,,mp6011.mdl,1,1,,,1,,,,,,,,,-1,-1,,,,,,,,,,,,,,,,,,,,,,,,,,,-1,,,,,,,,-1,,,,,,,-1,-1,,,,,,,,,,,,,,,-1,,,,,,,,-1,,,,-1,,,,,0,0,0,0,0,,0,0,0,0,0,0,1,1,,0,,0,0,0,,0,,0,,,,,,0,,,,,0,,0,,0,,1,0,0,0,0,,,,0,1,0,0,,0,0,0,1,1,0,0,0,0,0,0,0,0,,,0,0,0,0,0,0,1,0,0,,0,,,,1,,,,1,0,,,0,0,2,0,,0,0,0,0,0,0
map#d43c7024658dae65,ob2000obj00.mdl,ob5001obj00.mdl,1,,,,0,,,,,,,,,-1,,,,,,,,,,,,,,,,,,,,,,,,,,,,,,,,,,,,,,,,,,,,,,,,,,,,,,,,,,,,,,,,,,,,,,,,-1,,,,0,0,0,0,0,,0,0,0,0,0,0,1,0,,0,,0,0,0,,0,,0,,,,,,0,,,,,0,,0,,0,,0,0,0,0,0,,,,0,0,0,0,,0,0,0,0,0,0,0,0,0,0,0,0,0,,,0,0,0,0,0,0,0,0,0,,,,,,0,,,,0,1,,,,0,0,0,,0,0,0,0,,0
map#d44601411db09fa1,,ob5310hou05.mdl,1,,,,1,,,,,,,,,-1,-1,,,-1,,,,,,,,,,,,,,,,,,,,,,,,-1,,,,,,,,-1,,,,,,,,,,,,,,,,,,,,,,,-1,,,,,,,,-1,,,,,,,,,0,0,0,0,0,,0,0,0,0,0,0,1,1,,0,,1,0,0,,0,,0,,,,,,0,,,,,0,,0,,0,,1,0,0,0,0,,,,0,1,0,0,,0,0,0,0,0,0,0,0,0,0,0,0,0,,,0,0,0,0,0,0,1,0,0,,0,,,,1,,,,0,0,,,0,0,2,0,,0,0,0,0,0,0
map#d481fa71c01dd6ca,,ob8410evt01.mdl,1,,,,0,,,,,,,,,-1,-1,,,,,,,,,,,,,,,,,,,,,,,,,,,,,,,,,,,,,,,,,,,,,,,,,,,,,,,,,,-1,,,,,,,,-1,,,,,,,,,0,0,0,0,0,,0,0,0,0,0,0,1,1,,0,,0,0,0,,0,,0,,,,,,0,,,,,0,,0,,0,,0,0,0,0,0,,,,0,0,0,0,,0,0,0,0,0,0,0,0,0,0,0,0,0,,,0,0,0,0,0,0,1,0,0,,0,,,,1,,,,0,0,,,0,0,1,1,,0,0,0,0,0,0
map#d53bc5b1e2ff61cc,mp3061.mdl,mp3061.mdl,0,,,,0,,,,,,,,,-1,,,,-1,,,,,,,,,,,,,,,-1,,,,,,,,,-1,,,,,,,-1,,,,,,,,,,,,,,,,,,,,,,,,-1,,,,,,,,,,,,,-1,,,,0,0,0,0,0,,0,0,0,0,0,0,1,0,,0,,1,0,0,,0,,0,,,,,,1,,,,,0,,0,,0,,1,0,0,0,0,,,,1,0,0,0,,0,0,0,0,0,0,0,0,0,0,0,0,0,,,0,0,0,0,0,0,1,0,0,,,,,,0,,,,0,1,,,,0,0,0,,0,0,0,0,,0
map#d54b00ba8d30f3ed,,ob8300kag00b.mdl,1,,,,1,,,,,,,,,-1,,,,,,,,,,,,,,,,,,,,,,,,,,,,,,,,,,,,,,,,,,,,,,,,,,,,,,,,,,,,,,,,,,,-1,,,,,-1,,,,0,0,0,0,0,,0,0,0,0,0,0,1,0,,0,,0,0,0,,0,,0,,,,,,0,,,,,0,,0,,0,,0,0,0,0,0,,,,0,0,0,0,,0,0,0,0,0,0,0,0,0,0,0,0,0,,,0,0,0,0,0,0,0,0,0,,0,,,,1,,,,0,1,,,0,0,0,0,,0,0,0,0,0,0
map#d58df286aba558fb,,ob1081kmo16b.mdl,1,,,,0,,,,,,,,,-1,,,,,,,,,,-1,,,-1,,,,,,-1,,,,,,,,,-1,,,,,,,,-1,,,,,,,,,,,,,,,,,,,,,,,-1,,,,,,,,-1,,,,,,,,,0,0,0,0,0,,0,1,0,0,1,0,1,0,,0,,0,0,0,,0,,0,,,,,,1,,,,,0,,0,,0,,1,0,0,0,0,,,,0,1,0,0,,0,0,0,0,0,0,0,0,0,0,0,0,0,,,0,0,0,0,0,0,1,0,0,,0,,,,1,,,,0,0,,,0,0,0,0,,0,0,0,0,0,0
map#d66c5ed1503fc6a4,ob2010hou29.mdl,ob2010hou29.mdl,1,,,,1,,,,,,,-1,,-1,,,,,,,,,,,,,,,,,,,,,,,,,,,,-1,,,,,,,,,,,,,,,,,,,,,,,,,,,,,,,-1,,,,,,,,-1,,,,,,,,,0,0,0,0,0,,1,0,0,0,0,0,1,0,,0,,0,0,0,,0,,0,,,,,,0,,,,,0,,0,,0,,1,0,0,0,0,,,,0,0,0,0,,0,0,0,0,0,0,0,0,0,0,0,0,0,,,0,0,0,0,0,0,1,0,0,,,,,,1,,,,0,0,,,,0,0,2,,0,0,0,0,,0
map#d66d3dcb9b7582d9,ob2061kmo10b.mdl,ob2061kmo10b.mdl,1,,,,1,,,,,,,,,-1,-1,,,,,,,,,,,,,,,,,,,,,,,,,,,-1,,,,,,,,-1,,,,,,,,,,,,,,,,,,,,,,,-1,,,,,,,,-1,,,,,-1,,,,0,0,0,0,0,,0,0,0,0,0,0,1,1,,0,,0,0,0,,0,,0,,,,,,0,,,,,0,,0,,0,,1,0,0,0,0,,,,0,1,0,0,,0,0,0,0,0,0,0,0,0,0,0,0,0,,,0,0,0,0,0,0,1,0,0,,,,,,1,,,,0,1,,,,0,2,0,,0,0,0,0,,0
map#d6a392b8bdda5928,ob_s05_000k.mdl,ob_s05_000k.mdl,1,1,,,1,,,,,,,,,-1,-1,,,,-1,,,,,,,,,,,,,,,,,,,,,,,-1,,,,,,,,-1,,,,,,,-1,,,,,,,,,,,,,,,,-1,,,,,,,,-1,,,,-1,-1,,,,0,0,0,0,0,,0,0,0,0,0,0,1,1,,0,,0,1,0,,0,,0,,,,,,0,,,,,0,,0,,0,,1,0,0,0,0,,,,0,1,0,0,,0,0,0,1,0,0,0,0,0,0,0,0,0,,,0,0,0,0,0,0,1,0,0,,,,,,1,,,,1,1,,,,0,0,0,,0,0,0,0,,0
map#d6c968b7748eeb60,mp4020.mdl,mp4020.mdl,1,,1,,1,,,,,,,,,-1,-1,,,,,,,-1,,,,,,,,,,,,,,,,,,,,-1,,,,,,,,-1,,,,-1,,,,,-1,,-1,,,,,,,,,,,,-1,,,,,,,,-1,,,,-1,,,,,0,0,0,0,0,,0,0,0,0,0,0,1,1,,0,,0,0,0,,1,,0,,,,,,0,,,,,0,,0,,0,,1,0,0,0,0,,,,0,1,0,0,,1,0,0,0,0,1,0,1,0,0,0,0,0,,,0,0,0,0,0,0,1,0,0,,,,,,1,,,,1,0,,,,0,2,0,,0,0,0,0,,0
map#d75a5e7086f1aeb8,mp4020_01.mdl,mp4020_01.mdl,1,,,,1,,,,,,,,,-1,,,,,,,,-1,,,,,,,,,,,,,,,,,,,,,,,,,,,-1,,,,,,,,,,,,,,,,,,,,,,,,,,,,,,,,,,,,,,,,,0,0,0,0,0,,0,0,0,0,0,0,1,0,,0,,0,0,0,,1,,0,,,,,,0,,,,,0,,0,,0,,0,0,0,0,0,,,,1,0,0,0,,0,0,0,0,0,0,0,0,0,0,0,0,0,,,0,0,0,0,0,0,0,0,0,,,,,,0,,,,0,0,,,,0,0,0,,0,0,0,0,,0
map#d77e33bf8303cc0d,mp4010.mdl,a1214.mdl,1,,1,,1,,,,,,,,,-1,-1,,,,,,,,,,,,,,,,,,,,,,,,,,,-1,,,,,,,,-1,,,,,,,,,-1,,-1,,,,,,,,,,,,-1,,,,,,,,-1,,,,,,,,,0,0,0,0,0,,0,0,0,0,0,0,1,1,,0,,0,0,0,,0,,0,,,,,,0,,,,,0,,0,,0,,1,0,0,0,0,,,,0,1,0,0,,0,0,0,0,0,1,0,1,0,0,0,0,0,,,0,0,0,0,0,0,1,0,0,,,,,,1,,,,0,0,,,,0,2,0,,0,0,0,0,,0
map#d7bde9c3f512c4ba,,ob8410evt01.mdl,1,,,,0,,,,,,,,,-1,-1,,,,,,,,,,,,,,,,,,,,,,,,,,,,,,,,,,,,,,,,,,,,,,,,,,,,,,,,,,-1,,,,,,,,-1,,,,,,,,,0,0,0,0,0,,0,0,0,0,0,0,1,1,,0,,0,0,0,,0,,0,,,,,,0,,,,,0,,0,,0,,0,0,0,0,0,,,,0,0,0,0,,0,0,0,0,0,0,0,0,0,0,0,0,0,,,0,0,0,0,0,0,1,0,0,,0,,,,1,,,,0,0,,,0,0,1,0,,0,0,0,0,0,0
map#d7eadff3e45aa02d,mp0010_06.mdl,mp0041.mdl,1,,,,0,,,,,,,,,-1,,,,-1,,,,,,,,,,,,,,,-1,,,,,,,,,-1,,,,,,,,,,,,,,,,,,,,,,,,,,,,,,,-1,,,,,,,,,,,,,,,,,0,0,0,0,0,,0,0,0,0,0,0,1,0,,0,,1,0,0,,0,,0,,,,,,1,,,,,0,,0,,0,,1,0,0,0,0,,,,0,0,0,0,,0,0,0,0,0,0,0,0,0,0,0,0,0,,,0,0,0,0,0,0,1,0,0,,,,,,0,,,,0,0,,,,0,0,0,,0,0,0,0,,0
map#d80fff95b604645c,a0399.mdl,a0399.mdl,0,,,,0,,,,,,,,,-1,,,,,-1,-1,,,,,,,,,,,,,,,,,,,,,,-1,,,,,,,,-1,,,,,,,,,,,,,,,,,,,,,,,-1,,,,,,,,-1,,,,,,,,,0,0,0,0,0,,0,0,0,0,0,0,1,0,,0,,0,1,1,,0,,0,,,,,,0,,,,,0,,0,,0,,1,0,0,0,0,,,,0,1,0,0,,0,0,0,0,0,0,0,0,0,0,0,0,0,,,0,0,0,0,0,0,1,0,0,,,,,,1,,,,0,0,,,,0,0,0,,0,0,0,0,,0
map#d84d486364803cdd,etc0203.mdl,etc0203.mdl,1,,,,1,,,,,,,,,-1,,,,,,,,,-1,,,,,,,,,,,,,,,,,,,,,,,,,,,-1,,,,,,,,,,,,,,,,,,,,,,,-1,,,,,,,,-1,,,,,,,,,0,0,0,0,0,,0,0,0,0,0,0,1,0,,0,,0,0,0,,0,,1,,,,,,0,,,,,0,,0,,0,,0,0,0,0,0,,,,0,1,0,0,,0,0,0,0,0,0,0,0,0,0,0,0,0,,,0,0,0,0,0,0,1,0,0,,,,,,1,,,,0,0,,,,0,0,0,,0,0,0,0,,0
map#d890b27bc6468575,ob0000sky06.mdl,ob_e09_000.mdl,0,,,,0,,,,,,,,,-1,,,,,,,,-1,,,,,,,,,,,,,,,,,,,,,,,,,,,-1,,,,,,,,,,,,,,,,,,,,,,,,,,,,,,,,,,,,,,,,,0,0,0,0,0,,0,0,0,0,0,0,1,0,,0,,0,0,0,,1,,0,,,,,,0,,,,,0,,0,,0,,0,0,0,0,0,,,,1,0,0,0,,0,0,0,0,0,0,0,0,0,0,0,0,0,,,0,0,0,0,0,0,0,0,0,,,,,,0,,,,0,0,,,,0,0,0,,0,0,0,0,,0
map#d8b35dfd08f3b367,924.mdl,mp3010.mdl,1,1,1,,1,,,,,,,,,-1,-1,,,,,,,,,,,,,,,,,,,,,,,,,,,-1,,,,,,,,-1,,,,,,,-1,,-1,,,,,,,,,,,,,,-1,,,,,,,,-1,,,,-1,,,,,0,0,0,0,0,,0,0,0,0,0,0,1,1,,0,,0,0,0,,0,,0,,,,,,0,,,,,0,,0,,0,,1,0,0,0,0,,,,0,1,0,0,,0,0,0,1,0,1,0,0,0,0,0,0,0,,,0,0,0,0,0,0,1,0,0,,,,,,1,,,,1,0,,,,0,0,0,,0,0,0,0,,0
map#d920f0b0780d3c70,ob0061dor00b.mdl,mp0013.mdl,1,,,,1,,,,,,,,,-1,,,,-1,,,,,,,,,,,,,,,,,,,,,,,,,,,-1,,,,,,,,,,,,,,,,,,,,,,,,,,,,-1,,,,,,,,,,,,,,,,,0,0,0,0,0,,0,0,0,0,0,0,1,0,,0,,1,0,0,,0,,0,,,,,,0,,,,,0,,0,,0,,0,0,0,1,0,,,,0,0,0,0,,0,0,0,0,0,0,0,0,0,0,0,0,0,,,0,0,0,0,0,0,1,0,0,,,,,,0,,,,0,0,,,,0,0,0,,0,0,0,0,,0
map#d94e1ddbe949c6c7,,ef_obj_a404.mdl,0,,,,1,,,,,,,,,-1,,,,-1,,,,,,,,,,,,,,,,,,,,,,,,,,,,,,,,,,,,,,,,,,,,,,,,,,,,,,,,,,,,,,,,,,,,-1,,,,0,0,0,0,0,,0,0,0,0,0,0,1,0,,0,,1,0,0,,0,,0,,,,,,0,,,,,0,,0,,0,,0,0,0,0,0,,,,0,0,0,0,,0,0,0,0,0,0,0,0,0,0,0,0,0,,,0,0,0,0,0,0,0,0,0,,0,,,,0,,,,0,1,,,0,0,0,0,,0,0,0,0,0,0
map#d9b5904f5aaaafe7,ob1050plt03.mdl,ob1050plt03.mdl,0,,,,1,,,,,,,,,-1,,,,,,,,,-1,,,,,,,,,,,,,,,,,,,,,,,,,,,,,,,,,,,,,,,,,,,,,,,,,,-1,-1,,,,,,,-1,,,,,,,,,0,0,0,0,0,,0,0,0,0,0,0,1,0,,0,,0,0,0,,0,,1,,,,,,0,,,,,0,,0,,0,,0,0,0,0,0,,,,0,0,0,0,,0,0,0,0,0,0,0,0,0,0,0,0,0,,,0,0,0,0,0,0,1,1,0,,,,,,1,,,,0,0,,,,0,0,0,,0,0,0,0,,0
map#da09e31230e3778e,,ef_obj_o008.mdl,1,,,,0,-1,,,,,,,-1,-1,-1,,-1,-1,-1,,,,,,,,,,,,,,,,,,,,-1,,,,,,,,,,,-1,-1,-1,,-1,-1,-1,,,,,,,,,,,,,,,,,,,,,,,,,,,,,-1,-1,,,,1,0,0,0,0,,0,0,0,0,0,1,1,1,,1,,1,1,0,,0,,0,,,,,,0,,,,,0,,1,,0,,0,0,0,0,0,,,,0,1,1,1,,1,1,1,0,0,0,0,0,0,0,0,0,0,,,0,0,0,0,0,0,0,0,0,,,,,,0,,,,1,1,,,,0,0,3,,0,0,0,0,,0
map#da362e0bfc76d4d6,mp0010_12.mdl,mp0010_12.mdl,1,1,,,1,,,,,,,,,-1,,,,,,,,,,,,,,,,,,,,,,,,,,,,-1,,,,,,,,-1,,,,,,,-1,-1,,,,,,,,,,,,,,,-1,,,,,,,,-1,,,,,,,,,0,0,0,0,0,,0,0,0,0,0,0,1,0,,0,,0,0,0,,0,,0,,,,,,0,,,,,0,,0,,0,,1,0,0,0,0,,,,0,1,0,0,,0,0,0,1,1,0,0,0,0,0,0,0,0,,,0,0,0,0,0,0,1,0,0,,,,,,1,,,,0,0,,,,0,0,0,,0,0,0,0,,0
map#da660ceb5931e88d,,a0305.mdl,1,,,,1,,,,,,,,,-1,-1,,,-1,,,,,,,,,,,,,,,,,,,,,,,,-1,,,,,,,,-1,,,,,,,,,,,,,,,,,,,,,,,-1,,,,,,,,-1,,,,,,,,,0,0,0,0,0,,0,0,0,0,0,0,1,1,,0,,1,0,0,,0,,0,,,,,,0,,,,,0,,0,,0,,1,0,0,0,0,,,,0,1,0,0,,0,0,0,0,0,0,0,0,0,0,0,0,0,,,0,0,0,0,0,0,1,0,0,,,,,,1,,,,0,0,,,,0,0,0,,0,0,0,0,,0
map#dab0965052cd70e8,ob2052lig00.mdl,ob2052lig00.mdl,1,,,,0,,,,,,,,,-1,,,,,,,,,,,,,,,,,,,-1,,,,,,,,,,,,,,,,,,,,,,,,,,,,,,,,,,,,,,,,,,,,,,,,,,,,,-1,,,,0,0,0,0,0,,0,0,0,0,0,0,1,0,,0,,0,0,0,,0,,0,,,,,,1,,,,,0,,0,,0,,0,0,0,0,0,,,,0,0,0,0,,0,0,0,0,0,0,0,0,0,0,0,0,0,,,0,0,0,0,0,0,0,0,0,,,,,,0,,,,0,1,,,,0,0,0,,0,0,0,0,,0
map#dade56515e8dd3f8,,ob5110obj00.mdl,1,,,,1,,,,,,,,,-1,,,,,,,,,,,,,,,,,,,-1,,,,,,,,,,,,,,,,,-1,,,,,,,,,,,,,,,,,,,,,,,-1,,,,,,,,,,,,,,,,,0,0,0,0,0,,0,0,0,0,0,0,1,0,,0,,0,0,0,,0,,0,,,,,,1,,,,,0,,0,,0,,0,0,0,0,0,,,,0,1,0,0,,0,0,0,0,0,0,0,0,0,0,0,0,0,,,0,0,0,0,0,0,1,0,0,,,,,,0,,,,0,0,,,0,0,0,0,,0,0,0,0,0,0
map#dbb81d6a53010372,ef_obj_a040.mdl,,1,,,,1,,,,,,,,,,,,,,,,,,-1,,,,,,,,,,,,,,,,,,,,,,,,,,,,,,,,,,,,,,,,,,,,,,,,,,,,,,,,,,,,,,,,,,,0,0,0,0,0,,0,0,0,0,0,0,0,0,,0,,0,0,0,,0,,1,,,,,,0,,,,,,,0,,0,,0,0,0,0,0,,,,0,0,0,0,,0,0,0,0,0,0,0,0,0,0,0,,,,,0,0,,,,0,0,0,0,0,,,,,0,,,,0,0,,,,,0,0,,0,0,,0,,0
map#dbe4ab4978102d6a,,equ9001.mdl,0,,,,1,-1,,,,,,-1,,-1,,,,-1,,,,,,,,,,,,,,,-1,,,,,,,,,-1,,,-1,,,,,-1,,,,,,,,,,,,,,,,,,,,,,,,,,,,,,,-1,,,,,,,,,1,0,0,0,0,,1,0,0,0,0,0,1,0,,0,,1,0,0,,0,,0,,,,,,1,,,,,0,,0,,0,,1,0,0,1,0,,,,0,1,0,0,,0,0,0,0,0,0,0,0,0,0,0,0,0,,,0,0,0,0,0,0,0,0,0,,,,,,1,,,,0,0,,,,0,0,0,,0,0,0,0,,0
map#dbe572bc2c07e00f,mp2071_01.mdl,mp2071_01.mdl,1,,,,1,,,,,,,,,-1,-1,,-1,,,-1,,-1,,,,,,,,,,,,,,,,,,,,-1,,,,,,,,-1,,,,,,,,,,,,,,,,,,,,,,,-1,,,,,,,,-1,,,,-1,,,,,0,0,0,0,0,,0,0,0,0,0,0,1,1,,1,,0,0,1,,1,,0,,,,,,0,,,,,0,,0,,0,,1,0,0,0,0,,,,0,1,0,0,,0,0,0,0,0,0,0,0,0,0,0,0,0,,,0,0,0,0,0,0,1,0,0,,,,,,1,,,,1,0,,,,0,0,0,,0,0,0,0,,0
map#dc10c742c9b971dd,ef_obj_a022.mdl,,1,,,,0,,,,,,,,,-1,-1,,,,,,,,,,,,,,,,,,,,,,,,,,,,,,,,,,,-1,-1,,,,,,,,,,,,,,,,,,,,,,,,,,,,,,-1,,,,-1,,,,,0,0,0,0,0,,0,0,0,0,0,0,1,1,,0,,0,0,0,,0,,0,,,,,,0,,,,,,,0,,0,,0,0,0,0,0,,,,0,1,1,0,,0,0,0,0,0,0,0,0,0,0,0,,,,,0,0,,,,0,0,0,0,0,,,,,1,,,,1,0,,,,,0,0,,0,0,,0,,0
map#dc41ab8b95aa891a,,ob_e20_040.mdl,1,,,,1,,,,,,,,,-1,,,,-1,,,,,,,,,,,,,,,,,,,,,,,,-1,,,,,,,,,,,,,,,,,,,,,,,,,,,,,,,-1,,,,,,,,,,,,,-1,,,,0,0,0,0,0,,0,0,0,0,0,0,1,0,,0,,1,0,0,,0,,0,,,,,,0,,,,,0,,0,,0,,1,0,0,0,0,,,,0,0,0,0,,0,0,0,0,0,0,0,0,0,0,0,0,0,,,0,0,0,0,0,0,1,0,0,,0,,,,0,,,,0,1,,,0,0,0,0,,0,0,0,0,0,0
map#dc78ce8066322c3c,a0401.mdl,a0401.mdl,0,,,,1,,,,,,,,,-1,-1,,-1,,,,,,,,,,,,,,,,,,,,,,,,,-1,-1,-1,,,,,,-1,-1,-1,,,,,,,,,,,,,,,,,,,,,-1,,,,,,,,,,,,-1,,,,,0,0,0,0,0,,0,0,0,0,0,0,1,1,,1,,0,0,0,,0,,0,,,,,,0,,,,,,,0,,0,,1,1,1,0,0,,,,0,1,1,1,,0,0,0,0,0,0,0,0,0,0,0,,,,,0,0,,,,0,1,0,0,0,,,,,0,,,,1,0,,,,,0,0,,0,0,,0,,0
map#dc7c954350f257ed,mp8000.mdl,mp8000.mdl,0,,,,1,,,,,,,,-1,-1,,,,-1,,,,,,,,,,,,,,,-1,,,,,,,,,,,,,,,,-1,,,,,,,,,,,,,,,,,,,,,,,,,,,,,,,,,,,,,-1,,,,0,0,0,0,0,,0,0,0,0,0,1,1,0,,0,,1,0,0,,0,,0,,,,,,1,,,,,0,,0,,0,,0,0,0,0,0,,,,1,0,0,0,,0,0,0,0,0,0,0,0,0,0,0,0,0,,,0,0,0,0,0,0,0,0,0,,,,,,0,,,,0,1,,,,0,0,0,,0,0,0,0,,0
map#dc97d5f2d6331ad2,ob2052lig00.mdl,mp8500_01.mdl,1,,,,0,,,,,,,,,-1,,,,,,,,,,,,,,,,,,,-1,,,,,,,,,,,,,,,,-1,,,,,,,,,,,,,,,,,,,,,,,,,,,,,,,,,,,,,,,,,0,0,0,0,0,,0,0,0,0,0,0,1,0,,0,,0,0,0,,0,,0,,,,,,1,,,,,0,,0,,0,,0,0,0,0,0,,,,1,0,0,0,,0,0,0,0,0,0,0,0,0,0,0,0,0,,,0,0,0,0,0,0,0,0,0,,,,,,0,,,,0,0,,,,0,0,0,,0,0,0,0,,0
map#dcd41db1bced8568,,mp8500.mdl,1,,,,1,-1,,,,,,,,-1,-1,,,,,,,,,,,,,,,,,,,,,,,,,,,-1,,,-1,,,,,-1,,,,,,,,,,,,,,,,,,,,,,,-1,,,,,,,,-1,,,,,,,,,1,0,0,0,0,,0,0,0,0,0,0,1,1,,0,,0,0,0,,0,,0,,,,,,0,,,,,0,,0,,0,,1,0,0,1,0,,,,0,1,0,0,,0,0,0,0,0,0,0,0,0,0,0,0,0,,,0,0,0,0,0,0,1,0,0,,0,,,,1,,,,0,0,,,0,0,0,0,,0,0,0,0,0,0
map#dd35691392c785aa,mp4020.mdl,mp4020.mdl,1,,,,1,,,,,,,,,-1,-1,,,,,,,-1,,,,,,,,,,,,,,,,,,,,-1,,,,,,,,-1,,,,,,,,,,,,,,,,,,,,,,,-1,,,,,,,,-1,,,,,,,,,0,0,0,0,0,,0,0,0,0,0,0,1,1,,0,,0,0,0,,1,,0,,,,,,0,,,,,0,,0,,0,,1,0,0,0,0,,,,0,1,0,0,,0,0,0,0,0,0,0,0,0,0,0,0,0,,,0,0,0,0,0,0,1,0,0,,,,,,1,,,,0,0,,,,0,2,2,,0,0,0,0,,0
map#dd4ee899d4b6faec,,ob2000plt01.mdl,0,,,,1,-1,,,,,,,,-1,,,,,,,,,-1,,,,,,,,,,,,,,,,,,,,,,,,,,,,,,,,,,,,,,,,,,,,,,,,,,-1,-1,-1,,,,,,,,,,-1,,,,,1,0,0,0,0,,0,0,0,0,0,0,1,0,,0,,0,0,0,,0,,1,,,,,,0,,,,,0,,0,,0,,0,0,0,0,0,,,,0,0,0,0,,0,0,0,0,0,0,0,0,0,0,0,0,0,,,0,0,0,0,0,0,1,1,1,,0,,,,0,,,,1,0,,,0,0,0,0,,0,0,0,0,0,0
map#dd61d55c019a1956,,ob5310hou01.mdl,1,,,,1,,,,,,,,,-1,-1,,,,,,,,,,,,,,,,,,,,,,,,-1,,,-1,,,,,,,,-1,,,,-1,,,,,,,,,,,,,,,,,,,-1,,,,,,,,-1,,,,,,,,,0,0,0,0,0,,0,0,0,0,0,0,1,1,,0,,0,0,0,,0,,0,,,,,,0,,,,,0,,1,,0,,1,0,0,0,0,,,,0,1,0,0,,1,0,0,0,0,0,0,0,0,0,0,0,0,,,0,0,0,0,0,0,1,0,0,,0,,,,1,,,,0,0,,,0,0,2,0,,0,0,0,0,0,0
map#ddace4d9f43a34de,,ob1081plt03.mdl,0,,,,1,-1,,,,,,,,-1,,,,-1,,,,,-1,,,,,,,,,,,,,,,,,,,-1,,,,,,,,-1,,,,,,,,,,,,,,,,,,,,,,,-1,-1,,,,,,,-1,,,,,,,,,1,0,0,0,0,,0,0,0,0,0,0,1,0,,0,,1,0,0,,0,,1,,,,,,0,,,,,0,,0,,0,,1,0,0,0,0,,,,0,1,0,0,,0,0,0,0,0,0,0,0,0,0,0,0,0,,,0,0,0,0,0,0,1,1,0,,0,,,,1,,,,0,0,,,0,0,0,0,,0,0,0,0,0,0
map#de134e7b56ec9d59,ob2010hou22_l1.mdl,ob2010hou22_l1.mdl,0,,,,1,,,,,,,,,-1,,,,-1,,,,,,,,,,,,,,,-1,,,,,,,,,-1,,,,,,,,,,,,,,,,,,,,,,,,,,,,,,,-1,,,,,,,,,,,,,,,,,0,0,0,0,0,,0,0,0,0,0,0,1,0,,0,,1,0,0,,0,,0,,,,,,1,,,,,0,,0,,0,,1,0,0,0,0,,,,0,0,0,0,,0,0,0,0,0,0,0,0,0,0,0,0,0,,,0,0,0,0,0,0,1,0,0,,,,,,0,,,,0,0,,,,0,0,0,,0,0,0,0,,0
map#de4059cef01d04a7,,ob5300obj09_l1.mdl,1,,,,1,-1,,,,,,,,-1,,,,,,,,,,,,,,,,,,,,,,,,,,,,-1,,,-1,,,,,-1,,,,-1,,,,,,,,,,,,,,,,,,,-1,,,,,,,,-1,,,,,,,,,1,0,0,0,0,,0,0,0,0,0,0,1,0,,0,,0,0,0,,0,,0,,,,,,0,,,,,0,,0,,0,,1,0,0,1,0,,,,0,1,0,0,,1,0,0,0,0,0,0,0,0,0,0,0,0,,,0,0,0,0,0,0,1,0,0,,,,,,1,,,,0,0,,,,0,0,0,,0,0,0,0,,0
map#dea29af5d913eead,ob2082obj01.mdl,ob2082obj01.mdl,1,,,,0,-1,,,,,,,,-1,-1,,-1,,-1,-1,,,-1,-1,-1,-1,-1,,,,,,,,,,,,,,,,,,,,,,,-1,-1,,,,,,,,,,,,,,,,,,,,,,-1,-1,-1,,,,,,,,,,-1,,,,,1,0,0,0,0,,0,1,1,1,1,0,1,1,,1,,0,1,1,,0,,1,,,,,,0,,,,,0,,0,,0,,0,0,0,0,0,,,,0,1,1,0,,0,0,0,0,0,0,0,0,0,0,0,0,0,,,0,0,0,0,0,0,1,1,1,,,,,,0,,,,1,0,,,,0,0,1,,0,0,0,0,,0
map#df39e7d4fd035485,ob2010hou29.mdl,ob2010hou29.mdl,1,,,,1,,,,,,,,,-1,-1,,,,,,,,,,,,,,,,,,,,,,,,,,,-1,,,-1,,,,,-1,,,,,,,,,,,,,,,,,,,,,,,-1,,,,,,,,-1,,,,,,,,,0,0,0,0,0,,0,0,0,0,0,0,1,1,,0,,0,0,0,,0,,0,,,,,,0,,,,,0,,0,,0,,1,0,0,1,0,,,,0,1,0,0,,0,0,0,0,0,0,0,0,0,0,0,0,0,,,0,0,0,0,0,0,1,0,0,,,,,,1,,,,0,0,,,,0,2,2,,0,0,0,0,,0
map#df3abcdb519a2992,,a1207.mdl,0,,1,1,1,,,,,,,,,-1,-1,,-1,,-1,-1,,,,,,,,,,,,,,,,,,,-1,,,-1,-1,-1,,,,,,-1,-1,-1,,,,,,,-1,,,-1,,,,,,,,,,,-1,,,,,,,,-1,,,,-1,,,,,0,0,0,0,0,,0,0,0,0,0,0,1,1,,1,,0,1,1,,0,,0,,,,,,0,,,,,0,,1,,0,,1,1,1,0,0,,,,0,1,1,1,,0,0,0,0,0,1,0,0,1,0,0,0,0,,,0,0,0,0,0,0,1,0,0,,,,,,1,,,,1,0,,,,0,0,0,,0,0,0,0,,0
map#df45684533e2f135,mp0063_l1.mdl,mp0063_l1.mdl,1,,,,1,,,,,,,,,-1,,,,-1,,,,,,,,,,,,,,,,,,,,,,,,,,,,,,,,-1,,,,,,,,,,,,,,,,,,,,,,,-1,,,,,,,,-1,,,,,,,,,0,0,0,0,0,,0,0,0,0,0,0,1,0,,0,,1,0,0,,0,,0,,,,,,0,,,,,0,,0,,0,,0,0,0,0,0,,,,0,1,0,0,,0,0,0,0,0,0,0,0,0,0,0,0,0,,,0,0,0,0,0,0,1,0,0,,,,,,1,,,,0,0,,,,0,2,0,,0,0,0,0,,0
map#dfd3a5bfa1d23a4f,,ob0051evt01.mdl,1,,,,0,,,,,,,,-1,-1,-1,,,-1,-1,,,,,-1,,,-1,,,,,,,,,,,,,,,,,,,,,,,,,,,,,,,,,,,,,,,,,-1,,,,,,,,,,,,,,,,,,,,,,0,0,0,0,0,,0,1,0,0,1,1,1,1,,0,,1,1,0,,0,,0,,,,,,0,,,,,0,,0,,0,,0,0,0,0,0,,,,0,0,0,0,,0,0,0,0,0,0,0,0,0,0,0,0,0,,,1,0,0,0,0,0,0,0,0,,0,,,,0,,,,0,0,,,0,0,1,0,,0,0,0,0,0,1
map#e05fc428e9d42735,,mp6010.mdl,0,1,1,1,1,,,,,,,,,-1,-1,,-1,,,,,,,,,,,,,,,,,,,,,,-1,,,-1,-1,-1,,,,,,-1,-1,-1,,-1,,,-1,,-1,,,-1,,,,,,,,,,,-1,,,,,,,,-1,,,,-1,,,,,0,0,0,0,0,,0,0,0,0,0,0,1,1,,1,,0,0,0,,0,,0,,,,,,0,,,,,0,,1,,0,,1,1,1,0,0,,,,0,1,1,1,,1,0,0,1,0,1,0,0,1,0,0,0,0,,,0,0,0,0,0,0,1,0,0,,,,,,1,,,,1,0,,,0,0,0,0,,0,0,0,0,,0
map#e063c9c62a4c1b11,ob4010hou56.mdl,ob4010hou56.mdl,1,,,,0,,,,,,,,,-1,,,,,,,,-1,,,,,,,,,,,,,,,,,,,,,,,,,,,,,,,,,,,,,,,,,,,,,,,,,,,-1,,,,,,,,-1,,,,,,,,,0,0,0,0,0,,0,0,0,0,0,0,1,0,,0,,0,0,0,,1,,0,,,,,,0,,,,,0,,0,,0,,0,0,0,0,0,,,,0,0,0,0,,0,0,0,0,0,0,0,0,0,0,0,0,0,,,0,0,0,0,0,0,1,0,0,,,,,,1,,,,0,0,,,,0,0,0,,0,0,0,0,,0
map#e079b15de82e0c45,mp4020.mdl,mp4020.mdl,0,1,1,1,1,,,,,,,,,-1,-1,,-1,,,,,-1,,,,,,,,,,,,,,,,,,,,-1,-1,,,,,,,-1,-1,,,,,,-1,,-1,,-1,-1,-1,,,,,,,,,,-1,,,,,,,,,,,,-1,,,,,0,0,0,0,0,,0,0,0,0,0,0,1,1,,1,,0,0,0,,1,,0,,,,,,0,,,,,0,,0,,0,,1,1,0,0,0,,,,0,1,1,0,,0,0,0,1,0,1,0,1,1,0,1,0,0,,,0,0,0,0,0,0,1,0,0,,,,,,0,,,,1,0,,,,0,0,2,,0,0,0,0,,0
map#e07a0630945fce56,mp8000.mdl,mp8000.mdl,1,,,,0,,,,,,,,,,,,,,,,,,-1,,,,,,,,,,,,,,,,,,,,,,,,,,,,,,,,,,,,,,,,,,,,,,,,,-1,,,,,,,,,,,,,,,,,,0,0,0,0,0,,0,0,0,0,0,0,0,0,,0,,0,0,0,,0,,1,,,,,,0,,,,,0,,0,,0,,0,0,0,0,0,,,,0,0,0,0,,0,0,0,0,0,0,0,0,0,0,0,0,0,,,0,0,0,0,0,1,0,0,0,,,,,,0,,,,0,0,,,,0,0,0,,0,0,0,0,,0
map#e0a303c3c4f60d5c,ob4061kag05.mdl,ob4061kag05.mdl,1,,,,1,,,,,,,,,-1,,,,-1,,,,,-1,,,,,,,,,,,,,,,,,,,-1,,,,,,,,-1,,,,,,,,,,,,,,,,,,,,,,,-1,,,,,,,,,,,,,,,,,0,0,0,0,0,,0,0,0,0,0,0,1,0,,0,,1,0,0,,0,,1,,,,,,0,,,,,0,,0,,0,,1,0,0,0,0,,,,0,1,0,0,,0,0,0,0,0,0,0,0,0,0,0,0,0,,,0,0,0,0,0,0,1,0,0,,,,,,0,,,,0,0,,,,0,0,0,,0,0,0,0,,0
map#e0b510e8dd4f4737,mp0010_06.mdl,mp0010_06.mdl,1,,,,1,,,,,,,,,-1,-1,,-1,,,-1,,,,,,,,,,,,,,,,,,,,,,-1,,,,,,,,-1,,,,,,,,,,,,,,,,,,,,,,,-1,,,,,,,,-1,,,,-1,,,,,0,0,0,0,0,,0,0,0,0,0,0,1,1,,1,,0,0,1,,0,,0,,,,,,0,,,,,0,,0,,0,,1,0,0,0,0,,,,0,1,0,0,,0,0,0,0,0,0,0,0,0,0,0,0,0,,,0,0,0,0,0,0,1,0,0,,,,,,1,,,,1,0,,,,0,0,0,,0,0,0,0,,0
map#e0c314bd7689a64d,ob4010hou16_l1.mdl,ob4010hou16_l1.mdl,1,,,,0,,,,,,,,,,,,,,,,,,-1,,,,,,,,,,,,,,,,,,,,,,,,,,,,,,,,,,,,,,,,,,,,,,,,,,,,,,,,,,,,,,,,,,-1,0,0,0,0,0,,0,0,0,0,0,0,0,0,,0,,0,0,0,,0,,1,,,,,,0,,,,,0,,0,,0,,0,0,0,0,0,,,,0,0,0,0,,0,0,0,0,0,0,0,0,0,0,0,0,0,,,0,0,0,0,0,0,0,0,0,,,,,,0,,,,0,0,,,,1,0,0,,0,0,0,0,,0
map#e0f6bbbe7feb4e7a,mp0011.mdl,ob0011obj03.mdl,0,,,,1,-1,,,,,,,,-1,,,,,,,,,-1,,,,,,,,,,,,,,,,,,,-1,,,-1,,,,,-1,,,,,,,,,,,,,,,,,,,,,,,-1,,,,,,,,,,,,,,,,,1,0,0,0,0,,0,0,0,0,0,0,1,0,,0,,0,0,0,,0,,1,,,,,,0,,,,,0,,0,,0,,1,0,0,1,0,,,,0,1,0,0,,0,0,0,0,0,0,0,0,0,0,0,0,0,,,0,0,0,0,0,0,1,0,0,,,,,,0,,,,0,0,,,,0,0,0,,0,0,0,0,,0
map#e128a88e6962ada4,,ob5010evt01.mdl,1,,,,0,,,,,,,,-1,-1,,,,,,,,,,,,,,,,,,,,,,,,,,,,,,,,,,,,,,,,,,,,,,,,,,,-1,,,-1,,,,,,,,,,,,,,,,,,,,,,0,0,0,0,0,,0,0,0,0,0,1,1,0,,0,,0,0,0,,0,,0,,,,,,0,,,,,0,,0,,0,,0,0,0,0,0,,,,0,0,0,0,,0,0,0,0,0,0,0,0,0,0,0,0,1,,,1,0,0,0,0,0,0,0,0,,0,,,,0,,,,0,0,,,0,0,0,0,,0,0,0,0,0,0
map#e14ab4c9992c3681,mp1010.mdl,mp1010.mdl,1,,,,1,,,,,,,,,-1,-1,,-1,,,-1,,,,,,,,,,,,,,,,,,,,,,-1,,,,,,,,-1,,,,,,,,,,,,,,,,,,,,,,,-1,,,,,,,,-1,,,,-1,,,,,0,0,0,0,0,,0,0,0,0,0,0,1,1,,1,,0,0,1,,0,,0,,,,,,0,,,,,0,,0,,0,,1,0,0,0,0,,,,0,1,0,0,,0,0,0,0,0,0,0,0,0,0,0,0,0,,,0,0,0,0,0,0,1,0,0,,,,,,1,,,,1,0,,,,0,0,2,,0,0,0,0,,0
map#e15b858ef83adfc4,mp3061.mdl,mp3061.mdl,1,1,1,,1,,,,,,,,,-1,-1,,,,-1,,,,,,,,,,,,,,,,,,,,-1,,,-1,-1,,,,,,,-1,,,,,,,-1,,-1,,,,,,,,,,,,,,-1,,,,,,,,-1,,,,-1,-1,,,,0,0,0,0,0,,0,0,0,0,0,0,1,1,,0,,0,1,0,,0,,0,,,,,,0,,,,,0,,1,,0,,1,1,0,0,0,,,,0,1,0,0,,0,0,0,1,0,1,0,0,0,0,0,0,0,,,0,0,0,0,0,0,1,0,0,,,,,,1,,,,1,1,,,,0,0,0,,0,0,0,0,,0
map#e19c1ad44d9627e2,mp4010_15.mdl,ob6010dor00.mdl,1,,,,0,,,,,,,,,-1,,,,-1,,,,,,,,,,,,,,,-1,,,,,,,,,-1,,,,,,,,,,,,,,,,,,,,,,,,,,,,,,,,,,,,,,,,,,,,,,,,0,0,0,0,0,,0,0,0,0,0,0,1,0,,0,,1,0,0,,0,,0,,,,,,1,,,,,0,,0,,0,,1,0,0,0,0,,,,0,0,0,0,,0,0,0,0,0,0,0,0,0,0,0,0,0,,,0,0,0,0,0,0,0,0,0,,,,,,0,,,,0,0,,,,0,0,0,,0,0,0,0,,0
map#e2602877402977bb,mp0041_l1.mdl,mp0041_l1.mdl,0,,,,0,,,,,,,,,-1,,,,-1,,,,,,,,,,,,,,,-1,,,,,,,,,-1,,,,,,,,-1,,,,,,,,,,,,,,,,,,,,,,,-1,,,,,,,,,,,,,,,,,0,0,0,0,0,,0,0,0,0,0,0,1,0,,0,,1,0,0,,0,,0,,,,,,1,,,,,0,,0,,0,,1,0,0,0,0,,,,0,1,0,0,,0,0,0,0,0,0,0,0,0,0,0,0,0,,,0,0,0,0,0,0,1,0,0,,,,,,0,,,,0,0,,,,0,0,0,,0,0,0,0,,0
map#e2feaeac437691f8,,mp5310_04.mdl,1,,,,1,,,,,,,,,-1,,,,,,,,,,,,,,,,,,,,,,,,,,,,,,,-1,,,,,,,,,,,,,,,,,,,,,,,,,,,,-1,,,,,,,,,,,,,-1,,,,0,0,0,0,0,,0,0,0,0,0,0,1,0,,0,,0,0,0,,0,,0,,,,,,0,,,,,0,,0,,0,,0,0,0,1,0,,,,0,0,0,0,,0,0,0,0,0,0,0,0,0,0,0,0,0,,,0,0,0,0,0,0,1,0,0,,0,,,,0,,,,0,1,,,0,0,0,0,,0,0,0,0,0,0
map#e3634a7836078ac4,,ob5400obj05.mdl,1,,,,1,,,,,,,,,-1,-1,,,-1,-1,,,,,,,,,,,,,,,,,,,,,,,-1,-1,,-1,,,,,-1,-1,,,,,,,,,,,,,,,,,,,,,,-1,,,,,,,,-1,,,,-1,,,,,0,0,0,0,0,,0,0,0,0,0,0,1,1,,0,,1,1,0,,0,,0,,,,,,0,,,,,0,,0,,0,,1,1,0,1,0,,,,0,1,1,0,,0,0,0,0,0,0,0,0,0,0,0,0,0,,,0,0,0,0,0,0,1,0,0,,,,,,1,,,,1,0,,,,0,0,0,,0,0,0,0,,0
map#e46c94e6351a3955,ob4040obj00.mdl,,1,,,,0,,,,,,,,,-1,,,,-1,,,,,,-1,,,,,,,,,,,,,,,,,,-1,,,,,,,,-1,,,,,,,,,,,,,,,,,,,,,,,,,,,,,,,,,,,,-1,,,,0,0,0,0,0,,0,1,0,0,0,0,1,0,,0,,1,0,0,,0,,0,,,,,,0,,,,,0,,0,,0,,1,0,0,0,0,,,,0,1,0,0,,0,0,0,0,0,0,0,0,0,0,0,0,0,,,0,0,0,0,0,0,0,0,0,,,,,,0,,,,0,1,,,,0,0,0,,0,0,0,0,,0
map#e4e156f4147cdb55,,mp6201.mdl,0,,1,1,1,,,,,,,,,-1,-1,,-1,-1,-1,-1,,,,,,,,,,,,,,,,,,,-1,,,-1,-1,-1,,,,,,-1,-1,-1,,,,,,,-1,,,-1,,,,,,,,,,,-1,,,,,,,,-1,,,,-1,,,,,0,0,0,0,0,,0,0,0,0,0,0,1,1,,1,,1,1,1,,0,,0,,,,,,0,,,,,0,,1,,0,,1,1,1,0,0,,,,0,1,1,1,,0,0,0,0,0,1,0,0,1,0,0,0,0,,,0,0,0,0,0,0,1,0,0,,0,,,,1,,,,1,0,,,0,0,0,0,,0,0,0,0,0,0
map#e507466c35d6ae4d,ob0010hou07.mdl,,0,1,,,1,,,,,,,,,-1,-1,,,,,,,-1,,-1,,,,,,,,,,,,,,,,,,-1,,,,,,,,-1,,,,,,,-1,,,,,,,,,,,,,,,,-1,,,,,,,,-1,,,,-1,,,,,0,0,0,0,0,,0,1,0,0,0,0,1,1,,0,,0,0,0,,1,,0,,,,,,0,,,,,0,,0,,0,,1,0,0,0,0,,,,0,1,0,0,,0,0,0,1,0,0,0,0,0,0,0,0,0,,,0,0,0,0,0,0,1,0,0,,,,,,1,,,,1,0,,,,0,2,0,,0,0,0,0,,0
map#e5716708eaad2282,,ob1010hou00b.mdl,1,,,,1,,,,,,,,,-1,-1,,,,,,,,,,,,,,,,,,,,,,,,,,,-1,,,-1,,,,,-1,,,,,,,,,,,,,,,,,,,,,,,-1,,,,,,,,-1,,,,-1,,,,,0,0,0,0,0,,0,0,0,0,0,0,1,1,,0,,0,0,0,,0,,0,,,,,,0,,,,,0,,0,,0,,1,0,0,1,0,,,,0,1,0,0,,0,0,0,0,0,0,0,0,0,0,0,0,0,,,0,0,0,0,0,0,1,0,0,,0,,,,1,,,,1,0,,,0,0,0,2,,0,0,0,0,0,0
map#e5889ec9cc61a61d,,mp8410_01.mdl,1,,,,0,,,,,,,,,-1,,,,,,,,,,,,,,,,,,,-1,,,,,,,,,,,,,,,,-1,,,,,,,,,,,,,,,,,,,,,,,,,,,,,,,,,,,,,-1,,,,0,0,0,0,0,,0,0,0,0,0,0,1,0,,0,,0,0,0,,0,,0,,,,,,1,,,,,0,,0,,0,,0,0,0,0,0,,,,1,0,0,0,,0,0,0,0,0,0,0,0,0,0,0,0,0,,,0,0,0,0,0,0,0,0,0,,0,,,,0,,,,0,1,,,0,0,0,0,,0,0,0,0,0,0
map#e629d75dec744362,,1008.mdl,1,1,,,1,,,,,,,,,-1,-1,,,,,,,,,,,,,,,,,,,,,,,,,,,-1,,,-1,,,,,-1,,,,,,,-1,,,,,,,,,,,,,,,,-1,,,,,,,,-1,,,,,,,,,0,0,0,0,0,,0,0,0,0,0,0,1,1,,0,,0,0,0,,0,,0,,,,,,0,,,,,0,,0,,0,,1,0,0,1,0,,,,0,1,0,0,,0,0,0,1,0,0,0,0,0,0,0,0,0,,,0,0,0,0,0,0,1,0,0,,,,,,1,,,,0,0,,,,0,2,0,,0,0,0,0,,0
map#e63c798e6739661c,mp4061_02.mdl,mp4061_02.mdl,1,,,,1,,,,,,,,,-1,,,,,,,,,,,,,,,,,,,,,,,,,,,,-1,,,,,,,,-1,,,,,,,,,,,,,,,,,,,,,,,-1,,,,,,,,-1,,,,-1,,,,,0,0,0,0,0,,0,0,0,0,0,0,1,0,,0,,0,0,0,,0,,0,,,,,,0,,,,,0,,0,,0,,1,0,0,0,0,,,,0,1,0,0,,0,0,0,0,0,0,0,0,0,0,0,0,0,,,0,0,0,0,0,0,1,0,0,,,,,,1,,,,1,0,,,,0,2,0,,0,0,0,0,,0
map#e646f02e60cfe732,,ob4010vec00_l1.mdl,1,,,,1,,,,,,,,,-1,-1,,,,,,,,,,,,,,,,,,,,,,,,,,,-1,,,,,,,,-1,,,,,,,,-1,,,,,,,,,,,,,,,-1,,,,,,,,-1,,,,-1,,,,,0,0,0,0,0,,0,0,0,0,0,0,1,1,,0,,0,0,0,,0,,0,,,,,,0,,,,,0,,0,,0,,1,0,0,0,0,,,,0,1,0,0,,0,0,0,0,1,0,0,0,0,0,0,0,0,,,0,0,0,0,0,0,1,0,0,,,,,,1,,,,1,0,,,,0,2,2,,0,0,0,0,,0
map#e67e13f1a3c8c68f,mp0030_l1.mdl,mp0030_l1.mdl,0,,,,1,,,,,,,,,-1,,,,-1,,,,,,,,,,,,,,,,,,,,,,,,-1,,,,,,,,,,,,,,,,,,,,,,,,,,,,,,,-1,,,,,,,,,,,,,,,,,0,0,0,0,0,,0,0,0,0,0,0,1,0,,0,,1,0,0,,0,,0,,,,,,0,,,,,0,,0,,0,,1,0,0,0,0,,,,0,0,0,0,,0,0,0,0,0,0,0,0,0,0,0,0,0,,,0,0,0,0,0,0,1,0,0,,,,,,0,,,,0,0,,,,0,0,0,,0,0,0,0,,0
map#e6edd3a59f70c768,,ob_e13_003.mdl,1,,,,1,,,,,,,,,-1,,,,,,,,,-1,,,,,,,,,,,,,,,,,,,-1,,,-1,,,,,-1,,,,-1,,,,,,,,,,,,,,,,,,,-1,,,,,,,,-1,,,,,,,,,0,0,0,0,0,,0,0,0,0,0,0,1,0,,0,,0,0,0,,0,,1,,,,,,0,,,,,0,,0,,0,,1,0,0,1,0,,,,0,1,0,0,,1,0,0,0,0,0,0,0,0,0,0,0,0,,,0,0,0,0,0,0,1,0,0,,,,,,1,,,,0,0,,,0,0,0,0,,0,0,0,0,,0
map#e710767f9de4a2da,,equ9014.mdl,1,,,,1,,,,,,,,,-1,,,,,,,,,,,,,,,,,,,,,,,,,,,,-1,,,-1,,,,,-1,,,,,,,,,,,,,,,-1,,,,,,,,-1,,,,,,,,,,,,,,,,,0,0,0,0,0,,0,0,0,0,0,0,1,0,,0,,0,0,0,,0,,0,,,,,,0,,,,,0,,0,,0,,1,0,0,1,0,,,,0,1,0,0,,0,0,0,0,0,0,0,0,0,0,0,0,1,,,0,0,0,0,0,0,1,0,0,,0,,,,0,,,,0,0,,,0,0,0,0,,0,0,0,0,0,0
map#e7819a0e459656c2,mp3010_02.mdl,ob5110hou17.mdl,1,,,,1,,,,,,,,,-1,,,,-1,,,,,,,,,,,,,,,,,,,,,,,,-1,,,-1,,,,,-1,,,,,,,,,,,,,,,,,,,,,,,-1,,,,,,,,-1,,,,,,,,,0,0,0,0,0,,0,0,0,0,0,0,1,0,,0,,1,0,0,,0,,0,,,,,,0,,,,,0,,0,,0,,1,0,0,1,0,,,,0,1,0,0,,0,0,0,0,0,0,0,0,0,0,0,0,0,,,0,0,0,0,0,0,1,0,0,,,,,,1,,,,0,0,,,,0,2,0,,0,0,0,0,,0
map#e7875fb8ddee0cf3,,ob0000sky01.mdl,0,,,,0,,,,,,,,,-1,,,,,,,,,,-1,,,-1,,,,,,,,,,,,,,,,,,,,,,-1,,,,,,,,,,,,,,,,-1,,,,,,,,,,,,,,,,,,,,,,,,,0,0,0,0,0,,0,1,0,0,1,0,1,0,,0,,0,0,0,,0,,0,,,,,,0,,,,,0,,0,,0,,0,0,0,0,0,,,,1,0,0,0,,0,0,0,0,0,0,0,0,0,0,0,0,1,,,0,0,0,0,0,0,0,0,0,,,,,,0,,,,0,0,,,0,0,0,0,,0,0,0,0,,0
map#e7f62132a58af041,,ob5310kag03.mdl,1,,,,1,,,,,,,-1,,-1,,,,-1,,,,,,,,,,,,,,,,,,,,,,,,,,,,,,,,,,,,,,,,,,,,,,,,,,,,,,,-1,,,,,,,,,,,,,,,,,0,0,0,0,0,,1,0,0,0,0,0,1,0,,0,,1,0,0,,0,,0,,,,,,0,,,,,0,,0,,0,,0,0,0,0,0,,,,0,0,0,0,,0,0,0,0,0,0,0,0,0,0,0,0,0,,,0,0,0,0,0,0,1,0,0,,,,,,0,,,,0,0,,,,0,0,0,,0,0,0,0,,0
map#e80d5d2348adae65,924.mdl,a0301.mdl,0,,,,0,,,,,,,,,-1,,,,,,,,,,,,,,,,,,,,,,,,,,,,,,,,,,,,,,,,,,,,,,,,,,,,,,,,,,,-1,,,,,,,,,,,,,,,,,0,0,0,0,0,,0,0,0,0,0,0,1,0,,0,,0,0,0,,0,,0,,,,,,0,,,,,0,,0,,0,,0,0,0,0,0,,,,0,0,0,0,,0,0,0,0,0,0,0,0,0,0,0,0,0,,,0,0,0,0,0,0,1,0,0,,,,,,0,,,,0,0,,,,0,0,0,,0,0,0,0,,0
map#e81f92efc43e7c14,,ob0054lig01_l1.mdl,1,,,,1,,,,,,,,,-1,-1,,,,,,,,,,-1,,-1,,,,,,-1,,,,,,,,,-1,,,-1,,,,,-1,,,,,,,,,,,,,,,,,,,,,,,,,,,,,,,-1,,,,,,,,,0,0,0,0,0,,0,0,1,0,1,0,1,1,,0,,0,0,0,,0,,0,,,,,,1,,,,,0,,0,,0,,1,0,0,1,0,,,,0,1,0,0,,0,0,0,0,0,0,0,0,0,0,0,0,0,,,0,0,0,0,0,0,0,0,0,,0,,,,1,,,,0,0,,,0,0,1,0,,0,0,0,0,0,0
map#e853612d1f439919,,mp0050_l1.mdl,1,2,0,,1,,,,,,,,,-1,-1,,-1,-1,-1,,,,,,,,,,,,,,,,,,,,,,,-1,-1,-1,,,,,,-1,-1,-1,,,,,-1,,-1,,,,,,,,,,,,,,-1,,,,,,,,-1,,,,-1,,,,,0,0,0,0,0,,0,0,0,0,0,0,1,1,,1,,1,1,0,,0,,0,,,,,,0,,,,,0,,0,,0,,1,1,1,0,0,,,,0,1,1,1,,0,0,0,1,0,1,0,0,0,0,0,0,0,,,0,0,0,0,0,0,1,0,0,,0,,,,1,,,,1,0,,,0,0,0,0,,0,0,0,0,0,0
map#e8a97bfaebd9bed2,mp0010.mdl,,0,1,1,,1,,,,,,,,,-1,-1,,,-1,,,,,,-1,,,,,,,,,,,,,,,,,,-1,,,,,,,,-1,,,,,,,-1,,-1,,,,,,,,,,,,,,-1,,,,,,,,-1,,,,-1,,,,,0,0,0,0,0,,0,1,0,0,0,0,1,1,,0,,1,0,0,,0,,0,,,,,,0,,,,,0,,0,,0,,1,0,0,0,0,,,,0,1,0,0,,0,0,0,1,0,1,0,0,0,0,0,0,0,,,0,0,0,0,0,0,1,0,0,,,,,,1,,,,1,0,,,,0,2,0,,0,0,0,0,,0
map#e8fa88cde7a5acba,ob0041kag00.mdl,ob0041kag00.mdl,1,,,,1,,,,,,,,,-1,,,,,,,,,-1,,,,,,,,,,,,,,,,,,,-1,,,-1,,,,,,,,,,,,,,,,,,,,,,,,,,,,-1,,,,,,,,,,,,,,,,,0,0,0,0,0,,0,0,0,0,0,0,1,0,,0,,0,0,0,,0,,1,,,,,,0,,,,,0,,0,,0,,1,0,0,1,0,,,,0,0,0,0,,0,0,0,0,0,0,0,0,0,0,0,0,,,,0,0,,,,0,1,0,0,,,,,,0,,,,0,0,,,,0,0,0,,0,0,0,0,,0
map#e932bbc7c4d01ac6,ob0010hou04.mdl,ob2010hou19_l1.mdl,0,,,,1,,,,,,,,,-1,-1,,,,,,,,,,,,,,,,,,,,,,,,,,,-1,,,,,,,,-1,,,,,,,,,,,,,,,,,,,,,,,-1,,,,,,,,-1,,,,,,,,,0,0,0,0,0,,0,0,0,0,0,0,1,1,,0,,0,0,0,,0,,0,,,,,,0,,,,,0,,0,,0,,1,0,0,0,0,,,,0,1,0,0,,0,0,0,0,0,0,0,0,0,0,0,0,0,,,0,0,0,0,0,0,1,0,0,,,,,,1,,,,0,0,,,,0,2,2,,0,0,0,0,,0
map#e98b8769a1e78f48,mp0063_01.mdl,equ0547.mdl,1,,,,0,,,,,,,,,-1,,,,,,,,,,,,,,,,,,,,,,,,,,,,-1,,,-1,,,,,-1,,,,,,,,,,,,,,,,,,,,,,,-1,,,,,,,,-1,,,,,,,,,0,0,0,0,0,,0,0,0,0,0,0,1,0,,0,,0,0,0,,0,,0,,,,,,0,,,,,0,,0,,0,,1,0,0,1,0,,,,0,1,0,0,,0,0,0,0,0,0,0,0,0,0,0,0,0,,,0,0,0,0,0,0,1,0,0,,,,,,1,,,,0,0,,,,0,0,0,,0,0,0,0,,0
map#e9b0d6262a4dc864,,ob5200vec00.mdl,1,,,,1,,,,,,,,,-1,,,,,,,,,,-1,,,,,,,,,-1,,,,,,,,,,,,-1,,,,,,,,,,,,,,,,,,,,,,,,,,,,,,,,,,,,,,,,,,,,,0,0,0,0,0,,0,1,0,0,0,0,1,0,,0,,0,0,0,,0,,0,,,,,,1,,,,,0,,0,,0,,0,0,0,1,0,,,,0,0,0,0,,0,0,0,0,0,0,0,0,0,0,0,0,0,,,0,0,0,0,0,0,0,0,0,,0,,,,0,,,,0,0,,,0,0,0,0,,0,0,0,0,0,0
map#e9cbdc2138226037,ob0010hou13_l1.mdl,ob0010hou13_l1.mdl,1,,,,1,,,,,,,,,-1,,,,,,,,,,,,,,,,,,,,,,,,,,,,-1,,,,,,,,-1,,,,,,,,,,,,,,,,,,,,,,,-1,,,,,,,,-1,,,,,,,,,0,0,0,0,0,,0,0,0,0,0,0,1,0,,0,,0,0,0,,0,,0,,,,,,0,,,,,0,,0,,0,,1,0,0,0,0,,,,0,1,0,0,,0,0,0,0,0,0,0,0,0,0,0,0,0,,,0,0,0,0,0,0,1,0,0,,,,,,1,,,,0,0,,,,0,2,3,,0,0,0,0,,0
map#e9d38066df34653f,ob0000plt10_l1.mdl,ob0000plt10_l1.mdl,0,,,,1,-1,,,,,,,,-1,,,,-1,,,,,-1,,,,,,,,,,,,,,,,,,,-1,,,,,,,,,,,,,,,,,,,,,,,,,,,,,,,-1,,,,,,,,,,,,,-1,,,,1,0,0,0,0,,0,0,0,0,0,0,1,0,,0,,1,0,0,,0,,1,,,,,,0,,,,,0,,0,,0,,1,0,0,0,0,,,,0,0,0,0,,0,0,0,0,0,0,0,0,0,0,0,0,,,,0,0,,,,0,1,0,0,,,,,,0,,,,0,1,,,,0,0,0,,0,0,0,0,,0
map#ea421574b009289a,ob0000plt12.mdl,ob0000plt12.mdl,0,,,,0,-1,,,,,,,,-1,,,,,,,,,-1,,,,,,,,,,,,,,,,,,,,,,,,,,,,,,,,,,,,,,,,,,,,,,,,,-1,,,,,,,,,,,,,,,,,,1,0,0,0,0,,0,0,0,0,0,0,1,0,,0,,0,0,0,,0,,1,,,,,,0,,,,,0,,0,,0,,0,0,0,0,0,,,,0,0,0,0,,0,0,0,0,0,0,0,0,0,0,0,0,0,,,0,0,0,0,0,1,0,0,0,,,,,,0,,,,0,0,,,,0,0,0,,0,0,0,0,,0
map#ea4cf39d52979a49,ob0000plt11.mdl,ob0000plt11.mdl,0,,,,0,-1,,,,,,,,-1,,,,-1,,,,,-1,,,,,,,,,,,,,,,,,,,,,,,,,,,,,,,,,,,,,,,,,,,,,,,,,,-1,-1,,,,,,,,,,,,-1,,,,1,0,0,0,0,,0,0,0,0,0,0,1,0,,0,,1,0,0,,0,,1,,,,,,0,,,,,0,,0,,0,,0,0,0,0,0,,,,0,0,0,0,,0,0,0,0,0,0,0,0,0,0,0,0,0,,,0,0,0,0,0,0,1,1,0,,,,,,0,,,,0,1,,,,0,0,0,,0,0,0,0,,0
map#ea63917570b9d1e3,mp1031.mdl,mp1031.mdl,1,1,1,,1,,,,,,,,,-1,-1,,-1,-1,,-1,,,,,,,,,,,,,,,,,,,,,,-1,,,,,,,,-1,,,,,,,-1,,-1,,,,,,,,,,,,,,-1,,,,,,,,-1,,,,-1,,,,,0,0,0,0,0,,0,0,0,0,0,0,1,1,,1,,1,0,1,,0,,0,,,,,,0,,,,,0,,0,,0,,1,0,0,0,0,,,,0,1,0,0,,0,0,0,1,0,1,0,0,0,0,0,0,,,,0,0,,,,0,1,0,0,,,,,,1,,,,1,0,,,,0,0,1,,0,0,0,0,,0
map#eadb94df7182cbbe,,m8_ob8500evt51.mdl,0,,,,1,,,,,,,,,-1,,,,-1,,,,,,,,,,,,,,,,,,,,,,,,,,,,,,,-1,,,,,,,,,,,,,,,,,,,,,,,,,,,,,,,,,,,,,-1,,,,0,0,0,0,0,,0,0,0,0,0,0,1,0,,0,,1,0,0,,0,,0,,,,,,0,,,,,0,,0,,0,,0,0,0,0,0,,,,1,0,0,0,,0,0,0,0,0,0,0,0,0,0,0,0,0,,,0,0,0,0,0,0,0,0,0,,0,,,,0,,,,0,1,,,0,0,0,0,,0,0,0,0,0,0
map#eaedfdbf23c72be1,,mp5400.mdl,1,,1,,1,,,,,,,,,-1,-1,,,-1,,,,,,,,,,,,,,,,,,,,,-1,,,-1,-1,,-1,,,,,-1,-1,,,-1,,,,,-1,,,,,,,,,,,,,,-1,,,,,,,,-1,,,,-1,,,,,0,0,0,0,0,,0,0,0,0,0,0,1,1,,0,,1,0,0,,0,,0,,,,,,0,,,,,0,,1,,0,,1,1,0,1,0,,,,0,1,1,0,,1,0,0,0,0,1,0,0,0,0,0,0,0,,,0,0,0,0,0,0,1,0,0,,0,,,,1,,,,1,0,,,0,0,0,0,,0,0,0,0,0,0
map#eb67163408e7b241,ob2061hou00b.mdl,ob2061hou00b.mdl,1,,,,1,,,,,,,,,-1,-1,,-1,,,,,,,,,,,,,,,,,,,,,,,,,-1,,,,,,,,-1,,,,,,,,,,,,,,,,,,,,,,,-1,,,,,,,,-1,,,,-1,-1,,,,0,0,0,0,0,,0,0,0,0,0,0,1,1,,1,,0,0,0,,0,,0,,,,,,0,,,,,0,,0,,0,,1,0,0,0,0,,,,0,1,0,0,,0,0,0,0,0,0,0,0,0,0,0,0,0,,,0,0,0,0,0,0,1,0,0,,,,,,1,,,,1,1,,,,0,2,2,,0,0,0,0,,0
map#eb8c484973bb9cf1,mp2010_04.mdl,mp2010_04.mdl,1,,,,1,,,,,,,,,-1,,,,-1,,,,,,,,,,,,,,,,,,,,,-1,,,-1,,,,,,,,,,,,,,,,,,,,,,,,,,,,,,,-1,,,,,,,,-1,,,,-1,,,,,0,0,0,0,0,,0,0,0,0,0,0,1,0,,0,,1,0,0,,0,,0,,,,,,0,,,,,0,,1,,0,,1,0,0,0,0,,,,0,0,0,0,,0,0,0,0,0,0,0,0,0,0,0,0,0,,,0,0,0,0,0,0,1,0,0,,,,,,1,,,,1,0,,,,0,0,0,,0,0,0,0,,0
map#eb9e4c8109a3801a,,mp5600_01.mdl,1,,,,1,,,,,,,,,-1,-1,,,,,,,,,-1,,,-1,,,,,,-1,,,,,,,,,,-1,,,,,,,,-1,,,,,,,,,,,,,,,,,,,,,,-1,,,,,,,,-1,,,,,,,,,0,0,0,0,0,,0,1,0,0,1,0,1,1,,0,,0,0,0,,0,,0,,,,,,1,,,,,0,,0,,0,,0,1,0,0,0,,,,0,0,1,0,,0,0,0,0,0,0,0,0,0,0,0,0,0,,,0,0,0,0,0,0,1,0,0,,0,,,,1,,,,0,0,,,0,0,0,0,,0,0,0,0,0,0
map#ebacc305a89c92b6,mp1100.mdl,mp1100.mdl,1,,,,0,,,,,,,,-1,-1,,,,,,,,,,,,,,,,,,,-1,,,,,,,,,,,,,,,,-1,,,,,,,,,,,,,,,,,,,,,,,,,,,,,,,,,,,,,-1,,,,0,0,0,0,0,,0,0,0,0,0,1,1,0,,0,,0,0,0,,0,,0,,,,,,1,,,,,0,,0,,0,,0,0,0,0,0,,,,1,0,0,0,,0,0,0,0,0,0,0,0,0,0,0,0,0,,,0,0,0,0,0,0,0,0,0,,,,,,0,,,,0,1,,,,0,0,0,,0,0,0,0,,0
map#ec3bec49ca22b8e1,,mp0050.mdl,1,2,0,,1,,,,,,,,,-1,-1,,-1,-1,-1,,,,,,,,,,,,,,,,,,,,-1,,,-1,-1,-1,,,,,,-1,-1,-1,,,,,-1,,-1,,,,,,,,,,,,,,-1,,,,,,,,-1,,,,-1,-1,,,,0,0,0,0,0,,0,0,0,0,0,0,1,1,,1,,1,1,0,,0,,0,,,,,,0,,,,,0,,1,,0,,1,1,1,0,0,,,,0,1,1,1,,0,0,0,1,0,1,0,0,0,0,0,0,0,,,0,0,0,0,0,0,1,0,0,,0,,,,1,,,,1,1,,,0,0,0,0,,0,0,0,0,0,0
map#ec444a46682d657a,ob0010hou06.mdl,ob0010hou06.mdl,0,,,,1,,,,,,,,,-1,-1,,-1,-1,,,,,,,,,,,,,,,,,,,,,-1,,,-1,-1,,,,,,,,-1,,,,,,,,,,,,,,,,,,,,,,-1,,,,,,,,-1,,,,-1,,,,,0,0,0,0,0,,0,0,0,0,0,0,1,1,,1,,1,0,0,,0,,0,,,,,,0,,,,,0,,1,,0,,1,1,0,0,0,,,,0,0,1,0,,0,0,0,0,0,0,0,0,0,0,0,0,0,,,0,0,0,0,0,0,1,0,0,,,,,,1,,,,1,0,,,,0,0,2,,0,0,0,0,,0
map#ec4ad6b1cb53cc22,ob4010obj04.mdl,ob4010obj04.mdl,1,,,,1,,,,,,,,,-1,,,,,,,,,-1,,,,,,,,,,,,,,,,,,,-1,,,-1,,,,,-1,,,,,,,,,,,,,,,,,,,,,,,-1,-1,-1,,,,,,-1,,,,-1,,,,,0,0,0,0,0,,0,0,0,0,0,0,1,0,,0,,0,0,0,,0,,1,,,,,,0,,,,,0,,0,,0,,1,0,0,1,0,,,,0,1,0,0,,0,0,0,0,0,0,0,0,0,0,0,0,0,,,0,0,0,0,0,0,1,1,1,,,,,,1,,,,1,0,,,,0,0,0,,0,0,0,0,,0
map#ec5e55d40e7ae41b,ef_shp_z016.mdl,ef_shp_z016.mdl,1,,,,0,,,,,,,,,,,,,,,,,,,,,,,,,,,,,,,,,,,,,,,,,,,,,,,,,,,,,,,,,,,,,,,,,,,,,,,,,,,,,,,,,-1,,,,0,0,0,0,0,,0,0,0,0,0,0,0,0,,0,,0,0,0,,0,,0,,,,,,0,,,,,,,0,,0,,0,0,0,0,0,,,,0,0,0,0,,0,0,0,0,0,0,0,0,0,0,0,,,,,0,0,,,,0,0,0,0,0,,,,,0,,,,0,1,,,,,0,0,,0,0,,0,,0
map#ec5f8f95fa296f61,,mp6500.mdl,0,1,1,1,0,,,,,,,,,-1,-1,,-1,-1,-1,-1,,,,,,,,,,,,,,,,,,,,,,-1,-1,-1,,,,,,,-1,-1,,,,,-1,,-1,,,-1,,,,,,,,,,,-1,,,,,,,,-1,,,,-1,,,,,0,0,0,0,0,,0,0,0,0,0,0,1,1,,1,,1,1,1,,0,,0,,,,,,0,,,,,0,,0,,0,,1,1,1,0,0,,,,0,0,1,1,,0,0,0,1,0,1,0,0,1,0,0,0,0,,,0,0,0,0,0,0,1,0,0,,0,,,,1,,,,1,0,,,0,0,0,0,,0,0,0,0,0,0
map#ed398254a0493850,,mp5400.mdl,1,,,,1,,,,,,,,,-1,-1,,,,,,,,,,,,,,,,,,,,,,,,,,,-1,-1,,-1,,,,,-1,-1,,,-1,-1,,,,,,,,,,,,,,,,,,-1,,,,,,,,-1,,,,-1,,,,,0,0,0,0,0,,0,0,0,0,0,0,1,1,,0,,0,0,0,,0,,0,,,,,,0,,,,,0,,0,,0,,1,1,0,1,0,,,,0,1,1,0,,1,1,0,0,0,0,0,0,0,0,0,0,0,,,0,0,0,0,0,0,1,0,0,,0,,,,1,,,,1,0,,,0,0,0,0,,0,0,0,0,0,0
map#ed77a5078552d333,mp1010_01.mdl,mp1010_01.mdl,1,,,,1,,,,,,,,,-1,-1,,-1,,,,,,,,,,,,,,,,,,,,,,,,,-1,,,,,,,,-1,,,,,,,,,,,,,,,,,,,,,,,-1,,,,,,,,-1,,,,-1,,,,,0,0,0,0,0,,0,0,0,0,0,0,1,1,,1,,0,0,0,,0,,0,,,,,,0,,,,,0,,0,,0,,1,0,0,0,0,,,,0,1,0,0,,0,0,0,0,0,0,0,0,0,0,0,0,0,,,0,0,0,0,0,0,1,0,0,,,,,,1,,,,1,0,,,,0,2,2,,0,0,0,0,,0
map#ed969dc8600ee990,,mp4030.mdl,1,,,1,1,,,,,,,,,-1,-1,,-1,,-1,-1,,,,,,,,,,,,,,,,,,,,,,-1,,-1,,,,,,-1,,-1,,,,,,,,,,-1,,,,,,,,,,,-1,,,,,,,,-1,,,,-1,,,,,0,0,0,0,0,,0,0,0,0,0,0,1,1,,1,,0,1,1,,0,,0,,,,,,0,,,,,0,,0,,0,,1,0,1,0,0,,,,0,1,0,1,,0,0,0,0,0,0,0,0,1,0,0,0,0,,,0,0,0,0,0,0,1,0,0,,0,,,,1,,,,1,0,,,0,0,0,0,,0,0,0,0,0,0
map#edc1df9c13033993,ef_obj_n007.mdl,,1,,,,1,,,,,,,,,-1,,,,,,,,,,,,,,,,,,,-1,,,,,,,,,-1,,,,,,,-1,-1,,,,,,,,,,,,,,,,,,,,,,,,,,,,,,,,,,,,,,,,0,0,0,0,0,,0,0,0,0,0,0,1,0,,0,,0,0,0,,0,,0,,,,,,1,,,,,,,0,,0,,1,0,0,0,0,,,,1,1,0,0,,0,0,0,0,0,0,0,0,0,0,0,,,,,0,0,,,,0,0,0,0,0,,,,,0,,,,0,0,,,,,0,0,,0,0,,0,,0
map#ee322918c3f4ff9d,,mp8500.mdl,1,,,,1,-1,,,,,,,,-1,,,,,,,,,,,,,,,,,,,,,,,,,,,,,,,-1,,,,,,,,,,,,,,,,,,,,-1,,,,,,,,-1,,,,,,,,-1,,,,,-1,,,,1,0,0,0,0,,0,0,0,0,0,0,1,0,,0,,0,0,0,,0,,0,,,,,,0,,,,,0,,0,,0,,0,0,0,1,0,,,,0,0,0,0,,0,0,0,0,0,0,0,0,0,0,0,0,1,,,0,0,0,0,0,0,1,0,0,,0,,,,1,,,,0,1,,,0,0,0,0,,0,0,0,0,0,0
map#ee63d06366f9cb66,,mp6100_01.mdl,1,,,,1,,,,,,,,,-1,-1,,-1,,,,,,,,,,,,,,,,,,,,,,,,,,,,-1,,,,,-1,,,,,,,,,,,,,,,,,,,,,,,-1,,,,,,,,-1,,,,-1,,,,,0,0,0,0,0,,0,0,0,0,0,0,1,1,,1,,0,0,0,,0,,0,,,,,,0,,,,,0,,0,,0,,0,0,0,1,0,,,,0,1,0,0,,0,0,0,0,0,0,0,0,0,0,0,0,0,,,0,0,0,0,0,0,1,0,0,,0,,,,1,,,,1,0,,,0,0,0,0,,0,0,0,0,0,0
map#eea1b59d36b878aa,ef_obj_a026.mdl,ef_obj_a412.mdl,1,,,,0,,,,,,,,,,,,,,,,,,,,,,,,,,,,,,,,,,,,,,,,,,,,,,,,,,,,,,,,,,,,,,,,,,,,,,,,,,,,,,,,,,,,,0,0,0,0,0,,0,0,0,0,0,0,0,0,,0,,0,0,0,,0,,0,,,,,,0,,,,,,,0,,0,,0,0,0,0,0,,,,0,0,0,0,,0,0,0,0,0,0,0,0,0,0,0,,,,,0,0,,,,0,0,0,0,0,,,,,0,,,,0,0,,,,,0,0,,0,0,,0,,0
map#eea9b8b60cc91d04,,ob0000lig00c_l1.mdl,1,,,,0,,,,,,,,,-1,,,,,,,,,,,,,,,,,,,-1,,,,-1,,,,,-1,,,,,,,,-1,,,,,,,,,,,,,,,,,,,,,,,-1,,,,,,,,-1,,,,,,,,,0,0,0,0,0,,0,0,0,0,0,0,1,0,,0,,0,0,0,,0,,0,,,,,,1,,,,,1,,0,,0,,1,0,0,0,0,,,,0,1,0,0,,0,0,0,0,0,0,0,0,0,0,0,0,0,,,0,0,0,0,0,0,1,0,0,,0,,,,1,,,,0,0,,,0,0,0,0,,0,0,0,0,0,0
map#eed1bb9c99aa1877,,mp1082.mdl,0,,1,1,1,,,,,,,,,-1,-1,,-1,,,,,,,,,,,,,,,,,,,,,,-1,,,-1,-1,-1,,,,,,-1,-1,-1,,,,,,,-1,,,-1,,,,,,,,,,,-1,,,,,,,,-1,,,,-1,-1,,,,0,0,0,0,0,,0,0,0,0,0,0,1,1,,1,,0,0,0,,0,,0,,,,,,0,,,,,0,,1,,0,,1,1,1,0,0,,,,0,1,1,1,,0,0,0,0,0,1,0,0,1,0,0,0,0,,,0,0,0,0,0,0,1,0,0,,0,,,,1,,,,1,1,,,0,0,0,2,,0,0,0,0,0,0
map#ef03b3b310ed2d0a,,mp2071_01.mdl,1,,,,0,,,,,,,,,-1,,,,,,,,,,,,,,,,,,,,,,,,,,,,,,,-1,,,,,,,,,,,,,,,,,,,,,,,,,,,,,,,,,,,,,,,,,,,,,0,0,0,0,0,,0,0,0,0,0,0,1,0,,0,,0,0,0,,0,,0,,,,,,0,,,,,0,,0,,0,,0,0,0,1,0,,,,0,0,0,0,,0,0,0,0,0,0,0,0,0,0,0,0,0,,,0,0,0,0,0,0,0,0,0,,0,,,,0,,,,0,0,,,0,0,0,0,,0,0,0,0,0,0
map#ef266d715f553ab3,ef_obj_n009.mdl,equ2003.mdl,1,,,,0,,,,,,,,,-1,,,,-1,,,,,,,,,,,,,,,,,,,,,,,,,,,,,,,,,,,,,,,,,,,,,,,,,,,,,,,-1,,,,,,,,,,,,,,,,,0,0,0,0,0,,0,0,0,0,0,0,1,0,,0,,1,0,0,,0,,0,,,,,,0,,,,,,,0,,0,,0,0,0,0,0,,,,0,0,0,0,,0,0,0,0,0,0,0,0,0,0,0,,,,,0,0,,,,0,1,0,0,0,,,,,0,,,,0,0,,,,,0,0,,0,0,,0,,0
map#ef2dd77b27678c57,,ob_e20_037.mdl,0,,,,1,,,,,,,,-1,-1,,,,,,,,,,,,,,,,,,,,,,,,,,,,-1,,,-1,,,,,-1,,,,,,,,,,,,,,,,,,,,,,,-1,,,,,,-1,,-1,,,,,,,,,0,0,0,0,0,,0,0,0,0,0,1,1,0,,0,,0,0,0,,0,,0,,,,,,0,,,,,0,,0,,0,,1,0,0,1,0,,,,0,1,0,0,,0,0,0,0,0,0,0,0,0,0,0,0,0,,,0,1,0,0,0,0,1,0,0,,0,,,,1,,,,0,0,,,0,0,0,0,,0,0,0,0,0,0
map#ef9ab5fbff982403,,ob4010hou39c.mdl,0,,,,0,,,,,,,,-1,-1,,,,,,,,,,,,,,,,,,,-1,,,,,,,,,,,,,,,,-1,,,,,,,,,,,,,,,,-1,,,,,,,,,,,,,,,,,,,,,-1,,,,0,0,0,0,0,,0,0,0,0,0,1,1,0,,0,,0,0,0,,0,,0,,,,,,1,,,,,0,,0,,0,,0,0,0,0,0,,,,1,0,0,0,,0,0,0,0,0,0,0,0,0,0,0,0,1,,,0,0,0,0,0,0,0,0,0,,0,,,,0,,,,0,1,,,0,0,0,0,,0,0,0,0,0,0
map#efbe79454ae961b4,mp2071_01.mdl,m8_ob8500dor54_2.mdl,1,,,,1,,,,,,,,,-1,,,,,,,,-1,,,,,,,,,,,,,,,,,,,,-1,,,-1,,,,,-1,,,,,,,,,,,,,,,,,,,,,,,-1,,,,,,,,-1,,,,,,,,,0,0,0,0,0,,0,0,0,0,0,0,1,0,,0,,0,0,0,,1,,0,,,,,,0,,,,,0,,0,,0,,1,0,0,1,0,,,,0,1,0,0,,0,0,0,0,0,0,0,0,0,0,0,0,0,,,0,0,0,0,0,0,1,0,0,,,,,,1,,,,0,0,,,,0,0,0,,0,0,0,0,,0
map#f075dda02cd83a12,,ob2000obj00.mdl,1,,,,0,,,,,,,,,-1,,,,-1,,,,,,,,,,,,,,,,,,,,,,,,,,,,,,,,,,,,,,,,,,,,,,,-1,,,,,,,,,,,,,,,,,,,,,-1,,,,0,0,0,0,0,,0,0,0,0,0,0,1,0,,0,,1,0,0,,0,,0,,,,,,0,,,,,0,,0,,0,,0,0,0,0,0,,,,0,0,0,0,,0,0,0,0,0,0,0,0,0,0,0,0,1,,,0,0,0,0,0,0,0,0,0,,0,,,,0,,,,0,1,,,0,0,0,0,,0,0,0,0,0,0
map#f076e312e90d9a57,,ob4040obj00.mdl,1,,,,0,,,,,,,,,-1,,,,-1,,,,,,,,,,,,,,,,,,,,,,,,-1,,,,,,,,-1,,,,,,,,,,,,,,,,,,,,,,,,,,,,,,,,,,,,-1,,,,0,0,0,0,0,,0,0,0,0,0,0,1,0,,0,,1,0,0,,0,,0,,,,,,0,,,,,0,,0,,0,,1,0,0,0,0,,,,0,1,0,0,,0,0,0,0,0,0,0,0,0,0,0,0,0,,,0,0,0,0,0,0,0,0,0,,,,,,0,,,,0,1,,,,0,0,0,,0,0,0,0,,0
map#f0dd0b4a33710a98,,ob5310obj02.mdl,1,,,,0,,,,,,,,,-1,-1,,,,,,,,,,,,,,,,,,-1,,,,,,,,,,,,,,,,-1,,,,,,,,,,,,,,,,,,,,,,,,,,,,,,,,,,,,,,,,,0,0,0,0,0,,0,0,0,0,0,0,1,1,,0,,0,0,0,,0,,0,,,,,,1,,,,,0,,0,,0,,0,0,0,0,0,,,,1,0,0,0,,0,0,0,0,0,0,0,0,0,0,0,0,0,,,0,0,0,0,0,0,0,0,0,,0,,,,0,,,,0,0,,,0,0,4,0,,0,0,0,0,0,0
map#f0ea81f1984f91c4,,ob5110lig00.mdl,1,,,,1,,,,,,,,,-1,,,,-1,,,,,,,,,,,,,,,,,,,,,,,,-1,,,,,,,,-1,,,,,,,,,,,,,,,,,,,,,,,,,,,,,,,,,,,,,,,,0,0,0,0,0,,0,0,0,0,0,0,1,0,,0,,1,0,0,,0,,0,,,,,,0,,,,,0,,0,,0,,1,0,0,0,0,,,,0,1,0,0,,0,0,0,0,0,0,0,0,0,0,0,0,0,,,0,0,0,0,0,0,0,0,0,,0,,,,0,,,,0,0,,,0,0,0,0,,0,0,0,0,0,0
map#f0ee7222b478a9f8,,mp0050.mdl,1,2,0,,1,,,,,,,,,-1,-1,,-1,-1,-1,-1,,,,,,,,,,,,,,,,,,,-1,,,-1,-1,-1,,,,,,-1,-1,-1,,,,,-1,-1,-1,,,,,,,,,,,,,,-1,,,,,,,,-1,,,,-1,-1,,,,0,0,0,0,0,,0,0,0,0,0,0,1,1,,1,,1,1,1,,0,,0,,,,,,0,,,,,0,,1,,0,,1,1,1,0,0,,,,0,1,1,1,,0,0,0,1,1,1,0,0,0,0,0,0,0,,,0,0,0,0,0,0,1,0,0,,0,,,,1,,,,1,1,,,0,0,0,0,,0,0,0,0,0,0
map#f130b45eb4c056e3,mp0041_00.mdl,mp0041_00.mdl,1,,,,1,,,,,,,,,-1,,,,-1,,,,,,,,,,,,,,,-1,,,,,,,,,,,,,,,,-1,,,,,,,,,,,,,,,,,,,,,,,,,,,,,,,,,,,,,,,,,0,0,0,0,0,,0,0,0,0,0,0,1,0,,0,,1,0,0,,0,,0,,,,,,1,,,,,,,0,,0,,0,0,0,0,0,,,,1,0,0,0,,0,0,0,0,0,0,0,0,0,0,0,0,,,,0,0,,,,0,0,0,0,,,,,,0,,,,0,0,,,,0,0,0,,0,0,0,0,,0
map#f196ef8a4f13f7e4,ob0000rok00_l1.mdl,ob0000rok07_l1.mdl,1,,,,1,,,,,,,,,-1,-1,,-1,-1,-1,-1,,,,,,,,,,,,,,,,,,,,,,-1,-1,-1,,,,,,-1,-1,-1,,,,,,-1,,,,,-1,,,,,,-1,-1,-1,,-1,,,,,,,,-1,,,,-1,-1,,,,0,0,0,0,0,,0,0,0,0,0,0,1,1,,1,,1,1,1,,0,,0,,,,,,0,,,,,0,,0,,0,,1,1,1,0,0,,,,0,1,1,1,,0,0,0,0,1,0,0,0,0,0,1,0,0,,,0,0,1,1,1,0,1,0,0,,,,,,1,,,,1,1,,,,0,0,0,,0,0,0,0,,0
map#f1c1640973c5cc95,mp0010.mdl,,0,1,1,,1,,,,,,,,,-1,-1,,,,,,,,,-1,,,,,,,,,,,,,,,,,,-1,-1,,,,,,,-1,,,,,,,-1,,-1,,,,,,,,,,,,,,-1,,,,,,,,,,,,-1,,,,,0,0,0,0,0,,0,1,0,0,0,0,1,1,,0,,0,0,0,,0,,0,,,,,,0,,,,,0,,0,,0,,1,1,0,0,0,,,,0,1,0,0,,0,0,0,1,0,1,0,0,0,0,0,0,0,,,0,0,0,0,0,0,1,0,0,,,,,,0,,,,1,0,,,,0,0,0,,0,0,0,0,,0
map#f1e619c28f6a6950,,ob1010hou19.mdl,0,1,,,1,,,,,,,,,-1,,,-1,,,,,,,,,,,,,,,,,,,,,,,,,-1,,,,,,,,-1,,,,,,,-1,,,,,,,,,,,,,,,,-1,,,,,,,,-1,,,,,,,,,0,0,0,0,0,,0,0,0,0,0,0,1,0,,1,,0,0,0,,0,,0,,,,,,0,,,,,0,,0,,0,,1,0,0,0,0,,,,0,1,0,0,,0,0,0,1,0,0,0,0,0,0,0,0,0,,,0,0,0,0,0,0,1,0,0,,,,,,1,,,,0,0,,,0,0,0,2,,0,0,0,0,0,0
map#f1f66e660fb49b07,,mp8500_01.mdl,0,,,,1,,,,,,,,,-1,,,,-1,,,,-1,,,,,,,,,,,,,,,,,,,,-1,,,-1,,,,,-1,,,,-1,,,,,,,,,,,,,,,,,,,-1,,,,,,,,-1,,,,,,,,,0,0,0,0,0,,0,0,0,0,0,0,1,0,,0,,1,0,0,,1,,0,,,,,,0,,,,,0,,0,,0,,1,0,0,1,0,,,,0,1,0,0,,1,0,0,0,0,0,0,0,0,0,0,0,0,,,0,0,0,0,0,0,1,0,0,,0,,,,1,,,,0,0,,,0,0,0,0,,0,0,0,0,0,0
map#f24041bd043f5773,ob4010hou56.mdl,ob4010hou56.mdl,1,,,,1,,,,,,,,,-1,,,,,,,,-1,,,,,,,,,,,,,,,,,,,,-1,,,-1,,,,,,,,,,,,,,,,,,,,,,,,,,,,-1,,,,,,,,-1,,,,,,,,,0,0,0,0,0,,0,0,0,0,0,0,1,0,,0,,0,0,0,,1,,0,,,,,,0,,,,,0,,0,,0,,1,0,0,1,0,,,,0,0,0,0,,0,0,0,0,0,0,0,0,0,0,0,0,0,,,0,0,0,0,0,0,1,0,0,,,,,,1,,,,0,0,,,,0,0,0,,0,0,0,0,,0
map#f2597a0f053fed0c,mp1010_06.mdl,mp1010_06.mdl,1,,,,1,,,,,,,,,-1,,,-1,,,,,,,,,,,,,,,,,,,,,,,,,-1,,,,,,,,-1,,,,,,,,,,,,,,,,,,,,,,,-1,,,,,,,,-1,,,,-1,,,,,0,0,0,0,0,,0,0,0,0,0,0,1,0,,1,,0,0,0,,0,,0,,,,,,0,,,,,0,,0,,0,,1,0,0,0,0,,,,0,1,0,0,,0,0,0,0,0,0,0,0,0,0,0,0,0,,,0,0,0,0,0,0,1,0,0,,,,,,1,,,,1,0,,,,0,0,2,,0,0,0,0,,0
map#f2eba1443a917db8,,ob8500hou50.mdl,0,,,,1,,,,,,,,,-1,,,,-1,,,,-1,,-1,,,-1,,,,,,,,,,,,,,,,,,,,,,-1,,,,,,,,,,,,,,,,,,,,,,,,,,,,,,,,,,,,,,,,,0,0,0,0,0,,0,1,0,0,1,0,1,0,,0,,1,0,0,,1,,0,,,,,,0,,,,,0,,0,,0,,0,0,0,0,0,,,,1,0,0,0,,0,0,0,0,0,0,0,0,0,0,0,0,0,,,0,0,0,0,0,0,0,0,0,,0,,,,0,,,,0,0,,,0,0,0,0,,0,0,0,0,0,0
map#f31408cb7767c786,mp2010.mdl,mp2010.mdl,0,,,,1,-1,,,,,,,,-1,,,,,,,,,,,,,,,,,,,,,,,,,,,,,,,-1,,,,,,,,,,,,,,,,,,,,,,,,,,,,-1,,,,,,,,-1,,,,,,,,,1,0,0,0,0,,0,0,0,0,0,0,1,0,,0,,0,0,0,,0,,0,,,,,,0,,,,,0,,0,,0,,0,0,0,1,0,,,,0,0,0,0,,0,0,0,0,0,0,0,0,0,0,0,0,0,,,0,0,0,0,0,0,1,0,0,,,,,,1,,,,0,0,,,,0,0,0,,0,0,0,0,,0
map#f39da1fb5282131e,mp3010.mdl,mp0051.mdl,1,1,1,,1,,,,,,,,,-1,-1,,,,,,,,,,,,,,,,,,,,,,,,,,,-1,-1,,,,,,,-1,-1,,,,,,-1,,-1,,,,,,,,,,,,,,-1,,,,,,,,-1,,,,-1,,,,,0,0,0,0,0,,0,0,0,0,0,0,1,1,,0,,0,0,0,,0,,0,,,,,,0,,,,,0,,0,,0,,1,1,0,0,0,,,,0,1,1,0,,0,0,0,1,0,1,0,0,0,0,0,0,0,,,0,0,0,0,0,0,1,0,0,,,,,,1,,,,1,0,,,,0,0,0,,0,0,0,0,,0
map#f3d41d32c5711a9a,mp0042.mdl,mp0042.mdl,0,,1,1,1,,,,,,,,,-1,-1,,-1,,,,,,,,,,,,,,,,,,,,,,-1,,,-1,-1,-1,,,,,,-1,-1,-1,,,,,,,-1,,,-1,,,,,,,,,,,-1,,,,,,,,-1,,,,-1,-1,,,,0,0,0,0,0,,0,0,0,0,0,0,1,1,,1,,0,0,0,,0,,0,,,,,,0,,,,,0,,1,,0,,1,1,1,0,0,,,,0,1,1,1,,0,0,0,0,0,1,0,0,1,0,0,0,0,,,0,0,0,0,0,0,1,0,0,,,,,,1,,,,1,1,,,,0,0,0,,0,0,0,0,,0
map#f3df9600d911e35a,mp4010.mdl,a1214.mdl,1,,,,1,-1,,,,,,,,-1,,,,-1,,,,,,,,,,,,,,,,,,,,,,,,-1,,,,,,,,-1,,,,,,,,,,,,,,,,,,,,,,,-1,,,,,,,,-1,,,,,-1,,,,1,0,0,0,0,,0,0,0,0,0,0,1,0,,0,,1,0,0,,0,,0,,,,,,0,,,,,0,,0,,0,,1,0,0,0,0,,,,0,1,0,0,,0,0,0,0,0,0,0,0,0,0,0,0,0,,,0,0,0,0,0,0,1,0,0,,,,,,1,,,,0,1,,,,0,0,0,,0,0,0,0,,0
map#f3f3a78df1068a8c,,ob0000sky13.mdl,1,,,,0,,,,,,,,,-1,,,,,,,,,,-1,,,,,,,,,,,,,,,,,,,,,,,,,-1,,,,,,,,,,,,,,,,,,,,,,,,,,,,,,,,,,,,,-1,,,,0,0,0,0,0,,0,1,0,0,0,0,1,0,,0,,0,0,0,,0,,0,,,,,,0,,,,,0,,0,,0,,0,0,0,0,0,,,,1,0,0,0,,0,0,0,0,0,0,0,0,0,0,0,0,0,,,0,0,0,0,0,0,0,0,0,,0,,,,0,,,,0,1,,,0,0,0,0,,0,0,0,0,0,0
map#f4156a9359873f03,,ob5110hou13.mdl,1,,,,0,,,,,,,,,-1,,,,-1,,,,,-1,,,,,,,,,,-1,,,,,,,,,,,,,,,,,,,,,,,,,,,,,,,,,,,,,,,,,,,,,,,,,,,,,,,,,0,0,0,0,0,,0,0,0,0,0,0,1,0,,0,,1,0,0,,0,,1,,,,,,1,,,,,0,,0,,0,,0,0,0,0,0,,,,0,0,0,0,,0,0,0,0,0,0,0,0,0,0,0,0,0,,,0,0,0,0,0,0,0,0,0,,0,,,,0,,,,0,0,,,0,0,0,0,,0,0,0,0,0,0
map#f427646687a68c85,,a1207.mdl,0,1,,1,1,,,,,,,,,-1,,,-1,,-1,-1,,,,,,,,,,,,,,,,,,,-1,,,-1,,-1,,,,,,-1,,-1,,,,,-1,,,,,-1,,,,,,,,,,,-1,,,,,,,,-1,,,,-1,,,,,0,0,0,0,0,,0,0,0,0,0,0,1,0,,1,,0,1,1,,0,,0,,,,,,0,,,,,0,,1,,0,,1,0,1,0,0,,,,0,1,0,1,,0,0,0,1,0,0,0,0,1,0,0,0,0,,,0,0,0,0,0,0,1,0,0,,,,,,1,,,,1,0,,,,0,0,0,,0,0,0,0,,0
map#f4ba64df820fa24b,mp1071.mdl,mp2010_06.mdl,1,,,,1,,,,,,,,,-1,,,,,,,,,,,,,,,,,,,,,,,,,,,,-1,,,-1,,,,,-1,,,,,,,,,,,,,,,,,,,,,,,-1,,,,,,,,-1,,,,,,,,,0,0,0,0,0,,0,0,0,0,0,0,1,0,,0,,0,0,0,,0,,0,,,,,,0,,,,,0,,0,,0,,1,0,0,1,0,,,,0,1,0,0,,0,0,0,0,0,0,0,0,0,0,0,0,0,,,0,0,0,0,0,0,1,0,0,,,,,,1,,,,0,0,,,,0,0,2,,0,0,0,0,,0
map#f4ce1419d656d256,ob2051hou00.mdl,ob2051hou00.mdl,1,,,,1,,,,,,,,,-1,-1,,-1,-1,,,,,,,,,,,,,,,,,,,,,,,,-1,,,,,,,,-1,,,,,,,,,,,,,,,,,,,,,,,-1,,,,,,,,-1,,,,-1,,,,,0,0,0,0,0,,0,0,0,0,0,0,1,1,,1,,1,0,0,,0,,0,,,,,,0,,,,,0,,0,,0,,1,0,0,0,0,,,,0,1,0,0,,0,0,0,0,0,0,0,0,0,0,0,0,0,,,0,0,0,0,0,0,1,0,0,,,,,,1,,,,1,0,,,,0,0,2,,0,0,0,0,,0
map#f51e5742fe4a04ee,,ob0000sky08.mdl,0,,,,0,,,,,,,,,-1,-1,,-1,,,-1,,-1,,,,-1,-1,,,,,,-1,,,,,,,,,,,,,,,,-1,,,,,,,,,,,,,,,,-1,,,,,,,,,,,,,,,,,,,,-1,-1,,,,0,0,0,0,0,,0,0,0,1,1,0,1,1,,1,,0,0,1,,1,,0,,,,,,1,,,,,0,,0,,0,,0,0,0,0,0,,,,1,0,0,0,,0,0,0,0,0,0,0,0,0,0,0,0,1,,,0,0,0,0,0,0,0,0,0,,,,,,0,,,,1,1,,,0,0,1,0,,0,0,0,0,,0
map#f52643e5f001e784,ob2071lig01.mdl,mp5110_20.mdl,1,,,,1,,,,,,,,,-1,,,,,,,,,,,,,,,,,,,-1,,,,-1,,,,,-1,,,-1,,,,,-1,,,,,,,,,,,,,,,,,,,,,,,-1,,,,,,,,-1,,,,,,,,,0,0,0,0,0,,0,0,0,0,0,0,1,0,,0,,0,0,0,,0,,0,,,,,,1,,,,,1,,0,,0,,1,0,0,1,0,,,,0,1,0,0,,0,0,0,0,0,0,0,0,0,0,0,0,0,,,0,0,0,0,0,0,1,0,0,,,,,,1,,,,0,0,,,,0,0,0,,0,0,0,0,,0
map#f539b98faec4e3e4,924.mdl,mp3010.mdl,1,1,1,,1,,,,,,,,,-1,-1,,,,,,,,,,,,,,,,,,,,,,,,,,,-1,,,,,,,,-1,,,,,,,-1,-1,-1,,,,,,,,,,,,,,-1,,,,,,,,-1,,,,-1,,,,,0,0,0,0,0,,0,0,0,0,0,0,1,1,,0,,0,0,0,,0,,0,,,,,,0,,,,,0,,0,,0,,1,0,0,0,0,,,,0,1,0,0,,0,0,0,1,1,1,0,0,0,0,0,0,0,,,0,0,0,0,0,0,1,0,0,,,,,,1,,,,1,0,,,,0,0,0,,0,0,0,0,,0
map#f5759c0e87ae9007,mp0041_00.mdl,mp0041_00.mdl,0,,,,1,,,,,,,,,-1,-1,,,-1,-1,,,,,,,,,,,,,,,,,,,,-1,,,-1,-1,,,,,,,,-1,,,,,,,,,,,,,,,,,,,,,,-1,,,,,,,,-1,,,,-1,,,,,0,0,0,0,0,,0,0,0,0,0,0,1,1,,0,,1,1,0,,0,,0,,,,,,0,,,,,,,1,,0,,1,1,0,0,0,,,,0,0,1,0,,0,0,0,0,0,0,0,0,0,0,0,0,,,,0,0,,,,0,1,0,0,,,,,,1,,,,1,0,,,,0,0,0,,0,0,0,0,,0
map#f5dfe5544c256097,equ0503.mdl,equ0503.mdl,1,,,,1,,,,,,,,,-1,,,,,,,,,,,,,,,,,,,,,,,,,,,,-1,,,-1,,,,,-1,,,,,,,,,,,,,,,,,,,,,,,-1,,,,,,,,,,,,,,,,,0,0,0,0,0,,0,0,0,0,0,0,1,0,,0,,0,0,0,,0,,0,,,,,,0,,,,,0,,0,,0,,1,0,0,1,0,,,,0,1,0,0,,0,0,0,0,0,0,0,0,0,0,0,0,0,,,0,0,0,0,0,0,1,0,0,,,,,,0,,,,0,0,,,,0,0,0,,0,0,0,0,,0
map#f5fc63de47927618,ob_s05_019.mdl,ob_s05_019.mdl,0,,,,0,-1,,,,,,,,-1,,,,,,,,,-1,,,,,,,,,,,,,,,,,,,,,,,,,,,,,,,,,,,,,,,,,,,,,,,,,,-1,,,,,,,,-1,,,,,,,,,1,0,0,0,0,,0,0,0,0,0,0,1,0,,0,,0,0,0,,0,,1,,,,,,0,,,,,0,,0,,0,,0,0,0,0,0,,,,0,0,0,0,,0,0,0,0,0,0,0,0,0,0,0,0,0,,,0,0,0,0,0,0,1,0,0,,,,,,1,,,,0,0,,,,0,0,0,,0,0,0,0,,0
map#f6ab252c4305669a,ob4061obj12.mdl,ob4061obj12.mdl,0,,,,0,-1,,,,,,,,-1,,,,-1,,,,-1,-1,,,,,,,,,,,,,,,,,,,,,,,,,,,,,,,,,,,,,,,,,,,,,,,,,,,,,,,,,,,,,,,-1,,,,1,0,0,0,0,,0,0,0,0,0,0,1,0,,0,,1,0,0,,1,,1,,,,,,0,,,,,0,,0,,0,,0,0,0,0,0,,,,0,0,0,0,,0,0,0,0,0,0,0,0,0,0,0,0,0,,,0,0,0,0,0,0,0,0,0,,,,,,0,,,,0,1,,,,0,0,0,,0,0,0,0,,0
map#f701f2a54f9fd02f,,mp5600_01.mdl,1,,,,1,,,,,,,,,-1,-1,,,,,,,,,-1,,,-1,,,,,,-1,,,,-1,,,,,,-1,,-1,,,,,,-1,,,,-1,,,,,,,,,,,,,,,,,,-1,,,,,,,,-1,,,,,,,,,0,0,0,0,0,,0,1,0,0,1,0,1,1,,0,,0,0,0,,0,,0,,,,,,1,,,,,1,,0,,0,,0,1,0,1,0,,,,0,0,1,0,,0,1,0,0,0,0,0,0,0,0,0,0,0,,,0,0,0,0,0,0,1,0,0,,0,,,,1,,,,0,0,,,0,0,0,0,,0,0,0,0,0,0
map#f7aba0996cb788ec,ob2051hou04.mdl,ob2051hou04.mdl,1,,,,1,,,,,,,,,,,,,,,,,,,,,,,,,,,,,,,,,,,,,,,,,,,,,,,,,,,,,,,,,,,,,,,,,,,,,,,,,,,,,,,,,,,,-1,0,0,0,0,0,,0,0,0,0,0,0,0,0,,0,,0,0,0,,0,,0,,,,,,0,,,,,0,,0,,0,,0,0,0,0,0,,,,0,0,0,0,,0,0,0,0,0,0,0,0,0,0,0,0,0,,,0,0,0,0,0,0,0,0,0,,,,,,0,,,,0,0,,,,1,0,0,,0,0,0,0,,0
map#f7daad262787e444,ob2072obj17.mdl,ob2072obj17.mdl,1,,,,1,,,,,,,,,-1,,,,,,,,,-1,,,,,,,,,,,,,,,,,,,-1,,,,,,,,-1,,,,,,,,,,,,,,,,,,,,,,,-1,,,,,,,,-1,,,,,-1,,,,0,0,0,0,0,,0,0,0,0,0,0,1,0,,0,,0,0,0,,0,,1,,,,,,0,,,,,0,,0,,0,,1,0,0,0,0,,,,0,1,0,0,,0,0,0,0,0,0,0,0,0,0,0,0,0,,,0,0,0,0,0,0,1,0,0,,,,,,1,,,,0,1,,,,0,0,0,,0,0,0,0,,0
map#f7e432a4b242aef9,equ0518.mdl,equ0518.mdl,1,,,,1,,,,,,,,,-1,,,,-1,,,,,,,,,,,,,,,,,,,,,,,,,,,,,,,,,,,,,,,,,,,,,,,,,,,,,,,-1,,,,,,,,,,,,,,,,,0,0,0,0,0,,0,0,0,0,0,0,1,0,,0,,1,0,0,,0,,0,,,,,,0,,,,,0,,0,,0,,0,0,0,0,0,,,,0,0,0,0,,0,0,0,0,0,0,0,0,0,0,0,0,0,,,0,0,0,0,0,0,1,0,0,,,,,,0,,,,0,0,,,,0,0,0,,0,0,0,0,,0
map#f84a5d2299b3c0f9,mp0061.mdl,mp0061.mdl,0,1,1,1,1,,,,,,,,,-1,-1,,-1,,,,,,,,,,,,,,,,,,,,,,-1,,,-1,-1,-1,,,,,,-1,-1,-1,,,,,-1,,-1,,,-1,,,,,,,,,,,-1,,,,,,,,-1,,,,-1,-1,,,,0,0,0,0,0,,0,0,0,0,0,0,1,1,,1,,0,0,0,,0,,0,,,,,,0,,,,,0,,1,,0,,1,1,1,0,0,,,,0,1,1,1,,0,0,0,1,0,1,0,0,1,0,0,0,0,,,0,0,0,0,0,0,1,0,0,,,,,,1,,,,1,1,,,,0,0,0,,0,0,0,0,,0
map#f8fcc4cae846d2bd,,mp5401.mdl,1,,,,1,,,,,,,,,-1,,,,-1,,,,,,,,,,,,,,,,,,,,,,,,-1,,,-1,,,,,-1,,,,-1,,,,,,,,,,,,,,,,,,,-1,,,,,,,,-1,,,,,,,,,0,0,0,0,0,,0,0,0,0,0,0,1,0,,0,,1,0,0,,0,,0,,,,,,0,,,,,0,,0,,0,,1,0,0,1,0,,,,0,1,0,0,,1,0,0,0,0,0,0,0,0,0,0,0,0,,,0,0,0,0,0,0,1,0,0,,0,,,,1,,,,0,0,,,0,0,0,0,,0,0,0,0,0,0
map#f90116facc7d7ae9,,ob1081plt03.mdl,0,,,,1,-1,,,,,,,,-1,,,,-1,,,,,-1,,,,,,,,,,,,,,,,,,,-1,,,,,,,,-1,,,,,,,,,,,,,,,,,,,,,,-1,-1,-1,,,,,,,-1,,,,,,,,,1,0,0,0,0,,0,0,0,0,0,0,1,0,,0,,1,0,0,,0,,1,,,,,,0,,,,,0,,0,,0,,1,0,0,0,0,,,,0,1,0,0,,0,0,0,0,0,0,0,0,0,0,0,0,0,,,0,0,0,0,0,1,1,1,0,,0,,,,1,,,,0,0,,,0,0,0,0,,0,0,0,0,0,0
map#f9fb82cb560ae35c,mp4010_15.mdl,,1,,,,0,,,,,,,,,-1,,,,-1,,,,,,,,,,,,,,,-1,,,,,,,,,-1,,,,,,,-1,,,,,,,,,,,,,,,,,,,,,,,,,,,,,,,,,,,,,,,,,0,0,0,0,0,,0,0,0,0,0,0,1,0,,0,,1,0,0,,0,,0,,,,,,1,,,,,0,,0,,0,,1,0,0,0,0,,,,1,0,0,0,,0,0,0,0,0,0,0,0,0,0,0,0,0,,,0,0,0,0,0,0,0,0,0,,,,,,0,,,,0,0,,,,0,0,0,,0,0,0,0,,0
map#fa201d92722f6268,ef_obj_q003.mdl,ef_obj_q003.mdl,0,,,,0,-1,,,,,,,,-1,,,,,,,,,-1,,,,,,,,,,,,,,,,,,,,,,,,,,,,,,,,,,,,,,,,,,,,,,,,,,-1,,,,,,,,,,,,,-1,,,,1,0,0,0,0,,0,0,0,0,0,0,1,0,,0,,0,0,0,,0,,1,,,,,,0,,,,,0,,0,,0,,0,0,0,0,0,,,,0,0,0,0,,0,0,0,0,0,0,0,0,0,0,0,0,,,,0,0,,,,0,1,0,0,,,,,,0,,,,0,1,,,,0,0,0,,0,0,0,0,,0
map#fa73035f9cc9d97a,mp4040.mdl,mp4040.mdl,1,,,,0,,,,,,,,,-1,-1,,,,,,,,,-1,,,-1,,,,,,-1,,,,,,,,,,-1,,-1,,,,,,-1,,,,-1,,,,,,,,,,,,,,,,,,-1,,,,,,,,-1,,,,-1,,,,,0,0,0,0,0,,0,1,0,0,1,0,1,1,,0,,0,0,0,,0,,0,,,,,,1,,,,,0,,0,,0,,0,1,0,1,0,,,,0,0,1,0,,0,1,0,0,0,0,0,0,0,0,0,0,0,,,0,0,0,0,0,0,1,0,0,,,,,,1,,,,1,0,,,,0,0,0,,0,0,0,0,,0
map#fa92490af889d837,mp3030.mdl,mp3030.mdl,1,,,,1,,,,,,,,,-1,-1,,-1,,,,,,,,,,,,,,,,,,,,,,,,,-1,-1,-1,,,,,,-1,-1,-1,,,,,,,,,,,,,,,,,,,,,-1,,,,,,,,-1,,,,-1,-1,,,,0,0,0,0,0,,0,0,0,0,0,0,1,1,,1,,0,0,0,,0,,0,,,,,,0,,,,,0,,0,,0,,1,1,1,0,0,,,,0,1,1,1,,0,0,0,0,0,0,0,0,0,0,0,0,0,,,0,0,0,0,0,0,1,0,0,,,,,,1,,,,1,1,,,,0,0,0,,0,0,0,0,,0
map#fb7a540b27cfc846,mp0051_01.mdl,mp0051_01.mdl,1,,,,1,,,,,,,,,-1,-1,,,,,,,,,,,,,,,,,,,,,,,,,,,-1,-1,,,,,,,,,,,,,,,,,,,,,,,,,,,,,,-1,,,,,,,,,,,,-1,,,,,0,0,0,0,0,,0,0,0,0,0,0,1,1,,0,,0,0,0,,0,,0,,,,,,0,,,,,0,,0,,0,,1,1,0,0,0,,,,0,0,0,0,,0,0,0,0,0,0,0,0,0,0,0,0,0,,,0,0,0,0,0,0,1,0,0,,,,,,0,,,,1,0,,,,0,0,0,,0,0,0,0,,0
map#fbfc048d1a8de035,mp0050_l1.mdl,,1,1,1,,1,,,,,,,,,-1,-1,,-1,,-1,,,,,,,,,,,,,,,,,,,,,,,-1,-1,-1,,,,,,-1,-1,-1,,,,,-1,,-1,,,,-1,,,,,,,,,,-1,,,,,,,,-1,,,,-1,,,,,0,0,0,0,0,,0,0,0,0,0,0,1,1,,1,,0,1,0,,0,,0,,,,,,0,,,,,0,,0,,0,,1,1,1,0,0,,,,0,1,1,1,,0,0,0,1,0,1,0,0,0,0,1,0,0,,,0,0,0,0,0,0,1,0,0,,,,,,1,,,,1,0,,,,0,0,0,,0,0,0,0,,0
map#fc368c85bf82f19f,mp0040_l1.mdl,mp0040_l1.mdl,0,,1,1,1,,,,,,,,,,-1,,-1,,,,,,,,,,,,,,,,,,,,,,,,,,-1,-1,,,,,,,-1,-1,,,,,,,-1,,,-1,,,,,,,,,,,-1,,,,,,,,-1,,,,-1,,,,,0,0,0,0,0,,0,0,0,0,0,0,0,1,,1,,0,0,0,,0,,0,,,,,,0,,,,,0,,0,,0,,0,1,1,0,0,,,,0,0,1,1,,0,0,0,0,0,1,0,0,1,0,0,0,0,,,0,0,0,0,0,0,1,0,0,,,,,,1,,,,1,0,,,,0,0,0,,0,0,0,0,,0
map#fc47eaec497c3a30,,ef_obj_a404.mdl,1,,,,1,,,,,,,,,-1,,,,,,,,,,,,,,,,,,,,,,,,,,,,-1,,,-1,,,,,-1,,,,-1,,,,,,,,,,,,,,,,,,,,,,,,,,,-1,,,,,,,,,0,0,0,0,0,,0,0,0,0,0,0,1,0,,0,,0,0,0,,0,,0,,,,,,0,,,,,0,,0,,0,,1,0,0,1,0,,,,0,1,0,0,,1,0,0,0,0,0,0,0,0,0,0,0,0,,,0,0,0,0,0,0,0,0,0,,0,,,,1,,,,0,0,,,0,0,0,0,,0,0,0,0,0,0
map#fcc1e2faf1d1426b,mp0040.mdl,mp0040.mdl,0,,1,1,1,,,,,,,,,,-1,,-1,,,,,,,,,,,,,,,,,,,,,,-1,,,,-1,-1,,,,,,,-1,-1,,,,,,,-1,,,-1,,,,,,,,,,,-1,,,,,,,,-1,,,,-1,-1,,,,0,0,0,0,0,,0,0,0,0,0,0,0,1,,1,,0,0,0,,0,,0,,,,,,0,,,,,0,,1,,0,,0,1,1,0,0,,,,0,0,1,1,,0,0,0,0,0,1,0,0,1,0,0,0,0,,,0,0,0,0,0,0,1,0,0,,,,,,1,,,,1,1,,,,0,0,0,,0,0,0,0,,0
map#fcd70971dd0742c8,,ob1081kmo16b.mdl,1,,,,0,,,-1,,,,,,-1,,,,-1,,,,,,-1,,,-1,,,,,,-1,,,,,,,,,,,,,,,,,,,,,,,,,,,,,,,,,,,,,,,,,,,,,,,,-1,,,,,-1,,,,0,0,1,0,0,,0,1,0,0,1,0,1,0,,0,,1,0,0,,0,,0,,,,,,1,,,,,0,,0,,0,,0,0,0,0,0,,,,0,0,0,0,,0,0,0,0,0,0,0,0,0,0,0,0,0,,,0,0,0,0,0,0,0,0,0,,0,,,,1,,,,0,1,,,0,0,0,0,,0,0,0,0,0,0
map#fcf613682428e5eb,ob1010kag22.mdl,ob1010kag22.mdl,1,,,,1,-1,,,,,,,,-1,,,,-1,,,,,-1,,,,,,,,,,,,,,,,,,,-1,,,,,,,,-1,,,,,,,,,,,,,,,,,,,,,,,-1,,,,,,,,,,,,,,,,,1,0,0,0,0,,0,0,0,0,0,0,1,0,,0,,1,0,0,,0,,1,,,,,,0,,,,,0,,0,,0,,1,0,0,0,0,,,,0,1,0,0,,0,0,0,0,0,0,0,0,0,0,0,0,0,,,0,0,0,0,0,0,1,0,0,,,,,,0,,,,0,0,,,,0,0,0,,0,0,0,0,,0
map#fd150f0a0341e669,mp4010_14.mdl,mp4010_14.mdl,0,,,,1,,,,,,,,,-1,,,,,,,,,,,,,,,,,,,,,,,,,,,,,,,,,,,,-1,,,,,,,,,,,,,,,,,,,,,,,-1,,,,,,,,,,,,,,,,,0,0,0,0,0,,0,0,0,0,0,0,1,0,,0,,0,0,0,,0,,0,,,,,,0,,,,,0,,0,,0,,0,0,0,0,0,,,,0,1,0,0,,0,0,0,0,0,0,0,0,0,0,0,0,0,,,0,0,0,0,0,0,1,0,0,,,,,,0,,,,0,0,,,,0,0,0,,0,0,0,0,,0
map#fd2c63053fd7a78c,ob4040obj02.mdl,ob4040obj03.mdl,1,,,,0,,,,,,,,,-1,,,,,,,,,-1,-1,,,,,,,,,-1,,,,,,,,,,,,,,,,,,,,,,,,,,,,,,,,,,,,,,,,,,,,,,,,,,,,,,,,,0,0,0,0,0,,0,1,0,0,0,0,1,0,,0,,0,0,0,,0,,1,,,,,,1,,,,,0,,0,,0,,0,0,0,0,0,,,,0,0,0,0,,0,0,0,0,0,0,0,0,0,0,0,0,0,,,0,0,0,0,0,0,0,0,0,,,,,,0,,,,0,0,,,,0,0,0,,0,0,0,0,,0
map#fd2e7e90e423b5ba,ef_obj_d005.mdl,ob4010hou39e.mdl,0,,,,0,,,,,,,,,-1,,,,-1,,,,,,,,,,,,,,,,,,,,,,,,,,,,,,,-1,,,,,,,,,,,,,,,,,,,,,,,,,,,,,,,,,,,,,,,,,0,0,0,0,0,,0,0,0,0,0,0,1,0,,0,,1,0,0,,0,,0,,,,,,0,,,,,,,0,,0,,0,0,0,0,0,,,,1,0,0,0,,0,0,0,0,0,0,0,0,0,0,0,,,,,0,0,,,,0,0,0,0,0,,,,,0,,,,0,0,,,,,0,0,,0,0,,0,,0
map#fd3e63c00ecd7a1f,,mp5100.mdl,1,1,,,1,,,,,,,,,-1,,,,,,,,,,,,,,,,,,,,,,,,,,,,-1,,,-1,,,,,-1,,,,,,,-1,,,,,,,,,,,,,,,,-1,,,,,,,,-1,,,,,,,,,0,0,0,0,0,,0,0,0,0,0,0,1,0,,0,,0,0,0,,0,,0,,,,,,0,,,,,0,,0,,0,,1,0,0,1,0,,,,0,1,0,0,,0,0,0,1,0,0,0,0,0,0,0,0,0,,,0,0,0,0,0,0,1,0,0,,0,,,,1,,,,0,0,,,0,0,0,0,,0,0,0,0,0,0
map#fd64a4f1311105ad,ob2071hou62.mdl,ob2071hou62.mdl,1,,,,1,,,,,,,,,-1,-1,,-1,,,,,,,,,,,,,,,,,,,,,,,,,-1,-1,,,,,,,-1,-1,,,,,,,,,,,,,,,,,,,,,,-1,,,,,,,,-1,,,,-1,,,,,0,0,0,0,0,,0,0,0,0,0,0,1,1,,1,,0,0,0,,0,,0,,,,,,0,,,,,0,,0,,0,,1,1,0,0,0,,,,0,1,1,0,,0,0,0,0,0,0,0,0,0,0,0,0,0,,,0,0,0,0,0,0,1,0,0,,,,,,1,,,,1,0,,,,0,2,2,,0,0,0,0,,0
map#fdac8a2f9df62e46,,mp2052_01.mdl,1,,,,0,,,,,,,,,-1,,,,-1,,,,,,,-1,,,,,,,,,,,,,,,,,,,,,,,,,,,,,,,,,,,,,,,,,,,,,,,,,,,,,,,,-1,,,,,-1,,,,0,0,0,0,0,,0,0,1,0,0,0,1,0,,0,,1,0,0,,0,,0,,,,,,0,,,,,0,,0,,0,,0,0,0,0,0,,,,0,0,0,0,,0,0,0,0,0,0,0,0,0,0,0,0,0,,,0,0,0,0,0,0,0,0,0,,0,,,,1,,,,0,1,,,0,0,2,0,,0,0,0,0,0,0
map#fde2e138897a9f72,mp2082_01.mdl,mp2082_01.mdl,1,,,,1,,,,,,,,,-1,,,,-1,,,,,,,,,,,,,,,,,,,,,,,,,,,,,,,,-1,,,,,,,,,,,,,,,,,,,,,,,-1,,,,,,,,-1,,,,,,,,,0,0,0,0,0,,0,0,0,0,0,0,1,0,,0,,1,0,0,,0,,0,,,,,,0,,,,,0,,0,,0,,0,0,0,0,0,,,,0,1,0,0,,0,0,0,0,0,0,0,0,0,0,0,0,0,,,0,0,0,0,0,0,1,0,0,,,,,,1,,,,0,0,,,,0,2,2,,0,0,0,0,,0
map#fdfbfd84470f0fd4,ob4020hou01.mdl,ob4020hou01.mdl,1,,1,,1,,,,,,,,,-1,-1,,,-1,,,,-1,,,,,,,,,,,,,,,,,,,,-1,,,,,,,,-1,,,,,,,,,-1,,-1,,,,,,,,,,,,-1,,,,,,,,-1,,,,-1,-1,,,,0,0,0,0,0,,0,0,0,0,0,0,1,1,,0,,1,0,0,,1,,0,,,,,,0,,,,,0,,0,,0,,1,0,0,0,0,,,,0,1,0,0,,0,0,0,0,0,1,0,1,0,0,0,0,0,,,0,0,0,0,0,0,1,0,0,,,,,,1,,,,1,1,,,,0,2,0,,0,0,0,0,,0
map#fe0711da9633eaa4,,ob5500hou03.mdl,0,,,,1,,,,,,,,,-1,-1,,,-1,-1,,,,,,-1,,-1,,,,,,-1,,,,,,,,,,,,,,,,-1,,,,,-1,,,,,,,,,,,,,,,,,,,,,,,,,,,,,,,-1,,,,,0,0,0,0,0,,0,0,1,0,1,0,1,1,,0,,1,1,0,,0,,0,,,,,,1,,,,,0,,0,,0,,0,0,0,0,0,,,,1,0,0,0,,1,0,0,0,0,0,0,0,0,0,0,0,0,,,0,0,0,0,0,0,0,0,0,,,,,,0,,,,1,0,,,,0,1,0,,0,0,0,0,,0
map#feeb60870316358d,,ob0054obj01.mdl,1,1,,,1,,,,,,,,,-1,,,,,,,,,,,,,,,,,,,,,,,,,,,,-1,,,-1,,,,,-1,,,,-1,,,-1,,,,,,,,,,,,,,,,-1,,,,,,,,-1,,,,,,,,,0,0,0,0,0,,0,0,0,0,0,0,1,0,,0,,0,0,0,,0,,0,,,,,,0,,,,,0,,0,,0,,1,0,0,1,0,,,,0,1,0,0,,1,0,0,1,0,0,0,0,0,0,0,0,0,,,0,0,0,0,0,0,1,0,0,,0,,,,1,,,,0,0,,,0,0,0,0,,0,0,0,0,0,0
map#feeba2f518ab8d77,mp1081_01.mdl,mp1081_01.mdl,1,,,,1,,,,,,,,,-1,,,,,,,,,,,,,,,,,,,,,,,,,,,,,,,,,,,,,,,,,,,,,,,,,,,,,,,,,,,-1,,,,,,,,-1,,,,,,,,,0,0,0,0,0,,0,0,0,0,0,0,1,0,,0,,0,0,0,,0,,0,,,,,,0,,,,,0,,0,,0,,0,0,0,0,0,,,,0,0,0,0,,0,0,0,0,0,0,0,0,0,0,0,0,0,,,0,0,0,0,0,0,1,0,0,,,,,,1,,,,0,0,,,,0,0,0,,0,0,0,0,,0
map#fef10ffa413f1a58,ob1081hou00.mdl,ob3041hou00.mdl,1,,,,1,,,,,,,,,-1,,,-1,,,,,,,,,,,,,,,,,,,,,,,,,-1,,,,,,,,-1,,,,,,,,,,,,,,,,,,,,,,,-1,,,,,,,,-1,,,,,,,,,0,0,0,0,0,,0,0,0,0,0,0,1,0,,1,,0,0,0,,0,,0,,,,,,0,,,,,0,,0,,0,,1,0,0,0,0,,,,0,1,0,0,,0,0,0,0,0,0,0,0,0,0,0,0,0,,,0,0,0,0,0,0,1,0,0,,,,,,1,,,,0,0,,,,0,2,2,,0,0,0,0,,0
map#ffacec978b73c34a,ob0000plt19d.mdl,ob0000plt19d.mdl,0,,,,1,-1,,,,,,,,-1,,,,,,,,,-1,,,,,,,,,,,,,,,,,,,-1,,,,,,,,-1,,,,,,,,,,,,,,,,,,-1,,,,,-1,-1,,,,,,,,,,,,-1,,,,1,0,0,0,0,,0,0,0,0,0,0,1,0,,0,,0,0,0,,0,,1,,,,,,0,,,,,0,,0,,0,,1,0,0,0,0,,,,0,1,0,0,,0,0,0,0,0,0,0,0,0,0,0,0,0,,,1,0,0,0,0,0,1,1,0,,,,,,0,,,,0,1,,,,0,0,0,,0,0,0,0,,0
map#ffbfcae408b27c4f,ob4010lig01b.mdl,ob4010lig01b.mdl,0,,,,1,,,,,,,,,-1,,,,-1,,,,,,,,,,,,,,,,,,,,,,,,,,,-1,,,,,,,,,,,,,,,,,,,,,,,,,,,,,,,,,,,,-1,,,,,,,,,0,0,0,0,0,,0,0,0,0,0,0,1,0,,0,,1,0,0,,0,,0,,,,,,0,,,,,0,,0,,0,,0,0,0,1,0,,,,0,0,0,0,,0,0,0,0,0,0,0,0,0,0,0,0,0,,,0,0,0,0,0,0,0,0,0,,,,,,1,,,,0,0,,,,0,0,0,,0,0,0,0,,0
map#ffdbc83cbd2228bc,,ob0051evt00.mdl,1,,,,0,,,,,,,,-1,-1,,,,-1,,,,,,-1,,,-1,,,,,,,,,,,,,,,,,,,,,,,,,,,,,,,,,,,,,,,,,-1,,,,,,,,,,,,,,,,,,,,,,0,0,0,0,0,,0,1,0,0,1,1,1,0,,0,,1,0,0,,0,,0,,,,,,0,,,,,0,,0,,0,,0,0,0,0,0,,,,0,0,0,0,,0,0,0,0,0,0,0,0,0,0,0,0,0,,,1,0,0,0,0,0,0,0,0,,0,,,,0,,,,0,0,,,0,0,0,0,,0,0,0,0,0,0
minimap#8db82f96888596cf,a0000_mi.mdl,a0000_mi.mdl,0,,,,,,,,,,,,,-1,,,,,,,,,,,,,,,,,,,,,,,,,,,,,,,,,,,,,,,,,,,,,,,,,,,,,,,,,,,,,,,,,,,,,,,,,,,,,,,,,,,,,,,,1,,,,,,,,,,,0,,,,,,,,,,,,,,,,,,,,,,,,,,,,,,,,,,,,,,,,,,,,,,,,,,,,,,,,,,,,,,,,,,,,,,,,0,0,0,0,,
minimap#c84734303ecdef83,,mp1010_11_mi.mdl,1,,,,,,,,,,,,,-1,,,,,,,,,-1,,,,,,,,,,,,,,,,,,,,,,,,,,,,,,,,,,,,,,,,,,,,,,,,,,,,,,,,,,,,,,,,,,,,,,,,,,,,,,,1,,,,,,,,,,,1,,,,,,,,,,,,,,,,,,,,,,,,,,,,,,,,,,,,,,,,,,,,,,,,,,,,,,,,,,,,,,,,,,,,,,,,0,0,0,0,,
monster#002f5cf04328a642,mon5048.mdl,mon5023_c00.mdl,1,,,,1,,,,,,-1,,,-1,,,,,,,-1,,-1,,,,,-1,,,,,,,,,,,,,,-1,,,,,,,,-1,,,-1,,,,,,,,,,,,,-1,,,,,,,-1,,,,,,,,-1,,,,,,,,,0,0,,,,1,0,0,0,0,0,0,1,0,,0,,0,0,0,1,,,1,1,,,,,0,,,,,,,,,,,1,0,,0,,,,0,0,1,0,,1,,,,,,,,,,,,,,1,,0,,,,,0,1,,,,,,0,,1,,0,,0,0,,,,,0,0,,0,0,0,0,,0
monster#00bb26cbbd3f71da,,mon5266.mdl,1,,,,1,,,,,,-1,,,-1,,,,,,,,,,,,,,,,,,,,,,,,,,,,,,,,,,-1,,-1,,,-1,,,,,,,,,,,,,-1,,,,,,,-1,,,,,-1,,,-1,,,,,,,,,0,0,,,,1,0,0,0,0,0,0,1,0,,0,,0,0,0,0,,,0,0,,,,,0,,,,,,,,,,,0,0,,0,,,,1,0,1,0,,1,,,,,,,,,,,,,,1,,0,,,,,0,1,,,,,,1,,1,,0,,0,0,,,,,0,0,,0,0,0,0,,0
monster#01187d86e08217d9,ef_obj_w005.mdl,ef_obj_w005.mdl,1,,,,1,,,,,,,,,-1,,,,,,,-1,,,,,,,,,,,,,,,,,,,,,-1,,,-1,,,,,-1,,,-1,,,,,,,,,,,,,,,,,,,,-1,,,,,,,,-1,,,,,,,,,0,0,,,,0,0,0,0,0,0,0,1,0,,0,,0,0,0,1,,,0,0,,,,,0,,,,,,,,,,,1,0,,1,,,,0,0,1,0,,1,,,,,,,,,,,,,,0,,0,,,,,0,1,,,,,,0,,1,,0,,0,0,,,,,0,0,,0,0,0,0,,0
monster#017be09f35f19d73,,mon5031_c01.mdl,1,,,,1,,,,,,-1,,,-1,,,,,,,,,,,,,,-1,,,,,,,,,,,,,,,,,,,,,,-1,,,-1,,,,,,,,,,,,,-1,,,,,,,-1,,,,,,,,-1,,,,,,,,,0,0,,,,1,0,0,0,0,0,0,1,0,,0,,0,0,0,0,,,0,1,,,,,0,,,,,,,,,,,0,0,,0,,,,0,0,1,0,,1,,,,,,,,,,,,,,1,,0,,,,,0,1,,,,,,0,,1,,0,,0,0,,,,,0,0,,0,0,0,0,,0
monster#0191c9d3b8796318,,mon5234.mdl,1,,,,0,,,,,,-1,,,-1,,,,,,,-1,,-1,,,,,,,,,,,,,,,,,,,-1,,,,,,,,-1,,,-1,,,,,,,,,,,,,,,,,,,,-1,,,,,,,,,,-1,,,,,,,0,0,,,,1,0,0,0,0,0,0,1,0,,0,,0,0,0,1,,,1,0,,,,,0,,,,,,,,,,,1,0,,0,,,,0,0,1,0,,1,,,,,,,,,,,,,,0,,0,,,,,0,1,,,,,,0,,0,,1,,0,0,,,,,0,0,,0,0,0,0,,0
monster#01e53dfe08779710,,ef_obj_a368.mdl,1,,,,1,,,,,,,,,-1,,,,-1,,,,,,,,,,,,,,,,,,,,,,,,-1,,,,,,,,-1,,,-1,,,,,,,,,,,,,,,,,,,,,,,,,,,,-1,,,,,,,,,0,0,,,,0,0,0,0,0,0,0,1,0,,0,,1,0,0,0,,,0,0,,,,,0,,,,,,,,,,,1,0,,0,,,,0,0,1,0,,1,,,,,,,,,,,,,,0,,0,,,,,0,0,,,,,,0,,1,,0,,0,0,,,,,0,0,,0,0,0,0,,0
monster#01fe73a04c3610ff,mon5000.mdl,equ8111.mdl,1,,,,0,,,,,,,,,,,,,,,,,,,,,,,-1,,,,,,,,,,,,,,,,,,,,,,,,,,,,,,,,,,,,,,,,,,,,-1,,,,,,,,,,,,,,,,,,0,0,,,,0,0,0,0,0,0,0,0,0,,0,,0,0,0,0,,,0,1,,,,,0,,,,,,,,,,,0,0,,0,,,,0,0,0,0,,0,,,,,,,,,,,,,,0,,0,,,,,1,0,,,,,,0,,0,,0,,0,0,,,,,0,0,,0,0,0,0,,0
monster#02e17252e7482281,orbment_cursor_triangle.mdl,,1,,,,1,,,,,,,,,-1,,,,,,,,,,,,,,,,,,,,,,,,,,,,-1,,,,,,,,,,,,,,,,,,,,,,,,,,,,,,,-1,,,,,,,,,,,,,,,,,0,0,,,,0,0,0,0,0,0,0,1,0,,0,,0,0,0,0,,,0,0,,,,,0,,,,,,,,,,,1,0,,0,,,,0,0,0,0,,0,,,,,,,,,,,,,,0,,0,,,,,0,1,,,,,,0,,0,,0,,0,0,,,,,0,0,,0,0,0,0,,0
monster#03b2e20d1d8596b1,,mon5078_c00.mdl,1,,,,1,,,,,,-1,,,-1,,,,,,,,,,,,,,-1,,,,,,,,,,,,,,,,,,,,,,,,,-1,,,,,,,,,,,,,-1,,,,,,,-1,,,,,,,,-1,,,,,,,,,0,0,,,,1,0,0,0,0,0,0,1,0,,0,,0,0,0,0,,,0,1,,,,,0,,,,,,,,,,,0,0,,0,,,,0,0,0,0,,1,,,,,,,,,,,,,,1,,0,,,,,0,1,,,,,,0,,1,,0,,0,0,,,,,0,0,,0,0,0,0,,0
monster#04e8a16923bbde7d,,mon5027_c11.mdl,1,,,,0,,,,,,-1,,,-1,,,,,,,,,,,,,,,,,,,,,,,,,,,,,,,,,,,,-1,,,-1,,,,,,,,,,,,,-1,,,,,,,-1,,,,,,,,-1,,,,,,,,,0,0,,,,1,0,0,0,0,0,0,1,0,,0,,0,0,0,0,,,0,0,,,,,0,,,,,,,,,,,0,0,,0,,,,0,0,1,0,,1,,,,,,,,,,,,,,1,,0,,,,,0,1,,,,,,0,,1,,0,,0,0,,,,,0,0,,0,0,0,0,,0
monster#053f33cbc70828f6,,ef_obj_a401.mdl,1,,,,1,,,,,,-1,,,-1,,,,,,,-1,,-1,,,,,-1,,,,,,,,,,,,,,-1,,,,,,-1,,-1,,,-1,,,,,,,,,,,,,-1,,,,,,,-1,,,,,,,,-1,,,,,,,,,0,0,,,,1,0,0,0,0,0,0,1,0,,0,,0,0,0,1,,,1,1,,,,,0,,,,,,,,,,,1,0,,0,,,,1,0,1,0,,1,,,,,,,,,,,,,,1,,0,,,,,0,1,,,,,,0,,1,,0,,0,0,,,,,0,0,,0,0,0,0,,0
monster#05c03a46478e3819,,ob_s07_000.mdl,0,,,,0,-1,,,,,,,,-1,,,,,,,,,-1,,,,,,,,,,,,,,,,,,,,,,,,,,,-1,,,,,,,,,,,,,,,,,,,,,,,-1,,,,,,,,,,,,,-1,,,,1,0,,,,0,0,0,0,0,0,0,1,0,,0,,0,0,0,0,,,1,0,,,,,0,,,,,,,,,,,0,0,,0,,,,0,0,1,0,,0,,,,,,,,,,,,,,0,,0,,,,,0,1,,,,,,0,,0,,0,,0,1,,,,,0,0,,0,0,0,0,,0
monster#0660ee1ef91f8acc,,mon5265.mdl,0,,,,1,,,,,,-1,,,-1,,,,,,,,,,,,,,,,,,,-1,,,,,,,,,-1,,,,,,,,-1,,,,,,,,,,,,,,,,,,,,,,,-1,,,,,,,,-1,,,,,-1,,,,0,0,,,,1,0,0,0,0,0,0,1,0,,0,,0,0,0,0,,,0,0,,,,,1,,,,,,,,,,,1,0,,0,,,,0,0,1,0,,0,,,,,,,,,,,,,,0,,0,,,,,0,1,,,,,,0,,1,,0,,0,1,,,,,0,0,,0,0,0,0,,0
monster#07b82ed2d3472963,,ef_shp_o016.mdl,1,,,,0,,,,,,,,,-1,,,,-1,,,,,-1,,,,,,,,,,,,,,,,,,,,,,,,,,,,,,,,,,,,,,,,,,,,,,,,,,-1,,,,,,,,,,,,,,,,,0,0,,,,0,0,0,0,0,0,0,1,0,,0,,1,0,0,0,,,1,0,,,,,0,,,,,,,,,,,0,0,,0,,,,0,0,0,0,,0,,,,,,,,,,,,,,0,,0,,,,,0,1,,,,,,0,,0,,0,,0,0,,,,,3,4,,0,0,0,0,,0
monster#08fa1ad725e3d33c,,ef_obj_a362b.mdl,1,,,,0,,,,,,,,,-1,,,,-1,-1,,-1,,,,,,,,,,,,,,,,,,,,,,,,,,,,,,,,,,,,,,,,,,,,,,,,,,,,,,,,,,,,,,,,,,,,,0,0,,,,0,0,0,0,0,0,0,1,0,,0,,1,1,0,1,,,0,0,,,,,0,,,,,,,,,,,0,0,,0,,,,0,0,0,0,,0,,,,,,,,,,,,,,0,,0,,,,,0,0,,,,,,0,,0,,0,,0,0,,,,,0,0,,0,0,0,0,,0
monster#092db73ecb36160f,chr9990.mdl,chr9990.mdl,1,,,,1,-1,,,,,,,,-1,,,,,,,,,-1,,,,,,,,,,,,,,,,,,,,,,-1,,,,,-1,,,,,,,,,,,,,,,,,,,,,,,-1,,,,,,,,-1,,,,,,,,,1,0,,,,0,0,0,0,0,0,0,1,0,,0,,0,0,0,0,,,1,0,,,,,0,,,,,,,,,,,0,0,,1,,,,0,0,1,0,,0,,,,,,,,,,,,,,0,,0,,,,,0,1,,,,,,0,,1,,0,,0,0,,,,,0,0,,0,0,0,0,,0
monster#0977115e7e7ba272,ef_obj_a137.mdl,,1,,,,0,,,,,,,,,-1,,,,,,,,,,,,,,,,,,,,,,,,-1,,,,,,,,,,,,,,,,,,,,,,,,,,,,,,,,,,,,,,,,,,-1,,,,,,-1,,,,0,0,,,,,0,0,0,0,0,0,1,0,,0,,0,0,0,,,,0,,,,,,0,,,,,,1,,,,,0,0,,0,,,,0,0,0,0,,,,,,,,,,,,,,,,,,0,,,,,0,0,,,,,,,1,0,,0,,0,1,,,,,0,0,,0,0,,0,,0
monster#0a338c45fe8b8cad,mon5006_c00.mdl,mon5006_c00.mdl,1,,,,1,,,,,,-1,,,-1,,,,,,,-1,,,,,,,-1,,,,,-1,,,,,,,,,,,,-1,,,,,-1,,,-1,,,,,,,,,,,,,,,,,,,,-1,,,,,,,,-1,,,,,,,,,0,0,,,,1,0,0,0,0,0,0,1,0,,0,,0,0,0,1,,,0,1,,,,,1,,,,,,,,,,,0,0,,1,,,,0,0,1,0,,1,,,,,,,,,,,,,,0,,0,,,,,0,1,,,,,,0,,1,,0,,0,0,,,,,0,0,,0,0,0,0,,0
monster#0bf766b9fb376d4d,,mon5261.mdl,1,,,,1,,,,,,,,,-1,-1,,,,,,,,-1,,,,,,,,,,,,,,,,,,,,,,,,,-1,,,,,-1,,,,,,,,,,,,,-1,,,,,,,-1,,,,,,,,-1,,-1,,,-1,,,,0,0,,,,0,0,0,0,0,0,0,1,1,,0,,0,0,0,0,,,1,0,,,,,0,,,,,,,,,,,0,0,,0,,,,1,0,0,0,,1,,,,,,,,,,,,,,1,,0,,,,,0,1,,,,,,0,,1,,1,,0,1,,,,,1,0,,0,0,0,0,,0
monster#0cd10e9e1829e32f,ef_obj_a007.mdl,ef_obj_a007.mdl,1,,,,1,,,,,,,,,-1,,,,-1,,,,,-1,,,,,-1,,,,,,,,,,,,,,-1,,,,,,,,-1,,,-1,,,,,,,,,,,,,,,,,,,,-1,,,,,,,,-1,,,,,,,,,0,0,,,,0,0,0,0,0,0,0,1,0,,0,,1,0,0,0,,,1,1,,,,,0,,,,,,,,,,,1,0,,0,,,,0,0,1,0,,1,,,,,,,,,,,,,,0,,0,,,,,0,1,,,,,,0,,1,,0,,0,0,,,,,0,0,,0,0,0,0,,0
monster#0d861106059bc414,,mon5102_c00.mdl,1,,,,1,,,,,,-1,,,-1,,,,,,,-1,,,,,,,,,,,,,,,,,,,,,-1,,,,,,,,-1,,,-1,,,,,,,,,,,,,-1,,,,,,,,,,,,,,,-1,,,,,,,,,0,0,,,,1,0,0,0,0,0,0,1,0,,0,,0,0,0,1,,,0,0,,,,,0,,,,,,,,,,,1,0,,0,,,,0,0,1,0,,1,,,,,,,,,,,,,,1,,0,,,,,0,0,,,,,,0,,1,,0,,0,0,,,,,0,0,,0,0,0,0,,0
monster#0d8a6251d13d1a26,ef_obj_a147.mdl,,1,,,,1,,,,,,,,,-1,,,,-1,,,,,,,,,,,,,,,,,,,,,,,,-1,,,,,,,,-1,,,,,,,,,,,,,,,,,,,,,,,-1,,,,,,,,-1,,,,,,,,,0,0,,,,,0,0,0,0,0,0,1,0,,0,,1,0,0,,,,0,,,,,,0,,,,,,0,,,,,1,0,,0,,,,0,0,1,0,,,,,,,,,,,,,,,,,,0,,,,,0,1,,,,,,,0,1,,0,,0,0,,,,,0,0,,0,0,,0,,0
monster#0da141703409ad18,,mon5266.mdl,1,,,,1,-1,,,,,-1,,,-1,,,,,,,,,-1,,,,,,,,,,,,,,,,,,,,,,,,,-1,,-1,,,-1,,,,,,,,,,,,,-1,,,,,,,-1,,,,,-1,,,-1,,,,,,,,,1,0,,,,1,0,0,0,0,0,0,1,0,,0,,0,0,0,0,,,1,0,,,,,0,,,,,,,,,,,0,0,,0,,,,1,0,1,0,,1,,,,,,,,,,,,,,1,,0,,,,,0,1,,,,,,1,,1,,0,,0,0,,,,,0,0,,0,0,0,0,,0
monster#0da75fe3a5c418d4,,ef_obj_a381.mdl,1,,,,0,,,,,,,,,-1,,,,-1,,,-1,,,,,,,,,,,,,,,,,,,,,-1,,,-1,,,,,-1,,,,,,,,,,,,,,,,,,,,,,,,,,,,,,,-1,,,,,,,,,0,0,,,,0,0,0,0,0,0,0,1,0,,0,,1,0,0,1,,,0,0,,,,,0,,,,,,,,,,,1,0,,1,,,,0,0,1,0,,0,,,,,,,,,,,,,,0,,0,,,,,0,0,,,,,,0,,1,,0,,0,0,,,,,0,0,,0,0,0,0,,0
monster#0daeabc7071f6d1f,ef_obj_a310.mdl,ef_obj_a310.mdl,1,,,,0,,,,,,,,,-1,,,,,,,,,-1,,,,,,,,,,,,,,,,,,,,,,,,,,,-1,,,,,,,,,,,,,,,,,,,,,,,-1,,,,,,,,-1,,,,,,,,,0,0,,,,0,0,0,0,0,0,0,1,0,,0,,0,0,0,0,,,1,0,,,,,0,,,,,,,,,,,0,0,,0,,,,0,0,1,0,,0,,,,,,,,,,,,,,0,,0,,,,,0,1,,,,,,0,,1,,0,,0,0,,,,,0,0,,0,0,0,0,,0
monster#102cf27b2c7d17e7,,mon5265.mdl,0,,,,0,,,,,,,,,-1,,,,,,,,,,,,,,,,,,,-1,,,,,,,,,,,,,,,,,,,,-1,,,,,,,,,,,,,,,,,,,,,,,,,,,,,,,,,-1,,,,0,0,,,,0,0,0,0,0,0,0,1,0,,0,,0,0,0,0,,,0,0,,,,,1,,,,,,,,,,,0,0,,0,,,,0,0,0,0,,1,,,,,,,,,,,,,,0,,0,,,,,0,0,,,,,,0,,0,,0,,0,1,,,,,0,0,,0,0,0,0,,0
monster#1041df4d322ac080,mon5054.mdl,mon5054.mdl,1,,,,0,,,,,,-1,,,-1,,,,,,,-1,,,,,,,-1,,,,,,,,,,,,,,,,,,,,,,-1,,,-1,,,,,,,,,,,,,-1,,,,,,,-1,,,,,,,,-1,,,,,,,,,0,0,,,,1,0,0,0,0,0,0,1,0,,0,,0,0,0,1,,,0,1,,,,,0,,,,,,,,,,,0,0,,0,,,,0,0,1,0,,1,,,,,,,,,,,,,,1,,0,,,,,0,1,,,,,,0,,1,,0,,0,0,,,,,0,0,,0,0,0,0,,0
monster#105650c49797bead,,mon5218.mdl,1,,,,1,,,,,,-1,,,-1,,,,,,,-1,,,,,,,-1,,,,,,,,,,,,,,-1,,,,,,,,-1,,,-1,,,,,,,,,,,,,-1,,,,,,,-1,,,,,,,,-1,,-1,,,,,,,0,0,,,,1,0,0,0,0,0,0,1,0,,0,,0,0,0,1,,,0,1,,,,,0,,,,,,,,,,,1,0,,0,,,,0,0,1,0,,1,,,,,,,,,,,,,,1,,0,,,,,0,1,,,,,,0,,1,,1,,0,0,,,,,0,0,,0,0,0,0,,0
monster#10a1ddbd84130f03,,miyanishi.mdl,1,,,,1,-1,,,,,,,,-1,-1,,-1,,-1,-1,,,,,,,,,,,,,,,,,,,,,,,,,,,,,,,,,-1,,,,,,,,,,,,,,,,,,,,-1,,,,,,,,-1,,,,,,,,,1,0,,,,0,0,0,0,0,0,0,1,1,,1,,0,1,1,0,,,0,0,,,,,0,,,,,,,,,,,0,0,,0,,,,0,0,0,0,,1,,,,,,,,,,,,,,0,,0,,,,,0,1,,,,,,0,,1,,0,,0,0,,,,,1,1,,0,0,0,0,,0
monster#1129afe30e1f89a1,,mon5264.mdl,1,,,,0,,,,,,-1,,,-1,,,,,,,,,,,,,,-1,,,,,,,,,,,,,,,,,,,,-1,,-1,,,-1,,,,,,,,,,,,,-1,,,,,,,-1,,,,,,,,-1,,,,,,,,,0,0,,,,1,0,0,0,0,0,0,1,0,,0,,0,0,0,0,,,0,1,,,,,0,,,,,,,,,,,0,0,,0,,,,1,0,1,0,,1,,,,,,,,,,,,,,1,,0,,,,,0,1,,,,,,0,,1,,0,,0,0,,,,,0,0,,0,0,0,0,,0
monster#118499eb8c4a9b04,mon5006.mdl,equ8111.mdl,1,,,,0,,,,,,-1,,,-1,,,,,,,-1,,-1,,,,,,,,,,-1,,,,,,,,,,,,,,,,,-1,,,-1,,,,,,,,,,,,,,,,,,,,-1,,,,,,,,-1,,,,,,,,,0,0,,,,1,0,0,0,0,0,0,1,0,,0,,0,0,0,1,,,1,0,,,,,1,,,,,,,,,,,0,0,,0,,,,0,0,1,0,,1,,,,,,,,,,,,,,0,,0,,,,,0,1,,,,,,0,,1,,0,,0,0,,,,,0,0,,0,0,0,0,,0
monster#126610de93102d58,,miyanishi.mdl,1,,,,1,-1,,,,,,,,-1,-1,,-1,-1,-1,-1,,,,-1,-1,-1,-1,,,,,,,,,,,,,,,,,,,,,,,,,,-1,,,,,,,,,,,,,,,,,,,,-1,,,,,,,,-1,,,,,,,,,1,0,,,,0,0,1,1,1,1,0,1,1,,1,,1,1,1,0,,,0,0,,,,,0,,,,,,,,,,,0,0,,0,,,,0,0,0,0,,1,,,,,,,,,,,,,,0,,0,,,,,0,1,,,,,,0,,1,,0,,0,0,,,,,1,1,,0,0,0,0,,0
monster#1304a658eedc460b,,mon5234.mdl,0,,,,1,,,,,,-1,,,-1,,,,,,,-1,,,,,,,-1,,,,,,,,,,,,,,-1,,,,,,,,-1,,,-1,,,,,,,,,,,,,,,,,,,,-1,,,,,,,,-1,,,,,-1,,,,0,0,,,,1,0,0,0,0,0,0,1,0,,0,,0,0,0,1,,,0,1,,,,,0,,,,,,,,,,,1,0,,0,,,,0,0,1,0,,1,,,,,,,,,,,,,,0,,0,,,,,0,1,,,,,,0,,1,,0,,0,1,,,,,0,0,,0,0,0,0,,0
monster#132e97f598cb49fe,,mon5260.mdl,1,,,,1,,,,,,-1,,,-1,-1,,,,,,-1,,,,,,,-1,,,,,,,,,,,,,,,,,,,,-1,,-1,,,-1,,,,,,,,,,,,,,,,,,,,-1,,,,,,,,-1,,,,,,,,,0,0,,,,1,0,0,0,0,0,0,1,1,,0,,0,0,0,1,,,0,1,,,,,0,,,,,,,,,,,0,0,,0,,,,1,0,1,0,,1,,,,,,,,,,,,,,0,,0,,,,,0,1,,,,,,0,,1,,0,,0,0,,,,,0,0,,0,0,0,0,,0
monster#13ada2de57aa2977,,mon5253.mdl,1,,,,1,,,,,,-1,,,-1,,,,,,,,,,,,,,,,,,,-1,,,,,,,,,,,,,,,-1,,-1,,,,,,,,,,,,,,,,,,,,,,,,,,,,,,,,,,,,-1,,,,0,0,,,,1,0,0,0,0,0,0,1,0,,0,,0,0,0,0,,,0,0,,,,,1,,,,,,,,,,,0,0,,0,,,,1,0,1,0,,0,,,,,,,,,,,,,,0,,0,,,,,0,0,,,,,,0,,0,,0,,0,1,,,,,0,0,,0,0,0,0,,0
monster#144370115da359cd,,mon5261.mdl,1,,,,1,,,,,,,,,-1,,,,-1,,,,,,,,,,,,,,,-1,,,,,,,,,-1,,,,,,-1,,,,,,,,,,,,,,,,,,,,,,,,,,,,,,,,,,,,,,,,,,0,0,,,,0,0,0,0,0,0,0,1,0,,0,,1,0,0,0,,,0,0,,,,,1,,,,,,,,,,,1,0,,0,,,,1,0,0,0,,0,,,,,,,,,,,,,,0,,0,,,,,0,0,,,,,,0,,0,,0,,0,0,,,,,0,0,,0,0,0,0,,0
monster#1447f5ecfd462332,,ef_obj_a401.mdl,1,,,,1,,,,,,-1,,,-1,,,,,,,-1,,,,,,,-1,,,,,,,,,,,,,,-1,,,,,,-1,,-1,,,-1,,,,,,,,,,,,,-1,,,,,,,-1,,,,,,,,-1,,,,,,,,,0,0,,,,1,0,0,0,0,0,0,1,0,,0,,0,0,0,1,,,0,1,,,,,0,,,,,,,,,,,1,0,,0,,,,1,0,1,0,,1,,,,,,,,,,,,,,1,,0,,,,,0,1,,,,,,0,,1,,0,,0,0,,,,,0,0,,0,0,0,0,,0
monster#154de886508314cc,mon5037.mdl,mon5229.mdl,1,,,,1,,,,,,-1,-1,,-1,,,,,,,-1,,,,,,,,,,,,,,,,,,,,,-1,,,,,,,,-1,,,-1,,,,,,,,,,,,,-1,,,,,,,-1,,,,,,,,-1,,,,,,,,,0,0,,,,1,1,0,0,0,0,0,1,0,,0,,0,0,0,1,,,0,0,,,,,0,,,,,,,,,,,1,0,,0,,,,0,0,1,0,,1,,,,,,,,,,,,,,1,,0,,,,,0,1,,,,,,0,,1,,0,,0,0,,,,,0,0,,0,0,0,0,,0
monster#158d4c89f7f7b520,ef_obj_d005.mdl,,1,,,,0,,,,,,,,,-1,,,,,,,,,,,,,,,,,,,,,,,,,,,,,,,,,,,-1,,,,,,,,,,,,,,,,,,,,,,,,,,,,,,,,,,,,,-1,,,,0,0,,,,,0,0,0,0,0,0,1,0,,0,,0,0,0,,,,0,,,,,,0,,,,,,0,,,,,0,0,,0,,,,0,1,0,0,,,,,,,,,,,,,,,,,,0,,,,,0,0,,,,,,,0,0,,0,,0,1,,,,,0,0,,0,0,,0,,0
monster#15da59d1664ac610,,mon5074_c00.mdl,1,,,,0,,,,,,-1,,,-1,,,,,,,,,,,,,,-1,,,,,,,,,,,,,,,,,,,,,,-1,,,-1,,,,,,,,,,,,,-1,,,,,,,-1,,,,,,,,-1,,,,,,,,,0,0,,,,1,0,0,0,0,0,0,1,0,,0,,0,0,0,0,,,0,1,,,,,0,,,,,,,,,,,0,0,,0,,,,0,0,1,0,,1,,,,,,,,,,,,,,1,,0,,,,,0,1,,,,,,0,,1,,0,,0,0,,,,,0,0,,0,0,0,0,,0
monster#15ed489e7fa67040,,mon5208.mdl,1,,,,1,,,,,,,,,-1,,,,,,,-1,,,,,,,,,,,,,,,,,,,,,,,,-1,,,,,,,,-1,,,,,,,,,,,,,-1,,,,,,,-1,,,,,,,,-1,,,,,,,,,0,0,,,,0,0,0,0,0,0,0,1,0,,0,,0,0,0,1,,,0,0,,,,,0,,,,,,,,,,,0,0,,1,,,,0,0,0,0,,1,,,,,,,,,,,,,,1,,0,,,,,0,1,,,,,,0,,1,,0,,0,0,,,,,0,0,,0,0,0,0,,0
monster#16170d80acd739c2,,ef_obj_a414.mdl,1,,,,1,,,,,,-1,,,-1,,,,,,,-1,,,,,,,,,,,,-1,,,,,,,,,,,,,,,,,-1,,,,,,,,,,,,,,,,,,,,,,,,,,,,,,,-1,,,,,,,,,0,0,,,,1,0,0,0,0,0,0,1,0,,0,,0,0,0,1,,,0,0,,,,,1,,,,,,,,,,,0,0,,0,,,,0,0,1,0,,0,,,,,,,,,,,,,,0,,0,,,,,0,0,,,,,,0,,1,,0,,0,0,,,,,0,0,,0,0,0,0,,0
monster#18d6d61a3d87254b,,ef_obj_o014.mdl,1,,,,0,,,,,,,,,-1,,,,-1,,,-1,,,,,,,,,,,,,,,,,,,,,-1,,,-1,,,,,-1,,,-1,,,,,,,,,,,,,-1,,,,,,,-1,,,,,,,,-1,,,,,,,,,0,0,,,,0,0,0,0,0,0,0,1,0,,0,,1,0,0,1,,,0,0,,,,,0,,,,,,,,,,,1,0,,1,,,,0,0,1,0,,1,,,,,,,,,,,,,,1,,0,,,,,0,1,,,,,,0,,1,,0,,0,0,,,,,0,0,,0,0,0,0,,0
monster#1900b2e18b71b5d8,,mon5261.mdl,1,,,,1,,,,,,,,,-1,,,,,,,,,,,,,,,,,,,,,,,,,,,,,,,-1,,,-1,,,,,-1,,,,,,,,,,,,,-1,,,,,,,-1,,,,,,,,-1,,,,,-1,,,,0,0,,,,0,0,0,0,0,0,0,1,0,,0,,0,0,0,0,,,0,0,,,,,0,,,,,,,,,,,0,0,,1,,,,1,0,0,0,,1,,,,,,,,,,,,,,1,,0,,,,,0,1,,,,,,0,,1,,0,,0,1,,,,,0,0,,0,0,0,0,,0
monster#194594996db9e2a1,,mon5213_c00.mdl,1,,,,1,,,,,,-1,,,-1,,,,,,,-1,,,,,,,-1,,,,,,,,,,,,,,,,,-1,,,,,-1,,,-1,,,,,,,,,,,,,,,,,,,,-1,,,,,-1,,,-1,,,,,,,,,0,0,,,,1,0,0,0,0,0,0,1,0,,0,,0,0,0,1,,,0,1,,,,,0,,,,,,,,,,,0,0,,1,,,,0,0,1,0,,1,,,,,,,,,,,,,,0,,0,,,,,0,1,,,,,,1,,1,,0,,0,0,,,,,0,0,,0,0,0,0,,0
monster#198a9dcd35f0ba98,mon5006_c00.mdl,mon5006_c00.mdl,1,,,,1,,,,,,-1,,,-1,,,,,,,-1,,-1,,,,,,,,,,-1,,,,,,,,,,,,-1,,,,,-1,,,-1,,,,,,,,,,,,,,,,,,,,-1,,,,,,,,-1,,,,,,,,,0,0,,,,1,0,0,0,0,0,0,1,0,,0,,0,0,0,1,,,1,0,,,,,1,,,,,,,,,,,0,0,,1,,,,0,0,1,0,,1,,,,,,,,,,,,,,0,,0,,,,,0,1,,,,,,0,,1,,0,,0,0,,,,,0,0,,0,0,0,0,,0
monster#19a96c6374fc9720,,mon5224_nx.mdl,1,,,,0,,,,,,-1,,,-1,,,-1,,,,-1,,,-1,-1,,-1,,,,,,,,,,,,,,,,,,,,,,,-1,,,,,,,,,,,,,,,,,,,,,,,-1,,,,,,,,-1,,,,,,,,,0,0,,,,1,0,1,1,0,1,0,1,0,,1,,0,0,0,1,,,0,0,,,,,0,,,,,,,,,,,0,0,,0,,,,0,0,1,0,,0,,,,,,,,,,,,,,0,,0,,,,,0,1,,,,,,0,,1,,0,,0,0,,,,,0,2,,0,0,0,0,,0
monster#1a25aca9f80e81aa,ef_obj_b012.mdl,,1,,,,0,,,,,,,,,-1,-1,,,,,,,,,-1,,,-1,,,,,,,,,,,,,,,,,,,,,,,,,,,,,,,,,,,,,,,,,-1,,,,,,,,,,,,-1,,,,,,-1,,,,0,0,,,,,0,1,0,0,1,0,1,1,,0,,0,0,0,,,,0,,,,,,0,,,,,,0,,,,,0,0,,0,,,,0,0,0,0,,,,,,,,,,,,,,,,,,1,,,,,0,0,,,,,,,1,0,,0,,0,1,,,,,1,0,,0,0,,0,,0
monster#1a4bbde467cbe12c,ef_shp_y003.mdl,ef_shp_y003.mdl,1,,,,1,,,,,,,,,,,,,,,,,,,,,,,,,,,,,,,,,,,,,,,,,,,,,,,,,,,,,,,,,,,,,,,,,,,,,,,,,,,,,,,,,,,,,0,0,,,,,0,0,0,0,0,0,0,0,,0,,0,0,0,,,,0,,,,,,0,,,,,,0,,,,,0,0,,0,,,,0,0,0,0,,,,,,,,,,,,,,,,,,0,,,,,0,0,,,,,,,0,0,,0,,0,0,,,,,0,0,,0,0,,0,,0
monster#1b52474df50c0e72,,ef_obj_a416.mdl,1,,,,0,,,,,,,,,-1,,,,-1,,,-1,,-1,-1,,,-1,,,,,,,,,,,,,,,,,,,,,,,,,,,,,,,,,,,,,,,,,-1,,,,,,,,,,,,,,,,,,,,,,0,0,,,,0,0,1,0,0,1,0,1,0,,0,,1,0,0,1,,,1,0,,,,,0,,,,,,,,,,,0,0,,0,,,,0,0,0,0,,0,,,,,,,,,,,,,,0,,1,,,,,0,0,,,,,,0,,0,,0,,0,0,,,,,0,0,,0,0,0,0,,1
monster#1c47d574acfd6ed5,,ef_obj_m023.mdl,1,,,,1,,,,,,-1,,,-1,,,,-1,,,,,,,,,,,,,,,-1,,,,,,,,,,,,-1,,,,,,,,,,,,,,,,,,,,,,,,,,,,-1,,,,,-1,,,,,,,,,,,,0,0,,,,1,0,0,0,0,0,0,1,0,,0,,1,0,0,0,,,0,0,,,,,1,,,,,,,,,,,0,0,,1,,,,0,0,0,0,,0,,,,,,,,,,,,,,0,,0,,,,,0,1,,,,,,1,,0,,0,,0,0,,,,,0,0,,0,0,0,0,,0
monster#1c7691ed3f085ed1,ef_obj_a135.mdl,ef_obj_o028.mdl,1,,,,0,,,,,,,,,-1,,,,-1,,,,,-1,,,,,,,,,,,,,,,,,,,,,,,,,,,,,,,,,,,,,,,,,,,,,,,,,,,,,,,,,,,,,,,,,,,0,0,,,,,0,0,0,0,0,0,1,0,,0,,1,0,0,,,,1,,,,,,0,,,,,,0,,,,,0,0,,0,,,,0,0,0,0,,,,,,,,,,,,,,,,,,0,,,,,0,0,,,,,,,0,0,,0,,0,0,,,,,0,0,,0,0,,0,,0
monster#1c7fe03afdfa5ac1,ef_obj_a164.mdl,,1,,,,0,,,,,,,,,-1,,,,,,,,,-1,,,,,,,,,,,,,,,,,,,-1,,,-1,,,,,-1,,,,,,,,,,,,,,,,,,,,,,,-1,,,,,,,,-1,,,,,,,,,0,0,,,,,0,0,0,0,0,0,1,0,,0,,0,0,0,,,,1,,,,,,0,,,,,,0,,,,,1,0,,1,,,,0,0,1,0,,,,,,,,,,,,,,,,,,0,,,,,0,1,,,,,,,0,1,,0,,0,0,,,,,0,0,,0,0,,0,,0
monster#1cca56f6fa980965,,mon5203.mdl,1,,,,0,,,,,,-1,,,-1,,,,,,,-1,,,,,,,,,,,,-1,,,,,,,,,-1,,,,,,,,-1,,,-1,,,,,,,,,,,,,,,,,,,,-1,,,,,,,,-1,,,,,,,,,0,0,,,,1,0,0,0,0,0,0,1,0,,0,,0,0,0,1,,,0,0,,,,,1,,,,,,,,,,,1,0,,0,,,,0,0,1,0,,1,,,,,,,,,,,,,,0,,0,,,,,0,1,,,,,,0,,1,,0,,0,0,,,,,0,0,,0,0,0,0,,0
monster#1ce865ef1219c653,ef_obj_a138.mdl,,1,,,,0,,,,,,,,,-1,,,,-1,,,,,,,,,,,,,,,,,,,,-1,,,,,,,,,,,,,,,,,,,,,,,,,,,,,,,,,,,,,,,,,,-1,,,,,,-1,,,,0,0,,,,,0,0,0,0,0,0,1,0,,0,,1,0,0,,,,0,,,,,,0,,,,,,1,,,,,0,0,,0,,,,0,0,0,0,,,,,,,,,,,,,,,,,,0,,,,,0,0,,,,,,,1,0,,0,,0,1,,,,,0,0,,0,0,,0,,0
monster#1d146b917ea0a7de,ef_obj_a139.mdl,,1,,,,1,,,,,,,,,-1,,,,,,,,,,,,,,,,,,,,,,,,,,,,,,,-1,,,,,-1,,,,,,,,,,,,,,,,,,,,,,,-1,,,,,,,-1,-1,,,,,,,,,0,0,,,,,0,0,0,0,0,0,1,0,,0,,0,0,0,,,,0,,,,,,0,,,,,,0,,,,,0,0,,1,,,,0,0,1,0,,,,,,,,,,,,,,,,,,0,,,,,0,1,,,,,,,1,1,,0,,0,0,,,,,0,0,,0,0,,0,,1
monster#1d6c6e63b417dd3c,,ef_obj_a363.mdl,1,,,,0,,,,,,,,,-1,,,,-1,,,,,-1,,,,,,,,,,,,,,,,,,,,,,,,,,-1,,,,,,,,,,,,,,,,,,,,,,,,,,,,,,,,,,,,,,,,,0,0,,,,0,0,0,0,0,0,0,1,0,,0,,1,0,0,0,,,1,0,,,,,0,,,,,,,,,,,0,0,,0,,,,0,1,0,0,,0,,,,,,,,,,,,,,0,,0,,,,,0,0,,,,,,0,,0,,0,,0,0,,,,,0,0,,0,0,0,0,,0
monster#1d8463219c728db2,mon5007.mdl,ef_obj_a395.mdl,1,,,,1,,,,,,-1,,,-1,,,,,,,-1,,-1,,,,,-1,,,,,,,,,,,,,,-1,,,,,,,,-1,,,-1,,,,,,,,,,,,,,,,,,,,-1,,,,,,,,-1,,-1,,,,,,,0,0,,,,1,0,0,0,0,0,0,1,0,,0,,0,0,0,1,,,1,1,,,,,0,,,,,,,,,,,1,0,,0,,,,0,0,1,0,,1,,,,,,,,,,,,,,0,,0,,,,,0,1,,,,,,0,,1,,1,,0,0,,,,,0,0,,0,0,0,0,,0
monster#1e89b72994c31b99,,mon5264.mdl,1,,,,0,,,,,,-1,,,-1,,,,,,,,,,,,,,,,,,,,,,,,,,,,,,,,,,-1,,-1,,,-1,,,,,,,,,,,,,-1,,,,,,,-1,,,,,,,,-1,,,,,,,,,0,0,,,,1,0,0,0,0,0,0,1,0,,0,,0,0,0,0,,,0,0,,,,,0,,,,,,,,,,,0,0,,0,,,,1,0,1,0,,1,,,,,,,,,,,,,,1,,0,,,,,0,1,,,,,,0,,1,,0,,0,0,,,,,0,0,,0,0,0,0,,0
monster#1f310b8a2ec2bda5,,mon5226.mdl,1,,,,1,,,,,,-1,-1,,-1,,,,,,,,,,,,,,,,,,,-1,,,,,,,,,,,,,,,,,,,,,,,,,,,,,,,,,,,,,,,,-1,,,,,,,,,,,,,,,,,0,0,,,,1,1,0,0,0,0,0,1,0,,0,,0,0,0,0,,,0,0,,,,,1,,,,,,,,,,,0,0,,0,,,,0,0,0,0,,0,,,,,,,,,,,,,,0,,0,,,,,0,1,,,,,,0,,0,,0,,0,0,,,,,0,0,,0,0,0,0,,0
monster#1f92d309c98bd5df,,ob_s07_000.mdl,0,,,,0,,,,,,,,,-1,-1,,,,,,,,,,,,,,,,,,,,,,,,,,,,,,,,,,,-1,-1,,,,,,,,,,,,,,,,,,,,,,-1,,,,,,,,,,,,-1,,,,,0,0,,,,0,0,0,0,0,0,0,1,1,,0,,0,0,0,0,,,0,0,,,,,0,,,,,,,,,,,0,0,,0,,,,0,0,1,1,,0,,,,,,,,,,,,,,0,,0,,,,,0,1,,,,,,0,,0,,0,,1,0,,,,,0,0,,0,0,0,0,,0
monster#203b52c03d2f3b21,ef_obj_a148.mdl,,1,,,,0,,,,,,,,,-1,,,,-1,,,,,,,,,,,,,,,-1,,,,,-1,,,,,,,,,,,,,,,,,,,,,,,,,,,,,,,,,,,,,,,,,,-1,,,,,,,,,,0,0,,,,,0,0,0,0,0,0,1,0,,0,,1,0,0,,,,0,,,,,,1,,,,,,1,,,,,0,0,,0,,,,0,0,0,0,,,,,,,,,,,,,,,,,,0,,,,,0,0,,,,,,,1,0,,0,,0,0,,,,,0,0,,0,0,,0,,1
monster#20a225c05f308669,ef_obj_a213.mdl,,1,,,,1,,,,,,,,,-1,,,,-1,,,,,,,,,,,,,,,,,,,,,,,,-1,,,-1,,,,,-1,,,,,,,,,,,,,,,,,,,,,,,-1,,,,,,,-1,,,,,,,,,,0,0,,,,,0,0,0,0,0,0,1,0,,0,,1,0,0,,,,0,,,,,,0,,,,,,0,,,,,1,0,,1,,,,0,0,1,0,,,,,,,,,,,,,,,,,,0,,,,,0,1,,,,,,,1,0,,0,,0,0,,,,,0,0,,0,0,,0,,0
monster#20fb400e818401bf,ef_obj_a215.mdl,,1,,,,1,,,,,,,,,-1,,,,,,,,,,,,,,,,,,,,,,,,,,,,-1,,,,,,,,-1,,,,,,,,,,,,,,,,,,,,,,,,,,,,,,,,,,,,,,,,0,0,,,,,0,0,0,0,0,0,1,0,,0,,0,0,0,,,,0,,,,,,0,,,,,,0,,,,,1,0,,0,,,,0,0,1,0,,,,,,,,,,,,,,,,,,0,,,,,0,0,,,,,,,0,0,,0,,0,0,,,,,0,0,,0,0,,0,,0
monster#22494942a8fcc3dc,,mon5226.mdl,1,,,,0,,,,,,-1,,,-1,-1,,-1,,,,-1,,,-1,-1,,-1,,,,,,,,,,,,,,,,,,,,,,,-1,,,,,,,,,,,,,,,,,,-1,,,,,-1,,,,,,,,-1,,,,,,,,,0,0,,,,1,0,1,1,0,1,0,1,1,,1,,0,0,0,1,,,0,0,,,,,0,,,,,,,,,,,0,0,,0,,,,0,0,1,0,,0,,,,,,,,,,,,,,0,,1,,,,,0,1,,,,,,0,,1,,0,,0,0,,,,,0,2,,0,0,0,0,,1
monster#228027a45ad9923f,,etc1200.mdl,1,,,,1,,,,,,,,,-1,,,,,,,,,,,,,,,,,,,-1,,,,,,,,,,,,,,,,,,,,,,,,,,,,,,,,,,,,,,,,,,,,,,,,,,,,,,,,,0,0,,,,0,0,0,0,0,0,0,1,0,,0,,0,0,0,0,,,0,0,,,,,1,,,,,,,,,,,0,0,,0,,,,0,0,0,0,,0,,,,,,,,,,,,,,0,,0,,,,,0,0,,,,,,0,,0,,0,,0,0,,,,,0,0,,0,0,0,0,,0
monster#2291e93905721ef8,,mon5200.mdl,1,,,,0,,,,,,-1,,,-1,,,,,,,-1,,,,,,,,,,,,,,,,,,,,,,,,,,,,,,,,,,,,,,,,,,,,,-1,,,,,,,-1,,,,,,,,-1,,,,,,,,,0,0,,,,1,0,0,0,0,0,0,1,0,,0,,0,0,0,1,,,0,0,,,,,0,,,,,,,,,,,0,0,,0,,,,0,0,0,0,,0,,,,,,,,,,,,,,1,,0,,,,,0,1,,,,,,0,,1,,0,,0,0,,,,,0,0,,0,0,0,0,,0
monster#238300251c69636d,,mon5240.mdl,1,,,,0,,,,,,,,,-1,,,,,,,-1,,,,,,,,,,,,-1,,,,,,,,,-1,,,,,,,,,,,-1,,,,,,,,,,,,,-1,,,,,,,-1,,,,,,,,,,,,,,,,,0,0,,,,0,0,0,0,0,0,0,1,0,,0,,0,0,0,1,,,0,0,,,,,1,,,,,,,,,,,1,0,,0,,,,0,0,0,0,,1,,,,,,,,,,,,,,1,,0,,,,,0,1,,,,,,0,,0,,0,,0,0,,,,,0,0,,0,0,0,0,,0
monster#24d25824adf02615,ef_obj_a135.mdl,ef_obj_n014.mdl,1,,,,0,,,,,,,,,-1,,,,-1,,,,,-1,,,,,,,,,,,,,,,,,,,,,,,,,,,,,,,,,,,,,,,,,,,,,,,,,,-1,,,,,,,,,,,,,,,,,0,0,,,,,0,0,0,0,0,0,1,0,,0,,1,0,0,,,,1,,,,,,0,,,,,,0,,,,,0,0,,0,,,,0,0,0,0,,,,,,,,,,,,,,,,,,0,,,,,0,1,,,,,,,0,0,,0,,0,0,,,,,0,0,,0,0,,0,,0
monster#24d5ac83059d6d41,,mon5221.mdl,0,,,,1,,,,,,-1,,,-1,,,,,,,,,,,,,,-1,,,,,,,,,,,,,,-1,,,-1,,,,,-1,,,-1,,,,,,,,,,,,,,,,,,,,-1,,,,,,,,-1,,,,,,,,,0,0,,,,1,0,0,0,0,0,0,1,0,,0,,0,0,0,0,,,0,1,,,,,0,,,,,,,,,,,1,0,,1,,,,0,0,1,0,,1,,,,,,,,,,,,,,0,,0,,,,,0,1,,,,,,0,,1,,0,,0,0,,,,,0,0,,0,0,0,0,,0
monster#2575292eaaa9bff3,ef_obj_e000.mdl,ef_obj_e000.mdl,1,,,,1,,,,,,,,,-1,,,,,,,,,,,,,,,,,,,,,,,,,,,,,,,,,,,,-1,,,,,,,,,,,,,,,,,,,,,,,-1,,,,,,,,-1,,,,,,,,,0,0,,,,0,0,0,0,0,0,0,1,0,,0,,0,0,0,0,,,0,0,,,,,0,,,,,,,,,,,0,0,,0,,,,0,0,1,0,,0,,,,,,,,,,,,,,0,,0,,,,,0,1,,,,,,0,,1,,0,,0,0,,,,,0,0,,0,0,0,0,,0
monster#26781dc01e327305,ef_obj_z041.mdl,,1,,,,0,,,,,,,,,-1,,,,-1,,,,,-1,,,,,,,,,,,,,,,,,,,,,,,,,,,-1,,,,,,,,,,,,,,,,,,,,,,,,,,,,,,,-1,,,,,,,,,0,0,,,,,0,0,0,0,0,0,1,0,,0,,1,0,0,,,,1,,,,,,0,,,,,,0,,,,,0,0,,0,,,,0,0,1,0,,,,,,,,,,,,,,,,,,0,,,,,0,0,,,,,,,0,1,,0,,0,0,,,,,0,0,,0,0,,0,,0
monster#267f236eefd02a47,,etc1200.mdl,1,,,,1,-1,,,,,,,,-1,-1,,-1,,-1,-1,,,,-1,-1,-1,-1,,,,,,,,,,,,,,,,,,,,,,,,,,-1,,,,,,,,,,,,,,,,,,,,,,,,,,,,-1,,,,,,,,,1,0,,,,0,0,1,1,1,1,0,1,1,,1,,0,1,1,0,,,0,0,,,,,0,,,,,,,,,,,0,0,,0,,,,0,0,0,0,,1,,,,,,,,,,,,,,0,,0,,,,,0,0,,,,,,0,,1,,0,,0,0,,,,,1,1,,0,0,0,0,,0
monster#26a6968bc482087a,mon5036.mdl,mon5036.mdl,1,,,,1,,,,,,-1,,,-1,,,,,,,-1,,,,,,,,,,,,-1,,,,,,,,,-1,,,,,,,,-1,,,-1,,,,,,,,,,,,,,,,,,,,-1,,,,,-1,,,-1,,,,,,,,,0,0,,,,1,0,0,0,0,0,0,1,0,,0,,0,0,0,1,,,0,0,,,,,1,,,,,,,,,,,1,0,,0,,,,0,0,1,0,,1,,,,,,,,,,,,,,0,,0,,,,,0,1,,,,,,1,,1,,0,,0,0,,,,,0,0,,0,0,0,0,,0
monster#27f8178224da7493,ef_obj_b006.mdl,ef_obj_b006.mdl,1,,,,0,,,,,,-1,,,-1,,,,-1,,,,,,,,,,,,,,,-1,,,,,,,,,,,,,,,,,,,,,,,,,,,,,,,,,,,,,,,,,,,,,,,,,,,,,,,,,0,0,,,,1,0,0,0,0,0,0,1,0,,0,,1,0,0,0,,,0,0,,,,,1,,,,,,,,,,,0,0,,0,,,,0,0,0,0,,0,,,,,,,,,,,,,,0,,0,,,,,0,0,,,,,,0,,0,,0,,0,0,,,,,0,0,,0,0,0,0,,0
monster#286ce84795004f20,ef_obj_w031.mdl,ef_obj_w031.mdl,1,,,,1,,,,,,-1,,-1,-1,,,,,,,-1,,-1,,,,,-1,,,,,-1,,,,,,,,,-1,,,,,,,,-1,,,-1,,,,,,,,,,,,,,,,,,,,-1,,,,,,,,-1,,,,,,,,,0,0,,,,1,0,0,0,0,0,1,1,0,,0,,0,0,0,1,,,1,1,,,,,1,,,,,,,,,,,1,0,,0,,,,0,0,1,0,,1,,,,,,,,,,,,,,0,,0,,,,,0,1,,,,,,0,,1,,0,,0,0,,,,,0,0,,0,0,0,0,,0
monster#28c1fef030cd18de,mon5000.mdl,mon5000.mdl,1,,,,0,,,,,,-1,,,-1,,,,,,,-1,,,,,,,,,,,,,,,,,,,,,-1,,,,,,,,-1,,,-1,,,,,,,,,,,,,,,,,,,,-1,,,,,,,,-1,,,,,,,,,0,0,,,,1,0,0,0,0,0,0,1,0,,0,,0,0,0,1,,,0,0,,,,,0,,,,,,,,,,,1,0,,0,,,,0,0,1,0,,1,,,,,,,,,,,,,,0,,0,,,,,0,1,,,,,,0,,1,,0,,0,0,,,,,0,0,,0,0,0,0,,0
monster#28fdc371a8377114,,ef_shp_o026.mdl,1,,,,0,,,,,,,,,,,,,-1,,,,,,,,,,,,,,,,,,,,,,,,,,,,,,,,,,,,,,,,,,,,,,,,,,,,,,,,,,,,,,,,,,,,,,,,0,0,,,,0,0,0,0,0,0,0,0,0,,0,,1,0,0,0,,,0,0,,,,,0,,,,,,,,,,,0,0,,0,,,,0,0,0,0,,0,,,,,,,,,,,,,,0,,0,,,,,0,0,,,,,,0,,0,,0,,0,0,,,,,3,0,,0,0,0,0,,0
monster#293a76c22ba0fde4,,rob0001.mdl,1,,,,1,,,,,,-1,,,-1,,,,,,,-1,,,,,,,,,,,,,,,,,,,,,-1,,,,,,,,-1,,,,,,,,,,,,,,,,,,,,,,,,,,,,,,,,,,,,,,,,0,0,,,,1,0,0,0,0,0,0,1,0,,0,,0,0,0,1,,,0,0,,,,,0,,,,,,,,,,,1,0,,0,,,,0,0,1,0,,0,,,,,,,,,,,,,,0,,0,,,,,0,0,,,,,,0,,0,,0,,0,0,,,,,0,0,,0,0,0,0,,0
monster#2a21b7bf3822c8ae,,mon5237.mdl,1,,,,1,,,,,,-1,,,-1,,,,,,,-1,,,,,,,,,,,,,,,,,,,,,-1,,,,,,,,,,,-1,,,,,,,,,,,,,,,,,,,,-1,,,,,,,,-1,,,,,,,,,0,0,,,,1,0,0,0,0,0,0,1,0,,0,,0,0,0,1,,,0,0,,,,,0,,,,,,,,,,,1,0,,0,,,,0,0,0,0,,1,,,,,,,,,,,,,,0,,0,,,,,0,1,,,,,,0,,1,,0,,0,0,,,,,0,0,,0,0,0,0,,0
monster#2aa7cafa355fee1d,mon5000_c00.mdl,mon5000_c00.mdl,1,,,,1,,,,,,-1,,,-1,,,,,,,-1,,,,,,,-1,,,,,,,,,,,,,,,,,,,,,,-1,,,-1,,,,,,,,,,,,,,,,,,,,-1,,,,,,,,-1,,,,,,,,,0,0,,,,1,0,0,0,0,0,0,1,0,,0,,0,0,0,1,,,0,1,,,,,0,,,,,,,,,,,0,0,,0,,,,0,0,1,0,,1,,,,,,,,,,,,,,0,,0,,,,,0,1,,,,,,0,,1,,0,,0,0,,,,,0,0,,0,0,0,0,,0
monster#2b0bcc79ecf0de05,equ0506.mdl,equ0506.mdl,1,,,,1,,,,,,,,,-1,,,,-1,,,,,-1,,,,,,,,,,,,,,,,,,,,,,,,,,,,,,,,,,,,,,,,,,,,,,,,,,-1,,,,,,,,-1,,,,,,,,,0,0,,,,0,0,0,0,0,0,0,1,0,,0,,1,0,0,0,,,1,0,,,,,0,,,,,,,,,,,0,0,,0,,,,0,0,0,0,,0,,,,,,,,,,,,,,0,,0,,,,,0,1,,,,,,0,,1,,0,,0,0,,,,,0,0,,0,0,0,0,,0
monster#2b3da59e2eb8f34a,ef_obj_a181.mdl,,1,,,,1,,,,,,,,,-1,,,,-1,,,,,,,,,,,,,,,,,,,,-1,,,,,,,,,,,,,,,,,,,,,,,,,,,,,,,,,,,,,,,,,,,,,,,,,,,,0,0,,,,,0,0,0,0,0,0,1,0,,0,,1,0,0,,,,0,,,,,,0,,,,,,1,,,,,0,0,,0,,,,0,0,0,0,,,,,,,,,,,,,,,,,,0,,,,,0,0,,,,,,,0,0,,0,,0,0,,,,,0,0,,0,0,,0,,0
monster#2b5cfe7de2f6f70b,,mon5265.mdl,0,,,,1,,,,,,-1,,,-1,,,,,,,,,,,,,,,,,,,-1,,,,,,,,,-1,,,,,,,,-1,,,-1,,,,,,,,,,,,,,,,,,,,-1,,,,,,,,-1,,,,,,,,,0,0,,,,1,0,0,0,0,0,0,1,0,,0,,0,0,0,0,,,0,0,,,,,1,,,,,,,,,,,1,0,,0,,,,0,0,1,0,,1,,,,,,,,,,,,,,0,,0,,,,,0,1,,,,,,0,,1,,0,,0,0,,,,,0,0,,0,0,0,0,,0
monster#2bbea3e7301490c4,equ0528.mdl,equ0528.mdl,1,,,,0,,,,,,,,,-1,,,,-1,,,,,-1,,,,,,,,,,,,,,,,,,,,,,,,,,,,,,,,,,,,,,,,,,,,,,,,,,-1,,,,,,,,-1,,,,,,,,,0,0,,,,0,0,0,0,0,0,0,1,0,,0,,1,0,0,0,,,1,0,,,,,0,,,,,,,,,,,0,0,,0,,,,0,0,0,0,,0,,,,,,,,,,,,,,0,,0,,,,,0,1,,,,,,0,,1,,0,,0,0,,,,,0,0,,0,0,0,0,,0
monster#2c3de310077b5e50,ef_obj_x002.mdl,,1,,,,1,,,,,,,,,-1,,,,,,,,,,,,,,,,,,,,,,,,,,,,,,,-1,,,,,-1,-1,,,,,,,,,,,,,,,,,,,,,,-1,,,,,,,,-1,,,,,,,,,0,0,,,,,0,0,0,0,0,0,1,0,,0,,0,0,0,,,,0,,,,,,0,,,,,,0,,,,,0,0,,1,,,,0,0,1,1,,,,,,,,,,,,,,,,,,0,,,,,0,1,,,,,,,0,1,,0,,0,0,,,,,0,0,,0,0,,0,,0
monster#2cd5cc9f632c4885,ef_obj_a149.mdl,,1,,,,0,,,,,,,,,-1,,,,,,,,,-1,,-1,,-1,,,,,,,,,,,,,,,,,,,,,,,,,,,,,,,,,,,,,,,,,,,,,,,,,,,,,-1,,,,,,-1,,,,0,0,,,,,0,0,1,0,1,0,1,0,,0,,0,0,0,,,,1,,,,,,0,,,,,,0,,,,,0,0,,0,,,,0,0,0,0,,,,,,,,,,,,,,,,,,0,,,,,0,0,,,,,,,1,0,,0,,0,1,,,,,3,0,,0,0,,0,,1
monster#2de9553749105a77,,mon5014_c00.mdl,1,,,,1,,,,,,,,,-1,,,,,,,-1,,,,,,,-1,,,,,,,,,,,,,,,,,,,,,,-1,,,-1,,,,,,,,,,,,,-1,,,,,,,-1,,,,,,,,-1,,,,,,,,,0,0,,,,0,0,0,0,0,0,0,1,0,,0,,0,0,0,1,,,0,1,,,,,0,,,,,,,,,,,0,0,,0,,,,0,0,1,0,,1,,,,,,,,,,,,,,1,,0,,,,,0,1,,,,,,0,,1,,0,,0,0,,,,,0,0,,0,0,0,0,,0
monster#2e7adb3a2f7817f5,ef_obj_a030.mdl,,1,,,,0,,,,,,,,,-1,,,,,,,,,,,,,,,,,,,,,,,,,,,,,,,,,,,,,,,,,,,,,,,,,,,,,,-1,,,,,,,,,,,,-1,-1,,,,,-1,,,,0,0,,,,,0,0,0,0,0,0,1,0,,0,,0,0,0,,,,0,,,,,,0,,,,,,0,,,,,0,0,,0,,,,0,0,0,0,,,,,,,,,,,,,,,,,,1,,,,,0,0,,,,,,,1,1,,0,,0,1,,,,,0,0,,0,0,,0,,1
monster#2e89801ceaeca02e,,ob_s07_000.mdl,0,,,,0,,,,,,,,,-1,,,,,,,,,,,,,,,,,,,,,,,,,,,,,,,,,,,,-1,,,,,,,,,,,,,,,,,,,,,,,-1,,,,,,,,,,,,,,,,,0,0,,,,0,0,0,0,0,0,0,1,0,,0,,0,0,0,0,,,0,0,,,,,0,,,,,,,,,,,0,0,,0,,,,0,0,1,0,,0,,,,,,,,,,,,,,0,,0,,,,,0,1,,,,,,0,,0,,0,,0,0,,,,,0,0,,0,0,0,0,,0
monster#2e8c5046ec8b12ff,chr8998.mdl,chr8998.mdl,1,,,,0,,,,,,,,,-1,,,,,,,,,,,,,,,,,,,,,,,,,,,,,,,,,,,,,,,,,,,,,,,,,,,,,,,,,,,-1,,,,,,,,-1,,,,,,,,,0,0,,,,0,0,0,0,0,0,0,1,0,,0,,0,0,0,0,,,0,0,,,,,0,,,,,,,,,,,0,0,,0,,,,0,0,0,0,,0,,,,,,,,,,,,,,0,,0,,,,,0,1,,,,,,0,,1,,0,,0,0,,,,,0,0,,0,0,0,0,,0
monster#302496997acbb24b,ef_obj_x010.mdl,ef_obj_o999.mdl,1,,,,1,,,,,,,,,-1,,,,,,,,,,,,,,,,,,,,,,,,,,,,,,,,,,,,,,,,,,,,,,,,,,,,,,,,,,,,,,,,,,,,,,,,,,,,0,0,,,,,0,0,0,0,0,0,1,0,,0,,0,0,0,,,,0,,,,,,0,,,,,,0,,,,,0,0,,0,,,,0,0,0,0,,,,,,,,,,,,,,,,,,0,,,,,0,0,,,,,,,0,0,,0,,0,0,,,,,0,0,,0,0,,0,,0
monster#30a40f3119f6ddc7,,mon5246_c01.mdl,1,,,,1,,,,,,-1,,,-1,,,,,,,-1,,,,,,,,,,,,,,,,,,,,,-1,,,-1,,,,,-1,,,-1,,,,,,,,,,,,,,,,,,,,-1,,,,,-1,,,-1,,,,,,,,,0,0,,,,1,0,0,0,0,0,0,1,0,,0,,0,0,0,1,,,0,0,,,,,0,,,,,,,,,,,1,0,,1,,,,0,0,1,0,,1,,,,,,,,,,,,,,0,,0,,,,,0,1,,,,,,1,,1,,0,,0,0,,,,,2,0,,0,0,0,0,,0
monster#30c9c50a14cbb9c7,,mon5031_c01.mdl,1,,,,1,,,,,,-1,,,-1,,,,,,,,,,,,,,-1,,,,,,,,,,,,,,,,,,,,,,-1,,,-1,,,,,,,,,,,,,-1,,,,,,,-1,,,,,-1,,,-1,,,,,,,,,0,0,,,,1,0,0,0,0,0,0,1,0,,0,,0,0,0,0,,,0,1,,,,,0,,,,,,,,,,,0,0,,0,,,,0,0,1,0,,1,,,,,,,,,,,,,,1,,0,,,,,0,1,,,,,,1,,1,,0,,0,0,,,,,0,0,,0,0,0,0,,0
monster#30cf1d5c173b3df9,ef_obj_y006.mdl,,1,,,,0,,,,,,,,,-1,,,,-1,,,,,,,,,,,,,,,,,,,,,,,,,,,-1,,,,,-1,,,,,,,,,,,,,,,,,,,,,,,-1,,,,,,,,-1,,,,,,,,,0,0,,,,,0,0,0,0,0,0,1,0,,0,,1,0,0,,,,0,,,,,,0,,,,,,0,,,,,0,0,,1,,,,0,0,1,0,,,,,,,,,,,,,,,,,,0,,,,,0,1,,,,,,,0,1,,0,,0,0,,,,,0,0,,0,0,,0,,0
monster#312179b9e257f083,mon5076.mdl,mon5076.mdl,1,,,,0,,,,,,,,,-1,,,,,,,,,,,,,,,,,,,,,,,,,,,,,,,,,,,,,,,-1,,,,,,,,,,,,,,,,,,,,-1,,,,,-1,,,-1,,,,,,,,,0,0,,,,0,0,0,0,0,0,0,1,0,,0,,0,0,0,0,,,0,0,,,,,0,,,,,,,,,,,0,0,,0,,,,0,0,0,0,,1,,,,,,,,,,,,,,0,,0,,,,,0,1,,,,,,1,,1,,0,,0,0,,,,,0,0,,0,0,0,0,,0
monster#31c7929c3ddb3bc3,ef_obj_a133.mdl,,1,,,,1,,,,,,,,,-1,,,,-1,-1,,,,,,,,,,,,,,,,,,,,,,,,,,-1,,,,,,,,,,,,,,,,,,,,,,,,,,,,,,,,,,,-1,,,,,,,,,,0,0,,,,,0,0,0,0,0,0,1,0,,0,,1,1,0,,,,0,,,,,,0,,,,,,0,,,,,0,0,,1,,,,0,0,0,0,,,,,,,,,,,,,,,,,,0,,,,,0,0,,,,,,,1,0,,0,,0,0,,,,,0,0,,0,0,,0,,1
monster#32082d110df7d6a8,,mon5078_c00.mdl,1,,,,1,,,,,,-1,,,-1,,,,,,,,,,,,,,,,,,,,,,,,,,,,,,,,,,,,,,,-1,,,,,,,,,,,,,-1,,,,,,,-1,,,,,,,,-1,,,,,,,,,0,0,,,,1,0,0,0,0,0,0,1,0,,0,,0,0,0,0,,,0,0,,,,,0,,,,,,,,,,,0,0,,0,,,,0,0,0,0,,1,,,,,,,,,,,,,,1,,0,,,,,0,1,,,,,,0,,1,,0,,0,0,,,,,0,0,,0,0,0,0,,0
monster#3295e0d066b41e6a,mon5071.mdl,mon5071.mdl,1,,,,1,,,,,,,,,-1,,,,,,,-1,,,,,,,-1,,,,,-1,,,,,,,,,,,,,,,,,-1,,,-1,,,,,,,,,,,,,,,,,,,,-1,,,,,,,,-1,,,,,,,,,0,0,,,,0,0,0,0,0,0,0,1,0,,0,,0,0,0,1,,,0,1,,,,,1,,,,,,,,,,,0,0,,0,,,,0,0,1,0,,1,,,,,,,,,,,,,,0,,0,,,,,0,1,,,,,,0,,1,,0,,0,0,,,,,0,0,,0,0,0,0,,0
monster#33507943d390cd4f,ef_obj_a100.mdl,,1,,,,0,-1,,,,,,,,-1,,,,,,,,,-1,,,,,,,,,,,,,,,-1,,,,,,,,,,,,,,,,,,,,,,,,,,,,,,,,,,,,,,,,,,,,,,,,-1,,,,1,0,,,,,0,0,0,0,0,0,1,0,,0,,0,0,0,,,,1,,,,,,0,,,,,,1,,,,,0,0,,0,,,,0,0,0,0,,,,,,,,,,,,,,,,,,0,,,,,0,0,,,,,,,0,0,,0,,0,1,,,,,0,0,,0,0,,0,,0
monster#33ecf56c32145c3f,mon5016.mdl,mon5016.mdl,1,,,,1,,,,,,-1,,,-1,,,,,,,-1,,,,,,,-1,,,,,-1,,,,,,,,,-1,,,,,,,,-1,,,-1,,,,,,,,,,,,,,,,,,,,-1,,,,,,,,-1,,,,,,,,,0,0,,,,1,0,0,0,0,0,0,1,0,,0,,0,0,0,1,,,0,1,,,,,1,,,,,,,,,,,1,0,,0,,,,0,0,1,0,,1,,,,,,,,,,,,,,0,,0,,,,,0,1,,,,,,0,,1,,0,,0,0,,,,,0,0,,0,0,0,0,,0
monster#342b95f9649b63cd,ef_obj_z047.mdl,,1,,,,1,,,,,,,,,-1,,,,,,,,,,,,,,,,,,,,,,,,,,,,,,,,,,,,-1,,,,,,,,,,,,,,,,,,,,,,,,,,,,,,,,,,,,,,,,0,0,,,,,0,0,0,0,0,0,1,0,,0,,0,0,0,,,,0,,,,,,0,,,,,,0,,,,,0,0,,0,,,,0,0,1,0,,,,,,,,,,,,,,,,,,0,,,,,0,0,,,,,,,0,0,,0,,0,0,,,,,0,0,,0,0,,0,,0
monster#343578d7f8822608,mon5039.mdl,mon5039.mdl,1,,,,1,,,,,,,,,-1,,,,,,,-1,,,,,,,,,,,,-1,,,,,,,,,-1,,,,,,,,-1,,,-1,,,,,,,,,,,,,,,,,,,,-1,,,,,,,,-1,,,,,,,,,0,0,,,,0,0,0,0,0,0,0,1,0,,0,,0,0,0,1,,,0,0,,,,,1,,,,,,,,,,,1,0,,0,,,,0,0,1,0,,1,,,,,,,,,,,,,,0,,0,,,,,0,1,,,,,,0,,1,,0,,0,0,,,,,0,0,,0,0,0,0,,0
monster#348157c43a36015e,mon5103.mdl,mon5103.mdl,1,,,,1,,,,,,-1,,,-1,-1,,,-1,-1,,-1,,,,-1,,-1,,,,,,,,,,,,,,,,,,,,,,,,,,-1,,,,,,,,,,,,,,,,,,,,-1,,,,,,,,-1,,,,,-1,,,,0,0,,,,1,0,0,1,0,1,0,1,1,,0,,1,1,0,1,,,0,0,,,,,0,,,,,,,,,,,0,0,,0,,,,0,0,0,0,,1,,,,,,,,,,,,,,0,,0,,,,,0,1,,,,,,0,,1,,0,,0,1,,,,,1,0,,0,0,0,0,,0
monster#35cb4090b55404a8,mon5101.mdl,mon5101.mdl,1,,,,0,,,,,,,,,-1,,,,,,,-1,,,,,,,,,,,,-1,,,,,,,,,-1,,,,,,,,-1,,,-1,,,,,,,,,,,,,,,,,,,,,,,,,,,,-1,,,,,,,,,0,0,,,,0,0,0,0,0,0,0,1,0,,0,,0,0,0,1,,,0,0,,,,,1,,,,,,,,,,,1,0,,0,,,,0,0,1,0,,1,,,,,,,,,,,,,,0,,0,,,,,0,0,,,,,,0,,1,,0,,0,0,,,,,0,0,,0,0,0,0,,0
monster#35f15ae8f555e96d,,ef_obj_a416.mdl,1,,,,0,,,,,,,,,-1,,,,,,,,,-1,-1,,,-1,,,,,,,,,,,,,,,,,,,,,,-1,,,,,,,,,,,,,,,,,,,,,,,,,,,,,,,,,,,,,,,,,0,0,,,,0,0,1,0,0,1,0,1,0,,0,,0,0,0,0,,,1,0,,,,,0,,,,,,,,,,,0,0,,0,,,,0,1,0,0,,0,,,,,,,,,,,,,,0,,0,,,,,0,0,,,,,,0,,0,,0,,0,0,,,,,0,0,,0,0,0,0,,1
monster#35fbb3df2503825f,,monm001_mat.mdl,1,,,,1,,,,,,-1,,,-1,,,,,,,,,,,,,,-1,,,,,,,,,,,,,,-1,,,,,,-1,,-1,,,-1,,,,,,,,,,,,,,,,,,,,-1,,,,,,,,-1,,,,,,,,,0,0,,,,1,0,0,0,0,0,0,1,0,,0,,0,0,0,0,,,0,1,,,,,0,,,,,,,,,,,1,0,,0,,,,1,0,1,0,,1,,,,,,,,,,,,,,0,,0,,,,,0,1,,,,,,0,,1,,0,,0,0,,,,,0,0,,0,0,0,0,,0
monster#36c034b5baf76f30,ef_obj_z041.mdl,,1,,,,0,-1,,,,,,,,-1,,,,,,,,,-1,,,,,,,,,,,,,,,,,,,,,,,,,,,-1,,,,,,,,,,,,,,,,,,,,,,,,,,,,,,,-1,,,,,,,,,1,0,,,,,0,0,0,0,0,0,1,0,,0,,0,0,0,,,,1,,,,,,0,,,,,,0,,,,,0,0,,0,,,,0,0,1,0,,,,,,,,,,,,,,,,,,0,,,,,0,0,,,,,,,0,1,,0,,0,0,,,,,0,0,,0,0,,0,,0
monster#3718dd32a7f60d63,equ8005.mdl,equ8005.mdl,1,,,,1,,,,,,-1,,,-1,,,,,,,-1,,,,,,,,,,,,,,,,,,,,,-1,,,,,,,,-1,,,-1,,,,,,,,,,,,,-1,,,,,,,-1,,,,,,,,-1,,,,,,,,,0,0,,,,1,0,0,0,0,0,0,1,0,,0,,0,0,0,1,,,0,0,,,,,0,,,,,,,,,,,1,0,,0,,,,0,0,1,0,,1,,,,,,,,,,,,,,1,,0,,,,,0,1,,,,,,0,,1,,0,,0,0,,,,,0,0,,0,0,0,0,,0
monster#373b04ed2083a02a,mon5014.mdl,mon5014.mdl,1,,,,1,,,,,,,,,-1,,,,,,,-1,,,,,,,-1,,,,,,,,,,,,,,-1,,,,,,,,-1,,,-1,,,,,,,,,,,,,-1,,,,,,,-1,,,,,,,,-1,,,,,,,,,0,0,,,,0,0,0,0,0,0,0,1,0,,0,,0,0,0,1,,,0,1,,,,,0,,,,,,,,,,,1,0,,0,,,,0,0,1,0,,1,,,,,,,,,,,,,,1,,0,,,,,0,1,,,,,,0,,1,,0,,0,0,,,,,0,0,,0,0,0,0,,0
monster#38cf7c4e9984be6c,,mon5200.mdl,1,,,,0,,,,,,-1,,,-1,,,,,,,-1,,,,,,,,,,,,,,,,,,,,,,,,,,,,,-1,,,,,,,,,,,,,,,,-1,,,,,,,-1,,,,,,,,-1,,,,,,,,,0,0,,,,1,0,0,0,0,0,0,1,0,,0,,0,0,0,1,,,0,0,,,,,0,,,,,,,,,,,0,0,,0,,,,0,0,1,0,,0,,,,,,,,,,,,,,1,,0,,,,,0,1,,,,,,0,,1,,0,,0,0,,,,,0,0,,0,0,0,0,,0
monster#38fea2e66dc44951,,ef_obj_o019.mdl,1,,,,1,,,,,,,,,-1,,,,-1,,,,,,,,,,,,,,,,,,,,,,,,,,,-1,,,,,-1,,,,,,,,,,,,,,,,,,,,,,,-1,,,,,,,,,,,,,,,,,0,0,,,,0,0,0,0,0,0,0,1,0,,0,,1,0,0,0,,,0,0,,,,,0,,,,,,,,,,,0,0,,1,,,,0,0,1,0,,0,,,,,,,,,,,,,,0,,0,,,,,0,1,,,,,,0,,0,,0,,0,0,,,,,0,0,,0,0,0,0,,0
monster#3909d7303b22a60c,mon5043.mdl,mon5043_c00.mdl,1,,,,0,,,,,,-1,,,-1,,,,-1,,,-1,,-1,,,,,,,,,,-1,,,,,,,,,,,,,,,,,-1,,,,,,,,,,,,,,,,,,,,,,,,,,,,-1,,,-1,,,,,,,,,0,0,,,,1,0,0,0,0,0,0,1,0,,0,,1,0,0,1,,,1,0,,,,,1,,,,,,,,,,,0,0,,0,,,,0,0,1,0,,0,,,,,,,,,,,,,,0,,0,,,,,0,0,,,,,,1,,1,,0,,0,0,,,,,0,0,,0,0,0,0,,0
monster#3928bc5e24013465,,mon5234.mdl,0,,,,0,,,,,,,,,-1,,,,,,,,,,,,,,,,,,,-1,,,,,,,,,,,,,,,,,-1,,,-1,,,,,,,,,,,,,,,,,,,,-1,,,,,,,,,,,,,-1,,,,0,0,,,,0,0,0,0,0,0,0,1,0,,0,,0,0,0,0,,,0,0,,,,,1,,,,,,,,,,,0,0,,0,,,,0,0,1,0,,1,,,,,,,,,,,,,,0,,0,,,,,0,1,,,,,,0,,0,,0,,0,1,,,,,0,0,,0,0,0,0,,0
monster#39ebd8d143761d2a,,mon5006_c01.mdl,1,,,,0,,,,,,-1,,,-1,,,,,,,-1,,-1,,,,,,,,,,-1,,,,,,,,,,,,-1,,,,,-1,,,-1,,,,,,,,,,,,,,,,,,,,-1,,,,,,,,-1,,,,,,,,,0,0,,,,1,0,0,0,0,0,0,1,0,,0,,0,0,0,1,,,1,0,,,,,1,,,,,,,,,,,0,0,,1,,,,0,0,1,0,,1,,,,,,,,,,,,,,0,,0,,,,,0,1,,,,,,0,,1,,0,,0,0,,,,,0,0,,0,0,0,0,,0
monster#3acfdd5147500007,,ef_obj_o012.mdl,1,,,,0,-1,,,,,,,,-1,-1,,,-1,-1,,,,,,,,,,,,,,,,,,,,,,,,,,,,,,,,,,,,,,,,,,,,,,,,,,,,,,,,,,,,,,,,,,,,,,,1,0,,,,0,0,0,0,0,0,0,1,1,,0,,1,1,0,0,,,0,0,,,,,0,,,,,,,,,,,0,0,,0,,,,0,0,0,0,,0,,,,,,,,,,,,,,0,,0,,,,,0,0,,,,,,0,,0,,0,,0,0,,,,,0,0,,0,0,0,0,,0
monster#3b02bdca5b7636a9,ef_obj_a218.mdl,,1,,,,0,-1,,,,,,,,-1,,,,-1,,,,,-1,-1,,,-1,,,,,,,,,,,,,,,,,,,,,-1,,,,,,,,,,,,,,,,,,,,,,,,,,,,,,,,,,,,,-1,-1,,,,1,0,,,,,0,1,0,0,1,0,1,0,,0,,1,0,0,,,,1,,,,,,0,,,,,,0,,,,,0,0,,0,,,,1,0,0,0,,,,,,,,,,,,,,,,,,0,,,,,0,0,,,,,,,0,0,,0,,1,1,,,,,0,0,,0,0,,0,,0
monster#3b6542870bfd16f6,mon5023.mdl,mon5037.mdl,1,,,,1,,,,,,-1,,,-1,,,,,,,-1,,,,,,,,,,,,,,,,,,,,,,,,,,,,,-1,,,-1,,,,,,,,,,,,,-1,,,,,,,-1,,,,,,,,-1,,,,,,,,,0,0,,,,1,0,0,0,0,0,0,1,0,,0,,0,0,0,1,,,0,0,,,,,0,,,,,,,,,,,0,0,,0,,,,0,0,1,0,,1,,,,,,,,,,,,,,1,,0,,,,,0,1,,,,,,0,,1,,0,,0,0,,,,,0,0,,0,0,0,0,,0
monster#3ba7bb80cd05fada,,ob_e22_001.mdl,0,,,,1,,,,,,,,,-1,,,,-1,,,,,,,,,,,,,,,,,,,,,,,,,,,-1,,,,,,,,-1,,,,,,,,,,,,,-1,,,,,,,-1,,,,,,,,-1,,,,,,,,,0,0,,,,0,0,0,0,0,0,0,1,0,,0,,1,0,0,0,,,0,0,,,,,0,,,,,,,,,,,0,0,,1,,,,0,0,0,0,,1,,,,,,,,,,,,,,1,,0,,,,,0,1,,,,,,0,,1,,0,,0,0,,,,,0,0,,0,0,0,0,,0
monster#3c6a3b42d30d4e8b,,ef_obj_o005.mdl,1,,,,1,,,,,,,,,-1,,,,,,,,,,-1,,,-1,,,,,,,,,,,,,,,-1,,,,,,,,-1,,,,,,,,,,,,,,,,,,,,,,,-1,,,,,,,,-1,,,,,,,,,0,0,,,,0,0,1,0,0,1,0,1,0,,0,,0,0,0,0,,,0,0,,,,,0,,,,,,,,,,,1,0,,0,,,,0,0,1,0,,0,,,,,,,,,,,,,,0,,0,,,,,0,1,,,,,,0,,1,,0,,0,0,,,,,0,0,,0,0,0,0,,0
monster#3cd2a0d71d6860fd,,mon5232.mdl,1,,,,0,,,,,,-1,,,-1,,,,,,,,,,,,,,,,,,,,,,,,,,,,,,,,,,,,,,,-1,,,,,,,,,,,,,,,,,,,,-1,,,,,,,,,,,,,,,,,0,0,,,,1,0,0,0,0,0,0,1,0,,0,,0,0,0,0,,,0,0,,,,,0,,,,,,,,,,,0,0,,0,,,,0,0,0,0,,1,,,,,,,,,,,,,,0,,0,,,,,0,1,,,,,,0,,0,,0,,0,0,,,,,0,0,,0,0,0,0,,0
monster#3d37608583dc0553,ef_obj_a015.mdl,,1,,,,1,,,,,,,,,-1,,,,,,,,,,,,,,,,,,,-1,,,,,,,,,-1,,,-1,,,,,-1,,,,,,,,,,,,,,,,,,,,,,,-1,,,,,,,,-1,,,,,,,,,0,0,,,,,0,0,0,0,0,0,1,0,,0,,0,0,0,,,,0,,,,,,1,,,,,,0,,,,,1,0,,1,,,,0,0,1,0,,,,,,,,,,,,,,,,,,0,,,,,0,1,,,,,,,0,1,,0,,0,0,,,,,0,0,,0,0,,0,,0
monster#3d559a926d1aa3a9,mon5103.mdl,mon5103.mdl,1,,,,1,,,,,,-1,,,-1,,,,,,,-1,,,,,,,,,,,,,,,,,,,,,-1,,,-1,,,,,-1,,,-1,,,,,,,,,,,,,-1,,,,,,,-1,,,,,,,,-1,,,,,,,,,0,0,,,,1,0,0,0,0,0,0,1,0,,0,,0,0,0,1,,,0,0,,,,,0,,,,,,,,,,,1,0,,1,,,,0,0,1,0,,1,,,,,,,,,,,,,,1,,0,,,,,0,1,,,,,,0,,1,,0,,0,0,,,,,0,0,,0,0,0,0,,0
monster#3da82aa09b296c86,,mon5217.mdl,1,,,,1,,,,,,,,,-1,,,,,,,-1,,,,,,,,,,,,,,,,,,,,,,,,,,,,,-1,,,-1,,,,,,,,,,,,,-1,,,,,,,-1,,,,,,,,-1,,,,,,,,,0,0,,,,0,0,0,0,0,0,0,1,0,,0,,0,0,0,1,,,0,0,,,,,0,,,,,,,,,,,0,0,,0,,,,0,0,1,0,,1,,,,,,,,,,,,,,1,,0,,,,,0,1,,,,,,0,,1,,0,,0,0,,,,,0,0,,0,0,0,0,,0
monster#3dc22e3100df1530,ef_obj_a311.mdl,ef_obj_a311.mdl,1,,,,0,,,,,,,,,-1,,,,,,,,,-1,,,,,,,,,,,,,,,,,,,-1,,,,,,,,-1,,,,,,,,,,,,,,,,,,,,,,,-1,,,,,,,,-1,,,,,,,,,0,0,,,,0,0,0,0,0,0,0,1,0,,0,,0,0,0,0,,,1,0,,,,,0,,,,,,,,,,,1,0,,0,,,,0,0,1,0,,0,,,,,,,,,,,,,,0,,0,,,,,0,1,,,,,,0,,1,,0,,0,0,,,,,0,0,,0,0,0,0,,0
monster#3e9b432201e92847,ef_obj_a353.mdl,ef_obj_a353.mdl,1,,,,1,,,,,,-1,,,-1,,,,,,,-1,,,,,,,,,,,,,,,,,,,,,-1,,,,,,,,-1,,,-1,,,,,,,,,,,,,,,,,,,,-1,,,,,,,,-1,,,,,,,,,0,0,,,,1,0,0,0,0,0,0,1,0,,0,,0,0,0,1,,,0,0,,,,,0,,,,,,,,,,,1,0,,0,,,,0,0,1,0,,1,,,,,,,,,,,,,,0,,0,,,,,0,1,,,,,,0,,1,,0,,0,0,,,,,0,0,,0,0,0,0,,0
monster#3ed1bd76567361dc,,ob_e22_002.mdl,0,,,,1,-1,,,,,,,,-1,,,,,,,,,-1,,,,,,,,,,,,,,,,,,,,,,,,,,,-1,,,,,,,,,,,,,,,,-1,,,,,,,-1,,,,,,,,,,,,,,,,,1,0,,,,0,0,0,0,0,0,0,1,0,,0,,0,0,0,0,,,1,0,,,,,0,,,,,,,,,,,0,0,,0,,,,0,0,1,0,,0,,,,,,,,,,,,,,1,,0,,,,,0,1,,,,,,0,,0,,0,,0,0,,,,,0,0,,0,0,0,0,,0
monster#3f4ea25e06389abb,,ef_obj_a386.mdl,1,,,,1,,,,,,,,,-1,,,,,,,,,,,,,,,,,,,,,,,,,,,,,,,-1,,,,,,,,-1,,,,,,,,,,,,,,,,,,,,,,,,,,,,-1,,,,,,,,,0,0,,,,0,0,0,0,0,0,0,1,0,,0,,0,0,0,0,,,0,0,,,,,0,,,,,,,,,,,0,0,,1,,,,0,0,0,0,,1,,,,,,,,,,,,,,0,,0,,,,,0,0,,,,,,0,,1,,0,,0,0,,,,,0,0,,0,0,0,0,,1
monster#40591fc60031f791,,rob0001.mdl,1,,,,1,,,,,,-1,-1,,-1,,,,,,,-1,,,,,,,,,,,,-1,,,,,,,,,-1,,,,,,,,-1,,,-1,,,,,,,,,,,,,-1,,,,,,,-1,,,,,,,,-1,,,,,,,,,0,0,,,,1,1,0,0,0,0,0,1,0,,0,,0,0,0,1,,,0,0,,,,,1,,,,,,,,,,,1,0,,0,,,,0,0,1,0,,1,,,,,,,,,,,,,,1,,0,,,,,0,1,,,,,,0,,1,,0,,0,0,,,,,0,0,,0,0,0,0,,0
monster#41558c4bbb5a524a,,miyanishi.mdl,1,,,,1,-1,,,,,,,,-1,-1,,-1,,-1,-1,,,,-1,-1,-1,-1,,,,,,,,,,,,,,,,,,,,,,,,,,-1,,,,,,,,,,,,,,,,,,,,-1,,,,,,,,-1,,,,,,,,,1,0,,,,0,0,1,1,1,1,0,1,1,,1,,0,1,1,0,,,0,0,,,,,0,,,,,,,,,,,0,0,,0,,,,0,0,0,0,,1,,,,,,,,,,,,,,0,,0,,,,,0,1,,,,,,0,,1,,0,,0,0,,,,,1,1,,0,0,0,0,,0
monster#4200720dc440415d,mon5043.mdl,mon5043.mdl,1,,,,0,,,,,,-1,,,-1,,,,,,,-1,,-1,,,,,-1,,,,,,,,,,,,,,-1,,,,,,,,-1,,,-1,,,,,,,,,,,,,,,,,,,,-1,,,,,,,,-1,,,,,,,,,0,0,,,,1,0,0,0,0,0,0,1,0,,0,,0,0,0,1,,,1,1,,,,,0,,,,,,,,,,,1,0,,0,,,,0,0,1,0,,1,,,,,,,,,,,,,,0,,0,,,,,0,1,,,,,,0,,1,,0,,0,0,,,,,0,0,,0,0,0,0,,0
monster#42426c6ecf8ab0a0,,rob0000.mdl,1,,,,1,,,,,,-1,,,-1,-1,,,,,,,,,,,,,-1,,,,,,,,,,,,,,-1,,,-1,,,,,-1,,,-1,,,,,,,,,,,,,,,,,,,,-1,,,,,,,,-1,,,,,,,,,0,0,,,,1,0,0,0,0,0,0,1,1,,0,,0,0,0,0,,,0,1,,,,,0,,,,,,,,,,,1,0,,1,,,,0,0,1,0,,1,,,,,,,,,,,,,,0,,0,,,,,0,1,,,,,,0,,1,,0,,0,0,,,,,0,0,,0,0,0,0,,0
monster#42790d3d023f7ff8,,ef_obj_a406.mdl,1,,,,1,-1,,,,,,,,-1,-1,,-1,-1,-1,-1,-1,,,-1,-1,-1,-1,,,,,,,,,,,,,,,,,,,,,,,,,,-1,,,,,,,,,,,,,,,,,,,,,,,,,,,,-1,,,,,,,,,1,0,,,,0,0,1,1,1,1,0,1,1,,1,,1,1,1,1,,,0,0,,,,,0,,,,,,,,,,,0,0,,0,,,,0,0,0,0,,1,,,,,,,,,,,,,,0,,0,,,,,0,0,,,,,,0,,1,,0,,0,0,,,,,1,1,,0,0,0,0,,0
monster#44397b71cebd83bd,mon5006.mdl,equ8111.mdl,1,,,,0,,,,,,-1,,,-1,,,,,,,-1,,,,,,,-1,,,,,-1,,,,,,,,,,,,,,,,,-1,,,-1,,,,,,,,,,,,,,,,,,,,-1,,,,,,,,-1,,,,,,,,,0,0,,,,1,0,0,0,0,0,0,1,0,,0,,0,0,0,1,,,0,1,,,,,1,,,,,,,,,,,0,0,,0,,,,0,0,1,0,,1,,,,,,,,,,,,,,0,,0,,,,,0,1,,,,,,0,,1,,0,,0,0,,,,,0,0,,0,0,0,0,,0
monster#4480a8845944fb2d,,mon5206.mdl,1,,,,1,,,,,,,,,,,,,,,,-1,,,,,,,,,,,,,,,,,,,,,,,,,,,,,,,,,,,,,,,,,,,,,,,,,,,-1,,,,,,,,,,,,,,,,,,0,0,,,,0,0,0,0,0,0,0,0,0,,0,,0,0,0,1,,,0,0,,,,,0,,,,,,,,,,,0,0,,0,,,,0,0,0,0,,0,,,,,,,,,,,,,,0,,0,,,,,1,0,,,,,,0,,0,,0,,0,0,,,,,0,0,,0,0,0,0,,0
monster#459f88fa3756b7d0,,mon5241.mdl,1,,,,1,,,,,,,,,,,,,,,,,,,,,,,,,,,,,,,,,,,,,,,,,,,,,,,,,,,,,,,,,,,,,,,,,,,-1,,,,,,,,,,,,,,-1,,,,0,0,,,,0,0,0,0,0,0,0,0,0,,0,,0,0,0,0,,,0,0,,,,,0,,,,,,,,,,,0,0,,0,,,,0,0,0,0,,0,,,,,,,,,,,,,,0,,0,,,,,1,0,,,,,,0,,0,,0,,0,1,,,,,0,0,,0,0,0,0,,0
monster#478b571a79413f44,ef_obj_a352.mdl,ef_obj_a352.mdl,1,,,,1,,,,,,,,,-1,,,,,,,,,-1,,,,,-1,,,,,,,,,,,,,,,,,,,,,,-1,,,-1,,,,,,,,,,,,,,,,,,,,-1,,,,,,,,-1,,,,,,,,,0,0,,,,0,0,0,0,0,0,0,1,0,,0,,0,0,0,0,,,1,1,,,,,0,,,,,,,,,,,0,0,,0,,,,0,0,1,0,,1,,,,,,,,,,,,,,0,,0,,,,,0,1,,,,,,0,,1,,0,,0,0,,,,,0,0,,0,0,0,0,,0
monster#47a50b041cba23df,mon5102.mdl,mon5102.mdl,1,,,,1,,,,,,-1,,,-1,-1,,,-1,-1,,-1,,,,,,,,,,,,,,,,,,,,,,,,,,,,,,,,-1,,,,,,,,,,,,,-1,,,,,,,-1,,,,,,,,-1,,,,,,,,,0,0,,,,1,0,0,0,0,0,0,1,1,,0,,1,1,0,1,,,0,0,,,,,0,,,,,,,,,,,0,0,,0,,,,0,0,0,0,,1,,,,,,,,,,,,,,1,,0,,,,,0,1,,,,,,0,,1,,0,,0,0,,,,,1,0,,0,0,0,0,,0
monster#47ba512a968eca62,mon5031_c00.mdl,mon5031_c00.mdl,1,,,,1,,,,,,,,,-1,,,,,,,-1,,,,,,,-1,,,,,,,,,,,,,,-1,,,,,,,,-1,,,-1,,,,,,,,,,,,,-1,,,,,,,-1,,,,,-1,,,-1,,,,,,,,,0,0,,,,0,0,0,0,0,0,0,1,0,,0,,0,0,0,1,,,0,1,,,,,0,,,,,,,,,,,1,0,,0,,,,0,0,1,0,,1,,,,,,,,,,,,,,1,,0,,,,,0,1,,,,,,1,,1,,0,,0,0,,,,,0,0,,0,0,0,0,,0
monster#48362a0cbea17839,,mon5213.mdl,1,,,,1,,,,,,-1,,,-1,,,,,,,,,,,,,,,,,,,-1,,,,,,,,,,,,,,,,,,,,-1,,,,,,,,,,,,,,,,,,,,-1,,,,,,,,,,,,,,,,,0,0,,,,1,0,0,0,0,0,0,1,0,,0,,0,0,0,0,,,0,0,,,,,1,,,,,,,,,,,0,0,,0,,,,0,0,0,0,,1,,,,,,,,,,,,,,0,,0,,,,,0,1,,,,,,0,,0,,0,,0,0,,,,,0,0,,0,0,0,0,,0
monster#49a8cdce8be25543,,mon5074_c00.mdl,1,,,,1,,,,,,-1,,,-1,,,,,,,,,,,,,,,,,,,,,,,,,,,,,,,,,,,,-1,,,-1,,,,,,,,,,,,,-1,,,,,,,-1,,,,,-1,,,-1,,,,,,,,,0,0,,,,1,0,0,0,0,0,0,1,0,,0,,0,0,0,0,,,0,0,,,,,0,,,,,,,,,,,0,0,,0,,,,0,0,1,0,,1,,,,,,,,,,,,,,1,,0,,,,,0,1,,,,,,1,,1,,0,,0,0,,,,,0,0,,0,0,0,0,,0
monster#4a0bf3488a98d44c,equ0531.mdl,equ0531.mdl,1,,,,1,,,,,,,,,-1,,,,-1,,,,,,,,,,,,,,,,,,,,,,,,,,,,,,,,,,,,,,,,,,,,,,,,,,,,,,,-1,,,,,,,,-1,,,,,,,,,0,0,,,,0,0,0,0,0,0,0,1,0,,0,,1,0,0,0,,,0,0,,,,,0,,,,,,,,,,,0,0,,0,,,,0,0,0,0,,0,,,,,,,,,,,,,,0,,0,,,,,0,1,,,,,,0,,1,,0,,0,0,,,,,0,0,,0,0,0,0,,0
monster#4a7f67252fc68a83,ef_obj_b014.mdl,,1,,,,0,-1,,,,,,,-1,-1,,,,-1,,,,,-1,-1,,,-1,,,,,,,,,,,,,,,,,,,,,-1,-1,,,,,,,,,,,,,,,,,,,,,,,,,,,,,,,-1,,,,,-1,-1,,,,1,0,,,,,0,1,0,0,1,1,1,0,,0,,1,0,0,,,,1,,,,,,0,,,,,,0,,,,,0,0,,0,,,,1,1,0,0,,,,,,,,,,,,,,,,,,0,,,,,0,0,,,,,,,1,0,,0,,1,1,,,,,0,0,,0,0,,0,,1
monster#4b34c0a5bdf58636,,mon5224.mdl,1,,,,1,,,,,,-1,,,-1,,,,,,,-1,,,,,,,,,,,,-1,,,,,,,,,-1,,,,,,,,-1,,,,,,,,,,,,,,,,,,,,,,,-1,,,,,,,,,,,,,,,,,0,0,,,,1,0,0,0,0,0,0,1,0,,0,,0,0,0,1,,,0,0,,,,,1,,,,,,,,,,,1,0,,0,,,,0,0,1,0,,0,,,,,,,,,,,,,,0,,0,,,,,0,1,,,,,,0,,0,,0,,0,0,,,,,0,0,,0,0,0,0,,0
monster#4b7082bdae11bb57,ef_obj_a156.mdl,ef_obj_a157.mdl,1,,,,0,,,,,,,,,-1,,,,,,,,,,,,,,,,,,,,,,,,,,,,,,,,,,,-1,,,,,,,,,,,,,,,,,,,,,,,,,,,,,,,-1,,,,,,,,,,0,0,,,,,0,0,0,0,0,0,1,0,,0,,0,0,0,,,,0,,,,,,0,,,,,,0,,,,,0,0,,0,,,,0,1,0,0,,,,,,,,,,,,,,,,,,0,,,,,0,0,,,,,,,1,0,,0,,0,0,,,,,0,0,,0,0,,0,,1
monster#4b853fb3702e44b2,ef_obj_b012.mdl,,1,,,,0,-1,,,,,,,,-1,-1,,,,,,,,-1,,,,,,,,,,,,,,,,,,,,,,,,,,,,,,,,,,,,,,,,,,,,,-1,,,,,,,,,,,,-1,,,,,,-1,,,,1,0,,,,,0,0,0,0,0,0,1,1,,0,,0,0,0,,,,1,,,,,,0,,,,,,0,,,,,0,0,,0,,,,0,0,0,0,,,,,,,,,,,,,,,,,,1,,,,,0,0,,,,,,,1,0,,0,,0,1,,,,,3,0,,0,0,,0,,0
monster#4ba2da3a15d0003e,mon5000_c00.mdl,ef_obj_a402.mdl,1,,,,1,,,,,,-1,,,-1,,,,,,,-1,,-1,,,,,-1,,,,,,,,,,,,,,-1,,,,,,,,-1,,,-1,,,,,,,,,,,,,,,,,,,,-1,,,,,,,,-1,,,,,,,,,0,0,,,,1,0,0,0,0,0,0,1,0,,0,,0,0,0,1,,,1,1,,,,,0,,,,,,,,,,,1,0,,0,,,,0,0,1,0,,1,,,,,,,,,,,,,,0,,0,,,,,0,1,,,,,,0,,1,,0,,0,0,,,,,0,0,,0,0,0,0,,0
monster#4c8f239cb2a69d5a,,ef_obj_a363.mdl,1,,,,0,,,,,,,,,-1,,,,,,,,,,,,,,,,,,,,,,,,,,,,,,,,,,,,-1,,,,,,,,,,,,,,,,,,,,,,,,,,,,,,,-1,,,,,,,,,0,0,,,,0,0,0,0,0,0,0,1,0,,0,,0,0,0,0,,,0,0,,,,,0,,,,,,,,,,,0,0,,0,,,,0,0,1,0,,0,,,,,,,,,,,,,,0,,0,,,,,0,0,,,,,,0,,1,,0,,0,0,,,,,0,0,,0,0,0,0,,0
monster#4d81740253043eca,,mon5261.mdl,1,,,,1,,,,,,-1,,,-1,,,,,,,,,,,,,,,,,,,,,,,,,,,,-1,,,,,,-1,,-1,,,-1,,,,,,,,,,,,,-1,,,,,,,-1,,,,,,,,-1,,,,,-1,,,,0,0,,,,1,0,0,0,0,0,0,1,0,,0,,0,0,0,0,,,0,0,,,,,0,,,,,,,,,,,1,0,,0,,,,1,0,1,0,,1,,,,,,,,,,,,,,1,,0,,,,,0,1,,,,,,0,,1,,0,,0,1,,,,,0,0,,0,0,0,0,,0
monster#4f49d72d58de2dfe,ef_obj_d005.mdl,,0,,,,0,,,,,,,,,-1,,,,-1,,,,,,,,,,,,,,,,,,,,,,,,,,,,,,,-1,,,,,,,,,,,,,,,,,,,,,,,,,,,,,,,,,,,,,-1,,,,0,0,,,,,0,0,0,0,0,0,1,0,,0,,1,0,0,,,,0,,,,,,0,,,,,,0,,,,,0,0,,0,,,,0,1,0,0,,,,,,,,,,,,,,,,,,0,,,,,0,0,,,,,,,0,0,,0,,0,1,,,,,0,0,,0,0,,0,,0
monster#4f7dac7276b18f49,,equ0014.mdl,1,,,,1,,,,,,,,,-1,,,,,,,,,,,,,,,,,,,,,,,,,,,,-1,,,,,,,,-1,,,-1,,,,,,,,,,,,,,,,,,,,-1,,,,,,,,-1,,,,,,,,,0,0,,,,0,0,0,0,0,0,0,1,0,,0,,0,0,0,0,,,0,0,,,,,0,,,,,,,,,,,1,0,,0,,,,0,0,1,0,,1,,,,,,,,,,,,,,0,,0,,,,,0,1,,,,,,0,,1,,0,,0,0,,,,,0,0,,0,0,0,0,,0
monster#506323464805147f,mon5016.mdl,mon5016.mdl,1,,,,0,,,,,,-1,,,-1,,,-1,,,-1,-1,,,,,-1,,,,,,,,,,,,,,,,,,,,,,,,,-1,,-1,,,,,,,,,,,,,,,,,,,,-1,,,,,,,,-1,,,,,,,,,0,0,,,,1,0,0,0,1,0,0,1,0,,1,,0,0,1,1,,,0,0,,,,,0,,,,,,,,,,,0,0,,0,,,,0,0,0,1,,1,,,,,,,,,,,,,,0,,0,,,,,0,1,,,,,,0,,1,,0,,0,0,,,,,0,2,,0,0,0,0,,0
monster#50e1a358ce598f83,,mon5246.mdl,1,,,,1,,,,,,-1,,,-1,,,,,,,-1,,,,,,,,,,,,,,,,,,,,,-1,,,,,,,,-1,,,-1,,,,,,,,,,,,,,,,,,,,-1,,,,,-1,,,-1,,,,,,,,,0,0,,,,1,0,0,0,0,0,0,1,0,,0,,0,0,0,1,,,0,0,,,,,0,,,,,,,,,,,1,0,,0,,,,0,0,1,0,,1,,,,,,,,,,,,,,0,,0,,,,,0,1,,,,,,1,,1,,0,,0,0,,,,,2,0,,0,0,0,0,,0
monster#529df1bc1bcda9be,ef_obj_y006.mdl,,1,,,,1,-1,,,,,,,,-1,,,,-1,,,,,-1,,,,,,,,,,-1,,,,,,,,,,,,,,,,,-1,,,,,,,,,,,,,,,,,,,,,,,-1,,,,,,,,-1,,,,,,,,,1,0,,,,,0,0,0,0,0,0,1,0,,0,,1,0,0,,,,1,,,,,,1,,,,,,0,,,,,0,0,,0,,,,0,0,1,0,,,,,,,,,,,,,,,,,,0,,,,,0,1,,,,,,,0,1,,0,,0,0,,,,,0,0,,0,0,,0,,0
monster#53604e60b73b5bba,ef_obj_a349.mdl,ef_obj_a349.mdl,1,,,,1,,,,,,,,,-1,,,,,,,-1,,,,,,,-1,,,,,-1,,,,,,,,,-1,,,-1,,,,,-1,,,-1,,,,,,,,,,,,,,,,,,,,-1,,,,,,,,-1,,,,,,,,,0,0,,,,0,0,0,0,0,0,0,1,0,,0,,0,0,0,1,,,0,1,,,,,1,,,,,,,,,,,1,0,,1,,,,0,0,1,0,,1,,,,,,,,,,,,,,0,,0,,,,,0,1,,,,,,0,,1,,0,,0,0,,,,,0,0,,0,0,0,0,,0
monster#5360d85d9b625ae1,etc0055.mdl,etc0055.mdl,1,,,,1,,,,,,,,,,,,,,,,,,,,,,,,,,,,,,,,,,,,,,,,,,,,,,,,,,,,,,,,,,,,,,,,,,,-1,,,,,,,,,,,,,,,,,,0,0,,,,0,0,0,0,0,0,0,0,0,,0,,0,0,0,0,,,0,0,,,,,0,,,,,,,,,,,0,0,,0,,,,0,0,0,0,,0,,,,,,,,,,,,,,0,,0,,,,,1,0,,,,,,0,,0,,0,,0,0,,,,,0,0,,0,0,0,0,,0
monster#536f74748e7b3267,,mon5265.mdl,0,,,,1,,,,,,-1,,,-1,,,,,,,,,,,,,,,,,,,,,,,,,,,,-1,,,-1,,,,,-1,,,-1,,,,,,,,,,,,,,,,,,,,-1,,,,,,,,-1,,,,,-1,,,,0,0,,,,1,0,0,0,0,0,0,1,0,,0,,0,0,0,0,,,0,0,,,,,0,,,,,,,,,,,1,0,,1,,,,0,0,1,0,,1,,,,,,,,,,,,,,0,,0,,,,,0,1,,,,,,0,,1,,0,,0,1,,,,,0,0,,0,0,0,0,,0
monster#5371b9985d6008cf,ef_obj_z046.mdl,,1,,,,0,,,,,,,,,-1,-1,,,,,,,,-1,,,,,,,,,,,,,,,,,,,,,,,,,,-1,,,,,,,,,,,,,,,,,,,,,,,,,,,,,,,,,,,,,-1,,,,0,0,,,,,0,0,0,0,0,0,1,1,,0,,0,0,0,,,,1,,,,,,0,,,,,,0,,,,,0,0,,0,,,,0,1,0,0,,,,,,,,,,,,,,,,,,0,,,,,0,0,,,,,,,0,0,,0,,0,1,,,,,3,0,,0,0,,0,,0
monster#53b99aca505c886c,ef_obj_a095.mdl,ef_obj_a346.mdl,1,,,,0,,,,,,,,,,,,,,,,,,,,,,,,,,,,,,,,,,,,,,,,,,,,,,,,,,,,,,,,,,,,,,,,,,,-1,,,,,,,,,,,,,,,,,,0,0,,,,,0,0,0,0,0,0,0,0,,0,,0,0,0,,,,0,,,,,,0,,,,,,0,,,,,0,0,,0,,,,0,0,0,0,,,,,,,,,,,,,,,,,,0,,,,,1,0,,,,,,,0,0,,0,,0,0,,,,,0,0,,0,0,,0,,0
monster#54e28841809a5aae,,ef_obj_a406.mdl,1,,,,1,-1,,,,,,,,-1,-1,,-1,-1,,,-1,,-1,-1,-1,,-1,,,,,,,,,,,,,,,,,,,,,,,,,,,,,,,,,,,,,,,,,,,,,,,,,,,,,,-1,,,,,,,,,1,0,,,,0,0,1,1,0,1,0,1,1,,1,,1,0,0,1,,,1,0,,,,,0,,,,,,,,,,,0,0,,0,,,,0,0,0,0,,0,,,,,,,,,,,,,,0,,0,,,,,0,0,,,,,,0,,1,,0,,0,0,,,,,4,4,,0,0,0,0,,0
monster#55239e561ad8da8b,ef_obj_a216.mdl,,1,,,,0,-1,,,,,,,,-1,,,,-1,,,,,-1,-1,,,-1,,,,,,,,,,,,,,,,,,,,,-1,-1,,,,,,,,,,,,,,,,,,,,,,,,,,,,,,,-1,,,,,-1,-1,,,,1,0,,,,,0,1,0,0,1,0,1,0,,0,,1,0,0,,,,1,,,,,,0,,,,,,0,,,,,0,0,,0,,,,1,1,0,0,,,,,,,,,,,,,,,,,,0,,,,,0,0,,,,,,,1,0,,0,,1,1,,,,,0,0,,0,0,,0,,1
monster#5597d594fd578d8c,ef_obj_w030.mdl,ef_obj_o023.mdl,1,,,,1,,,,,,-1,,,-1,,,,,,,,,-1,,,,,-1,,,,,-1,,,,,,,,,-1,,,,,,,,-1,,,-1,,,,,,,,,,,,,,,,,,,,-1,,,,,,,,-1,,,,,,,,,0,0,,,,1,0,0,0,0,0,0,1,0,,0,,0,0,0,0,,,1,1,,,,,1,,,,,,,,,,,1,0,,0,,,,0,0,1,0,,1,,,,,,,,,,,,,,0,,0,,,,,0,1,,,,,,0,,1,,0,,0,0,,,,,0,0,,0,0,0,0,,0
monster#55cbd9372dd032db,,ef_obj_m021.mdl,1,,,,0,,,,,,,,,-1,,,,-1,,,,,-1,,,,,-1,,,,,,,,,,,,,,-1,,,,,,,,-1,,,-1,,,,,,,,,,,,,,,,,,,,-1,,,,,,,,-1,,,,,,,,,0,0,,,,0,0,0,0,0,0,0,1,0,,0,,1,0,0,0,,,1,1,,,,,0,,,,,,,,,,,1,0,,0,,,,0,0,1,0,,1,,,,,,,,,,,,,,0,,0,,,,,0,1,,,,,,0,,1,,0,,0,0,,,,,0,0,,0,0,0,0,,0
monster#55fee364cfe457b5,,mon5254_c10.mdl,1,,,,1,,,,,,,,,-1,,,,,,,-1,,,,,,,,,,,,-1,,,,,,,,,,,,,,,,,,,,,,,,,,,,,,,,,,,,,,,,-1,,,,,,,,-1,,,,,,,,,0,0,,,,0,0,0,0,0,0,0,1,0,,0,,0,0,0,1,,,0,0,,,,,1,,,,,,,,,,,0,0,,0,,,,0,0,0,0,,0,,,,,,,,,,,,,,0,,0,,,,,0,1,,,,,,0,,1,,0,,0,0,,,,,0,0,,0,0,0,0,,0
monster#5675e50eae1359b8,ef_obj_z027.mdl,,1,,,,1,,,,,,,,,-1,,,,,,,,,,,,,,,,,,,-1,,,,,,,,,-1,,,-1,,,,,-1,,,,,,,,,,,,,,,,,,,,,,,,,,,,,,,-1,,,,,,,,,0,0,,,,,0,0,0,0,0,0,1,0,,0,,0,0,0,,,,0,,,,,,1,,,,,,0,,,,,1,0,,1,,,,0,0,1,0,,,,,,,,,,,,,,,,,,0,,,,,0,0,,,,,,,0,1,,0,,0,0,,,,,0,0,,0,0,,0,,0
monster#56d7d34def1126ec,mon5073.mdl,mon5073.mdl,1,,,,1,,,,,,,-1,,-1,,,,,,,,,,,,,,,,,,,,,,,,,,,,,,,,,,,,,,,-1,,,,,,,,,,,,,,,,,,,,-1,,,,,,,,-1,,,,,,,,,0,0,,,,0,1,0,0,0,0,0,1,0,,0,,0,0,0,0,,,0,0,,,,,0,,,,,,,,,,,0,0,,0,,,,0,0,0,0,,1,,,,,,,,,,,,,,0,,0,,,,,0,1,,,,,,0,,1,,0,,0,0,,,,,0,0,,0,0,0,0,,0
monster#56e3f0382eadc344,ef_obj_a193.mdl,,1,,,,0,,,,,,,,,-1,,,,-1,,,,,-1,,,,,,,,,,-1,,,,,,,,,,,,,,,,,,,,,,,,,,,,,,,,,,,,,,,,,,,,,,,-1,,,,,,,,,,0,0,,,,,0,0,0,0,0,0,1,0,,0,,1,0,0,,,,1,,,,,,1,,,,,,0,,,,,0,0,,0,,,,0,0,0,0,,,,,,,,,,,,,,,,,,0,,,,,0,0,,,,,,,1,0,,0,,0,0,,,,,0,0,,0,0,,0,,1
monster#56ffc6e6d6d7be8f,mon5016_c00.mdl,mon5016_c00.mdl,1,,,,0,,,,,,-1,,,-1,,,-1,,,,-1,,,,,-1,,,,,,,,,,,,,,,,,,,,,,,,,-1,,-1,,,,,,,,,,,,,,,,,,,,-1,,,,,,,,-1,,,,,,,,,0,0,,,,1,0,0,0,1,0,0,1,0,,1,,0,0,0,1,,,0,0,,,,,0,,,,,,,,,,,0,0,,0,,,,0,0,0,1,,1,,,,,,,,,,,,,,0,,0,,,,,0,1,,,,,,0,,1,,0,,0,0,,,,,0,2,,0,0,0,0,,0
monster#5730b6e0d4daa54f,ef_obj_a197.mdl,,1,,,,1,,,,,,,,,-1,,,,,,,,,,,,,,,,,,,-1,,,,,,,,,,,,-1,,,,,-1,,,,,,,,,,,,,,,,,,,,,,,,,,,,,,-1,,,,,,,,,,0,0,,,,,0,0,0,0,0,0,1,0,,0,,0,0,0,,,,0,,,,,,1,,,,,,0,,,,,0,0,,1,,,,0,0,1,0,,,,,,,,,,,,,,,,,,0,,,,,0,0,,,,,,,1,0,,0,,0,0,,,,,0,0,,0,0,,0,,0
monster#580efbbab8c18a9e,,mon5221.mdl,0,,,,1,,,,,,-1,,,-1,-1,,,,,,,,,,,,,-1,,,,,,,,,,,,,,-1,,,,,,,,-1,,,-1,,,,,,,,,,,,,,,,,,,,-1,,,,,,,,-1,,,,,,,,,0,0,,,,1,0,0,0,0,0,0,1,1,,0,,0,0,0,0,,,0,1,,,,,0,,,,,,,,,,,1,0,,0,,,,0,0,1,0,,1,,,,,,,,,,,,,,0,,0,,,,,0,1,,,,,,0,,1,,0,,0,0,,,,,0,0,,0,0,0,0,,0
monster#58b75f90fce2404a,,miyanishi.mdl,1,,,,1,-1,,,,,,,,-1,-1,,-1,-1,,,,,-1,-1,-1,,-1,,,,,,,,,,,,,,,,,,,,,,,,,,,,,,,,,,,,,,,,,,,,,,-1,,,,,,,,-1,,,,,,,,,1,0,,,,0,0,1,1,0,1,0,1,1,,1,,1,0,0,0,,,1,0,,,,,0,,,,,,,,,,,0,0,,0,,,,0,0,0,0,,0,,,,,,,,,,,,,,0,,0,,,,,0,1,,,,,,0,,1,,0,,0,0,,,,,4,4,,0,0,0,0,,0
monster#58e95d83fef90df9,,mon5213.mdl,1,,,,0,,,,,,-1,,,-1,,,,,,,-1,,-1,,,,,,,,,,,,,,,,,,,,,,,,,,,-1,,,-1,,,,,,,,,,,,,,,,,,,,-1,,,,,,,,-1,,,,,,,,,0,0,,,,1,0,0,0,0,0,0,1,0,,0,,0,0,0,1,,,1,0,,,,,0,,,,,,,,,,,0,0,,0,,,,0,0,1,0,,1,,,,,,,,,,,,,,0,,0,,,,,0,1,,,,,,0,,1,,0,,0,0,,,,,0,0,,0,0,0,0,,0
monster#59b84f5a9ba496a4,mon5013.mdl,mon5013.mdl,1,,,,1,,,,,,-1,,,-1,,,,,,,-1,,,,,,,,,,,,-1,,,,,,,,,-1,,,,,,,,-1,,,-1,,,,,,,,,,,,,,,,,,,,-1,,,,,,,,-1,,,,,,,,,0,0,,,,1,0,0,0,0,0,0,1,0,,0,,0,0,0,1,,,0,0,,,,,1,,,,,,,,,,,1,0,,0,,,,0,0,1,0,,1,,,,,,,,,,,,,,0,,0,,,,,0,1,,,,,,0,,1,,0,,0,0,,,,,0,0,,0,0,0,0,,0
monster#5aac8114744ad49e,,ef_obj_o004.mdl,1,,,,1,,,,,,-1,,,-1,-1,,,-1,,,,,,-1,-1,,-1,,,,,,,,,,,,,,,,,,,,,,,-1,,,,,,,,,,,,,,,,,,,,,,,-1,,,,,,,,-1,,,,,,,,,0,0,,,,1,0,1,1,0,1,0,1,1,,0,,1,0,0,0,,,0,0,,,,,0,,,,,,,,,,,0,0,,0,,,,0,0,1,0,,0,,,,,,,,,,,,,,0,,0,,,,,0,1,,,,,,0,,1,,0,,0,0,,,,,2,0,,0,0,0,0,,0
monster#5b0b0619ae54df15,ef_shp_y002.mdl,ef_shp_y002.mdl,1,,,,1,,,,,,,,,,,,,,,,,,,,,,,,,,,,,,,,,,,,,,,,,,,,,,,,,,,,,,,,,,,,,,,,,,,,-1,,,,,,,,,,,,,,,,,0,0,,,,,0,0,0,0,0,0,0,0,,0,,0,0,0,,,,0,,,,,,0,,,,,,0,,,,,0,0,,0,,,,0,0,0,0,,,,,,,,,,,,,,,,,,0,,,,,0,1,,,,,,,0,0,,0,,0,0,,,,,0,0,,0,0,,0,,0
monster#5b7f1f15800c300b,mon5024.mdl,mon5070.mdl,1,,,,1,,,,,,,,,-1,,,,,,,-1,,,,,,,,,,,,,,,,,,,,,-1,,,,,,,,-1,,,-1,,,,,,,,,,,,,-1,,,,,,,-1,,,,,,,,-1,,,,,,,,,0,0,,,,0,0,0,0,0,0,0,1,0,,0,,0,0,0,1,,,0,0,,,,,0,,,,,,,,,,,1,0,,0,,,,0,0,1,0,,1,,,,,,,,,,,,,,1,,0,,,,,0,1,,,,,,0,,1,,0,,0,0,,,,,0,0,,0,0,0,0,,0
monster#5c44f37b91d9e03d,,ef_obj_a341.mdl,1,,,,1,,,,,,-1,,,-1,,,,-1,,,,,,,,,,,,,,,-1,,,,,,,,,,,,,,,,,,,,-1,,,,,,,,,,,,,,,,,,,,-1,,,,,,,,-1,,,,,,,,,0,0,,,,1,0,0,0,0,0,0,1,0,,0,,1,0,0,0,,,0,0,,,,,1,,,,,,,,,,,0,0,,0,,,,0,0,0,0,,1,,,,,,,,,,,,,,0,,0,,,,,0,1,,,,,,0,,1,,0,,0,0,,,,,0,0,,0,0,0,0,,0
monster#5c78611bfe989b6c,,mon5217.mdl,1,,,,1,,,,,,-1,,,-1,-1,,,,,,,,,,,,,,,,,,,,,,,,,,,,,,,,,,,-1,,,-1,,,,,,,,,,,,,-1,,,,,,,-1,,,,,,,,-1,,,,,,,,,0,0,,,,1,0,0,0,0,0,0,1,1,,0,,0,0,0,0,,,0,0,,,,,0,,,,,,,,,,,0,0,,0,,,,0,0,1,0,,1,,,,,,,,,,,,,,1,,0,,,,,0,1,,,,,,0,,1,,0,,0,0,,,,,1,0,,0,0,0,0,,0
monster#5ce7ff066f116e45,monm000_mat.mdl,monm000_mat.mdl,1,,,,0,-1,,,,,,,,-1,-1,,,,,,,,,,,,,,,,,,,,,,,,,,,,,,,,,,,,,,,,,,,,,,,,,,,,,,,,,,,,,,,,,,,,,,,,,,,1,0,,,,0,0,0,0,0,0,0,1,1,,0,,0,0,0,0,,,0,0,,,,,0,,,,,,,,,,,0,0,,0,,,,0,0,0,0,,0,,,,,,,,,,,,,,0,,0,,,,,0,0,,,,,,0,,0,,0,,0,0,,,,,4,0,,0,0,0,0,,0
monster#5cfd2cce49246c16,,mon5261.mdl,1,,,,0,,,,,,,,,-1,,,,,,,,,,,,,,,,,,,,,,,,,,,,,,,,,,-1,,,,,,,,,,,,,,,,,,,,,,,,,,,,,,,,,,,,,,,,,,0,0,,,,0,0,0,0,0,0,0,1,0,,0,,0,0,0,0,,,0,0,,,,,0,,,,,,,,,,,0,0,,0,,,,1,0,0,0,,0,,,,,,,,,,,,,,0,,0,,,,,0,0,,,,,,0,,0,,0,,0,0,,,,,0,0,,0,0,0,0,,0
monster#5d0186da61583e8b,,mon5246_c01.mdl,1,,,,1,,,,,,-1,,,-1,,,,,-1,,-1,,,,,,,,,,,,,,,,,,,,,-1,,,,,,,,-1,,,-1,,,,,,,,,,,,,,,,,,,,-1,,,,,,,,-1,,,,,,,,,0,0,,,,1,0,0,0,0,0,0,1,0,,0,,0,1,0,1,,,0,0,,,,,0,,,,,,,,,,,1,0,,0,,,,0,0,1,0,,1,,,,,,,,,,,,,,0,,0,,,,,0,1,,,,,,0,,1,,0,,0,0,,,,,1,0,,0,0,0,0,,0
monster#5e09a8dd46c237ab,,ef_shp_o032.mdl,1,,,,0,,,,,,,,,-1,-1,,,,,,,,,,,,,,,,,,,,,,,,,,,,,,,,,,-1,,,,,,,,,,,,,,,,,,,,,,,,,,,,,,,,,,,,,,,,,0,0,,,,0,0,0,0,0,0,0,1,1,,0,,0,0,0,0,,,0,0,,,,,0,,,,,,,,,,,0,0,,0,,,,0,1,0,0,,0,,,,,,,,,,,,,,0,,0,,,,,0,0,,,,,,0,,0,,0,,0,0,,,,,4,0,,0,0,0,0,,0
monster#5f4ea5ed9e80f0aa,,ef_obj_a406.mdl,1,,,,1,-1,,,,,,,,-1,-1,,-1,,,,-1,,-1,-1,-1,-1,-1,,,,,,,,,,,,,,,,,,,,,,,,,,,,,,,,,,,,,,,,,,,,,,,,,,,,,,-1,,,,,,,,,1,0,,,,0,0,1,1,1,1,0,1,1,,1,,0,0,0,1,,,1,0,,,,,0,,,,,,,,,,,0,0,,0,,,,0,0,0,0,,0,,,,,,,,,,,,,,0,,0,,,,,0,0,,,,,,0,,1,,0,,0,0,,,,,4,4,,0,0,0,0,,0
monster#5fd8a6446bd6e3e3,ef_obj_m011.mdl,,1,,,,0,,,,,,,,,-1,,,,,,,,,,-1,,,-1,,,,,,,,,,,,,,,,,,,,,,,,,,,,,,,,,,,,,,,,,-1,,,,,,,,,,,,-1,,,,,-1,,,,,0,0,,,,,0,1,0,0,1,0,1,0,,0,,0,0,0,,,,0,,,,,,0,,,,,,0,,,,,0,0,,0,,,,0,0,0,0,,,,,,,,,,,,,,,,,,1,,,,,0,0,,,,,,,1,0,,0,,1,0,,,,,0,0,,0,0,,0,,0
monster#5fe26dd4ac0b85ba,,mon5253.mdl,1,,,,1,,,,,,-1,,,-1,,,,,,,,,,,,,,,,,,,,,,,,,,,,-1,,,,,,-1,,-1,,,-1,,,,,,,,,,,,,,,,,,,,-1,,,,,,,,-1,,,,,-1,,,,0,0,,,,1,0,0,0,0,0,0,1,0,,0,,0,0,0,0,,,0,0,,,,,0,,,,,,,,,,,1,0,,0,,,,1,0,1,0,,1,,,,,,,,,,,,,,0,,0,,,,,0,1,,,,,,0,,1,,0,,0,1,,,,,0,0,,0,0,0,0,,0
monster#60f32de9550e4ca6,mon5045.mdl,mon5045.mdl,1,,,,0,,,,,,,,,-1,,,,,,,-1,,,,,,,-1,,,,,,,,,,,,,,-1,,,,,,,,-1,,,-1,,,,,,,,,,,,,-1,,,,,,,-1,,,,,,,,-1,,,,,,,,,0,0,,,,0,0,0,0,0,0,0,1,0,,0,,0,0,0,1,,,0,1,,,,,0,,,,,,,,,,,1,0,,0,,,,0,0,1,0,,1,,,,,,,,,,,,,,1,,0,,,,,0,1,,,,,,0,,1,,0,,0,0,,,,,0,0,,0,0,0,0,,0
monster#6133756ae3fac0a1,ef_shp_a160.mdl,ef_shp_a160.mdl,1,,,,0,,,,,,,,,,,,,,,,,,-1,,,,,,,,,,,,,,,,,,,,,,,,,,,,,,,,,,,,,,,,,,,,,,,,,,,,,,,,,,,,,,,,,,,0,0,,,,,0,0,0,0,0,0,0,0,,0,,0,0,0,,,,1,,,,,,0,,,,,,0,,,,,0,0,,0,,,,0,0,0,0,,,,,,,,,,,,,,,,,,0,,,,,0,0,,,,,,,0,0,,0,,0,0,,,,,0,0,,0,0,,0,,0
monster#616d816a342578ef,,ob_e22_000.mdl,1,,,,1,,,,,,,,,-1,,,,,,,,,,,,,,,,,,,,,,,,,,,,,,,,,,,,,,,,,,,,,,,,,,,,,,,,,,,-1,,,,,,,,,,,,,,,,,0,0,,,,0,0,0,0,0,0,0,1,0,,0,,0,0,0,0,,,0,0,,,,,0,,,,,,,,,,,0,0,,0,,,,0,0,0,0,,0,,,,,,,,,,,,,,0,,0,,,,,0,1,,,,,,0,,0,,0,,0,0,,,,,0,0,,0,0,0,0,,0
monster#61b99b4af4b53e5a,,mon5256.mdl,1,,,,0,,,,,,-1,,,-1,,,,,,,-1,,,,,,,,,,,,,,,,,,,,,,,,,,,,,-1,,,,,,,,,,,,,,,,,,,,,,,-1,,,,,,,,-1,,,,,,,,,0,0,,,,1,0,0,0,0,0,0,1,0,,0,,0,0,0,1,,,0,0,,,,,0,,,,,,,,,,,0,0,,0,,,,0,0,1,0,,0,,,,,,,,,,,,,,0,,0,,,,,0,1,,,,,,0,,1,,0,,0,0,,,,,0,0,,0,0,0,0,,0
monster#61e016d8dd650db4,ef_obj_a050.mdl,,1,,,,1,,,,,,,-1,,-1,,,,,,,,,,,,,,,,,,,,,,,,,,,,,,,-1,,,,,-1,,,,,,,,,,,,,,,,,,,,,,,,,,,,,,,-1,,,,,,,,,0,0,,,,,1,0,0,0,0,0,1,0,,0,,0,0,0,,,,0,,,,,,0,,,,,,0,,,,,0,0,,1,,,,0,0,1,0,,,,,,,,,,,,,,,,,,0,,,,,0,0,,,,,,,0,1,,0,,0,0,,,,,0,0,,0,0,,0,,0
monster#6263148a75e55228,,mon5078_c02.mdl,1,,,,1,,,,,,-1,,,-1,,,,-1,,,,,,,,,,-1,,,,,,,,,,,,,,,,,,,,,,-1,,,-1,,,,,,,,,,,,,,,,,,,,-1,,,,,-1,,,-1,,,,,,,,,0,0,,,,1,0,0,0,0,0,0,1,0,,0,,1,0,0,0,,,0,1,,,,,0,,,,,,,,,,,0,0,,0,,,,0,0,1,0,,1,,,,,,,,,,,,,,0,,0,,,,,0,1,,,,,,1,,1,,0,,0,0,,,,,0,0,,0,0,0,0,,0
monster#63cf61ccb167bf59,,ob_e22_001.mdl,0,,,,1,,,,,,,,,-1,,,,,,,,,,,,,,,,,,,,,,,,,,,,,,,-1,,,,,-1,,,-1,,,,,,,,,,,,,-1,,,,,,,-1,,,,,,,,-1,,,,,,,,,0,0,,,,0,0,0,0,0,0,0,1,0,,0,,0,0,0,0,,,0,0,,,,,0,,,,,,,,,,,0,0,,1,,,,0,0,1,0,,1,,,,,,,,,,,,,,1,,0,,,,,0,1,,,,,,0,,1,,0,,0,0,,,,,0,0,,0,0,0,0,,0
monster#63e4a26f77e3449b,,ef_obj_a409.mdl,1,,,,1,,,,,,,,,-1,,,,,,,-1,,,,,,,,,,,,,,,,,,,,,,,,,,,,,-1,,,-1,,,,,,,,,,,,,,,,,,,,-1,,,,,-1,,,-1,,,,,,,,,0,0,,,,0,0,0,0,0,0,0,1,0,,0,,0,0,0,1,,,0,0,,,,,0,,,,,,,,,,,0,0,,0,,,,0,0,1,0,,1,,,,,,,,,,,,,,0,,0,,,,,0,1,,,,,,1,,1,,0,,0,0,,,,,0,0,,0,0,0,0,,0
monster#63f753156a9285b9,,ef_obj_w052.mdl,1,,,,1,,,,,,-1,,,-1,,,,-1,,,,,,,,,,,,,,,,,,,,,,,,-1,,,,,,,,-1,,,-1,,,,,,,,,,,,,,,,,,,,-1,,,,,,,,-1,,,,,,,,,0,0,,,,1,0,0,0,0,0,0,1,0,,0,,1,0,0,0,,,0,0,,,,,0,,,,,,,,,,,1,0,,0,,,,0,0,1,0,,1,,,,,,,,,,,,,,0,,0,,,,,0,1,,,,,,0,,1,,0,,0,0,,,,,0,0,,0,0,0,0,,0
monster#64f6063756605037,,ef_obj_k000.mdl,1,,,,0,,,,,,-1,,,-1,,,,,,,,,,,,,,,,,,,,,,,,,,,,,,,,,,,,-1,,,-1,,,,,,,,,,,,,,,,,,,,-1,,,,,-1,,,-1,,,,,,,,,0,0,,,,1,0,0,0,0,0,0,1,0,,0,,0,0,0,0,,,0,0,,,,,0,,,,,,,,,,,0,0,,0,,,,0,0,1,0,,1,,,,,,,,,,,,,,0,,0,,,,,0,1,,,,,,1,,1,,0,,0,0,,,,,0,0,,0,0,0,0,,0
monster#658bdbab1d45f474,,mon5078_c00.mdl,1,,,,0,,,,,,-1,,,-1,,,,,,,,,,,,,,-1,,,,,,,,,,,,,,,,,,,,,,,,,-1,,,,,,,,,,,,,-1,,,,,,,-1,,,,,,,,-1,,,,,,,,,0,0,,,,1,0,0,0,0,0,0,1,0,,0,,0,0,0,0,,,0,1,,,,,0,,,,,,,,,,,0,0,,0,,,,0,0,0,0,,1,,,,,,,,,,,,,,1,,0,,,,,0,1,,,,,,0,,1,,0,,0,0,,,,,0,0,,0,0,0,0,,0
monster#65a360dc4a40ece3,,ef_obj_a363.mdl,1,,,,0,,,,,,,,,-1,,,,-1,,,,,,,,,,,,,,,,,,,,,,,,,,,,,,,,-1,,,,,,,,,,,,,,,,,,,,,,,,,,,,,,,-1,,,,,,,,,0,0,,,,0,0,0,0,0,0,0,1,0,,0,,1,0,0,0,,,0,0,,,,,0,,,,,,,,,,,0,0,,0,,,,0,0,1,0,,0,,,,,,,,,,,,,,0,,0,,,,,0,0,,,,,,0,,1,,0,,0,0,,,,,0,0,,0,0,0,0,,0
monster#65b8615fe245d8c8,,ef_obj_m021.mdl,1,,,,0,,,,,,,,,-1,,,,-1,,,,,-1,,,,,,,,,,,,,,,,,,,-1,,,-1,,,,,-1,,,,,,,,,,,,,,,,,,,,,,,,,,,,,,,-1,,,,,,,,,0,0,,,,0,0,0,0,0,0,0,1,0,,0,,1,0,0,0,,,1,0,,,,,0,,,,,,,,,,,1,0,,1,,,,0,0,1,0,,0,,,,,,,,,,,,,,0,,0,,,,,0,0,,,,,,0,,1,,0,,0,0,,,,,0,0,,0,0,0,0,,0
monster#66c110ce840eda7f,,ef_obj_a376.mdl,1,,,,1,,,,,,-1,,,-1,,,,,,,,,,,,,,,,,,,,,,,,,,,,,,,,,,,,,,,-1,,,,,,,,,,,,,,,,,,,,-1,,,,,,,,-1,,,,,-1,,,,0,0,,,,1,0,0,0,0,0,0,1,0,,0,,0,0,0,0,,,0,0,,,,,0,,,,,,,,,,,0,0,,0,,,,0,0,0,0,,1,,,,,,,,,,,,,,0,,0,,,,,0,1,,,,,,0,,1,,0,,0,1,,,,,0,0,,0,0,0,0,,0
monster#6749e12e4f990fb6,,mon5078_c00.mdl,1,,,,1,,,,,,-1,,,-1,,,,-1,,,,,,,,,,-1,,,,,,,,,,,,,,,,,,,,,,-1,,,-1,,,,,,,,,,,,,-1,,,,,,,-1,,,,,-1,,,-1,,,,,,,,,0,0,,,,1,0,0,0,0,0,0,1,0,,0,,1,0,0,0,,,0,1,,,,,0,,,,,,,,,,,0,0,,0,,,,0,0,1,0,,1,,,,,,,,,,,,,,1,,0,,,,,0,1,,,,,,1,,1,,0,,0,0,,,,,0,0,,0,0,0,0,,0
monster#677302085e952c71,,ef_obj_m026.mdl,1,,,,1,,,,,,-1,,,-1,,,,-1,,,,,,,,,,,,,,,-1,,,,,,,,,,,,-1,,,,,-1,,,,,,,,,,,,,,,,,,,,,,,-1,,,,,-1,,,,,,,,,,,,0,0,,,,1,0,0,0,0,0,0,1,0,,0,,1,0,0,0,,,0,0,,,,,1,,,,,,,,,,,0,0,,1,,,,0,0,1,0,,0,,,,,,,,,,,,,,0,,0,,,,,0,1,,,,,,1,,0,,0,,0,0,,,,,0,0,,0,0,0,0,,0
monster#67b67f1e9a45f337,,mon5234_c00.mdl,0,,,,0,,,,,,,,,-1,,,,,,,-1,,,,,,,,,,,,-1,,,,,,,,,,,,,,,,,-1,,,-1,,,,,,,,,,,,,,,,,,,,-1,,,,,,,,,,,,,-1,,,,0,0,,,,0,0,0,0,0,0,0,1,0,,0,,0,0,0,1,,,0,0,,,,,1,,,,,,,,,,,0,0,,0,,,,0,0,1,0,,1,,,,,,,,,,,,,,0,,0,,,,,0,1,,,,,,0,,0,,0,,0,1,,,,,0,0,,0,0,0,0,,0
monster#67bbb72936ca56ea,mon5104.mdl,mon5104.mdl,1,,,,0,,,,,,,,,-1,,,,,,,-1,,,,,,,,,,,,,,,,,,,,,,,,,,,,,,,,,,,,,,,,,,,,,,,,,,,,,,,,,,,,-1,,,,,,,,,0,0,,,,0,0,0,0,0,0,0,1,0,,0,,0,0,0,1,,,0,0,,,,,0,,,,,,,,,,,0,0,,0,,,,0,0,0,0,,0,,,,,,,,,,,,,,0,,0,,,,,0,0,,,,,,0,,1,,0,,0,0,,,,,0,0,,0,0,0,0,,0
monster#67e05cbfd34e82af,mon5079.mdl,ef_obj_a358c.mdl,1,,,,0,,,,,,-1,,,-1,,,,,,,,,,,,,,,,,,,,,,,,,,,,,,,,,,,,,,,-1,,,,,,,,,,,,,,,,,,,,-1,,,,,,,,-1,,,,,,,,,0,0,,,,1,0,0,0,0,0,0,1,0,,0,,0,0,0,0,,,0,0,,,,,0,,,,,,,,,,,0,0,,0,,,,0,0,0,0,,1,,,,,,,,,,,,,,0,,0,,,,,0,1,,,,,,0,,1,,0,,0,0,,,,,0,0,,0,0,0,0,,0
monster#67e56a8c0ece0fad,ef_obj_w001.mdl,ef_obj_a358c.mdl,1,,,,1,,,,,,-1,,,-1,,,,,,,,,,,,,,,,,,,,,,,,,,,,-1,,,,,,,,-1,,,-1,,,,,,,,,,,,,,,,,,,,-1,,,,,,,,-1,,,,,,,,,0,0,,,,1,0,0,0,0,0,0,1,0,,0,,0,0,0,0,,,0,0,,,,,0,,,,,,,,,,,1,0,,0,,,,0,0,1,0,,1,,,,,,,,,,,,,,0,,0,,,,,0,1,,,,,,0,,1,,0,,0,0,,,,,0,0,,0,0,0,0,,0
monster#6804c0f33b9ffdb8,,mon5219.mdl,1,,,,0,,,,,,-1,,,-1,,,,-1,,,-1,,-1,,,,,,,,,,,,,,,,,,,-1,,,,,,,,-1,,,-1,,,,,,,,,,,,,,,,,,,,-1,,,,,,,,-1,,-1,,,,,,,0,0,,,,1,0,0,0,0,0,0,1,0,,0,,1,0,0,1,,,1,0,,,,,0,,,,,,,,,,,1,0,,0,,,,0,0,1,0,,1,,,,,,,,,,,,,,0,,0,,,,,0,1,,,,,,0,,1,,1,,0,0,,,,,0,0,,0,0,0,0,,0
monster#6882915c83643e8c,,ef_shp_o017.mdl,1,,,,0,,,,,,,,,,-1,,,-1,-1,,,,-1,,,,,,,,,,,,,,,,,,,,,,,,,,-1,,,,,,,,,,,,,,,,,,,,,,,,-1,,,,,,,,,,,,,,,,,0,0,,,,0,0,0,0,0,0,0,0,1,,0,,1,1,0,0,,,1,0,,,,,0,,,,,,,,,,,0,0,,0,,,,0,1,0,0,,0,,,,,,,,,,,,,,0,,0,,,,,0,1,,,,,,0,,0,,0,,0,0,,,,,1,0,,0,0,0,0,,0
monster#68f048ba62bddd6e,mon5067.mdl,mon5067.mdl,1,,,,1,,,,,,-1,,,-1,,,,-1,,,-1,,,,,,,,,,,,,,,,,,,,,,,,,,,,,-1,,,-1,,,,,,,,,,,,,,,,,,,,-1,,,,,,,,-1,,,,,,,,,0,0,,,,1,0,0,0,0,0,0,1,0,,0,,1,0,0,1,,,0,0,,,,,0,,,,,,,,,,,0,0,,0,,,,0,0,1,0,,1,,,,,,,,,,,,,,0,,0,,,,,0,1,,,,,,0,,1,,0,,0,0,,,,,0,0,,0,0,0,0,,0
monster#68f39616ca6dcafb,,mon5221.mdl,0,,,,1,,,,,,,,,-1,,,,,,,,,,,,,,,,,,,-1,,,,,,,,,,,,,,,,,-1,,,,,,,,,,,,,,,,,,,,,,,,,,,,,,,,,,,,,,,,0,0,,,,0,0,0,0,0,0,0,1,0,,0,,0,0,0,0,,,0,0,,,,,1,,,,,,,,,,,0,0,,0,,,,0,0,1,0,,0,,,,,,,,,,,,,,0,,0,,,,,0,0,,,,,,0,,0,,0,,0,0,,,,,0,0,,0,0,0,0,,0
monster#6a09627b7bfd5daf,,mon5234.mdl,0,,,,1,,,,,,-1,,,-1,,,,,,,-1,,,,,,,-1,,,,,,,,,,,,,,-1,,,-1,,,,,-1,,,-1,,,,,,,,,,,,,,,,,,,,-1,,,,,,,,-1,,,,,-1,,,,0,0,,,,1,0,0,0,0,0,0,1,0,,0,,0,0,0,1,,,0,1,,,,,0,,,,,,,,,,,1,0,,1,,,,0,0,1,0,,1,,,,,,,,,,,,,,0,,0,,,,,0,1,,,,,,0,,1,,0,,0,1,,,,,0,0,,0,0,0,0,,0
monster#6a8451b888ac00a6,,mon5253.mdl,1,,,,1,,,,,,-1,,,-1,,,,,,,,,,,,,,-1,,,,,,,,,,,,,,-1,,,-1,,,-1,,-1,,,-1,,,,,,,,,,,,,,,,,,,,-1,,,,,,,,-1,,,,,-1,,,,0,0,,,,1,0,0,0,0,0,0,1,0,,0,,0,0,0,0,,,0,1,,,,,0,,,,,,,,,,,1,0,,1,,,,1,0,1,0,,1,,,,,,,,,,,,,,0,,0,,,,,0,1,,,,,,0,,1,,0,,0,1,,,,,0,0,,0,0,0,0,,0
monster#6aa7ec1716f20144,,equ2027.mdl,0,,,,1,,,,,,,,,-1,,,,,,,,,,,,,,,,,,,,,,,,,,,,-1,,,,,,,,-1,,,-1,,,,,,,,,,,,,,,,,,,,-1,,,,,,,,-1,,,,,-1,,,,0,0,,,,0,0,0,0,0,0,0,1,0,,0,,0,0,0,0,,,0,0,,,,,0,,,,,,,,,,,1,0,,0,,,,0,0,1,0,,1,,,,,,,,,,,,,,0,,0,,,,,0,1,,,,,,0,,1,,0,,0,1,,,,,0,0,,0,0,0,0,,0
monster#6b08fab24016f012,mon5004_c00.mdl,mon5004_c00.mdl,1,,,,1,,,,,,-1,,,-1,,,,,,,-1,,,,,,,-1,,,,,,,,,,,,,,-1,,,,,,,,-1,,,-1,,,,,,,,,,,,,,,,,,,,-1,,,,,-1,,,-1,,,,,,,,,0,0,,,,1,0,0,0,0,0,0,1,0,,0,,0,0,0,1,,,0,1,,,,,0,,,,,,,,,,,1,0,,0,,,,0,0,1,0,,1,,,,,,,,,,,,,,0,,0,,,,,0,1,,,,,,1,,1,,0,,0,0,,,,,0,0,,0,0,0,0,,0
monster#6d81046c6034b847,,mon5006_c01.mdl,1,,,,0,,,,,,-1,,,-1,,,,,,,-1,,,,,,,,,,,,-1,,,,,,,,,,,,-1,,,,,-1,,,-1,,,,,,,,,,,,,,,,,,,,-1,,,,,,,,-1,,,,,,,,,0,0,,,,1,0,0,0,0,0,0,1,0,,0,,0,0,0,1,,,0,0,,,,,1,,,,,,,,,,,0,0,,1,,,,0,0,1,0,,1,,,,,,,,,,,,,,0,,0,,,,,0,1,,,,,,0,,1,,0,,0,0,,,,,0,0,,0,0,0,0,,0
monster#6da1611167f7f359,,equ0136.mdl,1,,,,1,,,,,,,,,-1,,,,,,,-1,,,,,,,,,,,,,,,,,,,,,-1,,,,,,,,-1,,,,,,,,,,,,,,,,,,,,,,,-1,,,,,,,,-1,,,,,,,,,0,0,,,,0,0,0,0,0,0,0,1,0,,0,,0,0,0,1,,,0,0,,,,,0,,,,,,,,,,,1,0,,0,,,,0,0,1,0,,0,,,,,,,,,,,,,,0,,0,,,,,0,1,,,,,,0,,1,,0,,0,0,,,,,0,0,,0,0,0,0,,0
monster#6dcaad08710c4d64,chrm000_mat.mdl,chrm000_mat.mdl,1,,,,1,,,,,,-1,,,-1,,,,,,,,,-1,,,,,-1,,,,,,,,,,,,,,-1,,,,,,,,-1,,,-1,,,,,,,,,,,,,,,,,,,,-1,,,,,,,,-1,,,,,,,,,0,0,,,,1,0,0,0,0,0,0,1,0,,0,,0,0,0,0,,,1,1,,,,,0,,,,,,,,,,,1,0,,0,,,,0,0,1,0,,1,,,,,,,,,,,,,,0,,0,,,,,0,1,,,,,,0,,1,,0,,0,0,,,,,0,0,,0,0,0,0,,0
monster#6e26ef0db56245b3,ef_obj_z026.mdl,,1,,,,0,,,,,,,,,-1,,,,,,,,,,,,,,,,,,,-1,,,,,,,,,-1,,,,,,,,-1,,,,,,,,,,,,,,,,,,,,,,,-1,,,,,,,,,,,,,,,,,0,0,,,,,0,0,0,0,0,0,1,0,,0,,0,0,0,,,,0,,,,,,1,,,,,,0,,,,,1,0,,0,,,,0,0,1,0,,,,,,,,,,,,,,,,,,0,,,,,0,1,,,,,,,0,0,,0,,0,0,,,,,0,0,,0,0,,0,,0
monster#6edc17b3a62d15ed,,ef_obj_a406.mdl,1,,,,1,-1,,,,,,,,-1,-1,,-1,,-1,-1,-1,,,-1,-1,-1,-1,,,,,,,,,,,,,,,,,,,,,,,,,,-1,,,,,,,,,,,,,,,,,,,,,,,,,,,,-1,,,,,,,,,1,0,,,,0,0,1,1,1,1,0,1,1,,1,,0,1,1,1,,,0,0,,,,,0,,,,,,,,,,,0,0,,0,,,,0,0,0,0,,1,,,,,,,,,,,,,,0,,0,,,,,0,0,,,,,,0,,1,,0,,0,0,,,,,1,1,,0,0,0,0,,0
monster#6f448fb574fc9983,ef_obj_a140.mdl,,1,,,,0,,,,,,,,,-1,,,,,,,,,-1,,,,,,,,,,,,,,,,,,,,,,,,,,,,,,,,,,,,,,,,,,,,,,,,,,,,,,,,,-1,,,,,,-1,,,,0,0,,,,,0,0,0,0,0,0,1,0,,0,,0,0,0,,,,1,,,,,,0,,,,,,0,,,,,0,0,,0,,,,0,0,0,0,,,,,,,,,,,,,,,,,,0,,,,,0,0,,,,,,,1,0,,0,,0,1,,,,,0,0,,0,0,,0,,1
monster#6f53b0f700c62d28,,mon5102_c00.mdl,1,,,,1,,,,,,-1,,,-1,,,,-1,-1,,-1,,,,,,,,,,,,,,,,,,,,,,,,,,,,,,,,-1,,,,,,,,,,,,,-1,,,,,,,-1,,,,,,,,-1,,,,,,,,,0,0,,,,1,0,0,0,0,0,0,1,0,,0,,1,1,0,1,,,0,0,,,,,0,,,,,,,,,,,0,0,,0,,,,0,0,0,0,,1,,,,,,,,,,,,,,1,,0,,,,,0,1,,,,,,0,,1,,0,,0,0,,,,,1,0,,0,0,0,0,,0
monster#6fbc6f8ee5b83f07,mon5007.mdl,mon5007.mdl,1,,,,0,,,,,,-1,,,-1,,,,,,,-1,,,,,,,,,,,,,,,,,,,,,,,,-1,,,,,-1,,,,,,,,,,,,,,,,,,,,,,,,,,,,-1,,,,,,,,,,,,0,0,,,,1,0,0,0,0,0,0,1,0,,0,,0,0,0,1,,,0,0,,,,,0,,,,,,,,,,,0,0,,1,,,,0,0,1,0,,0,,,,,,,,,,,,,,0,,0,,,,,0,0,,,,,,1,,0,,0,,0,0,,,,,0,0,,0,0,0,0,,0
monster#70c04f88b2d227b4,ef_obj_b008.mdl,ob_s07_000.mdl,1,,,,0,,,,,,,,,-1,,,,,,,,,,,,,,,,,,,,,,,,,,,,-1,,,,,,,,-1,,,,,,,,,,,,,,,,,,,,,,,-1,,,,,,,,,,,,,,,,,0,0,,,,,0,0,0,0,0,0,1,0,,0,,0,0,0,,,,0,,,,,,0,,,,,,0,,,,,1,0,,0,,,,0,0,1,0,,,,,,,,,,,,,,,,,,0,,,,,0,1,,,,,,,0,0,,0,,0,0,,,,,0,0,,0,0,,0,,0
monster#70c3abb3125e5dd6,,mon5217.mdl,1,,,,1,-1,,,,,-1,,,-1,,,,,,,,,,,,,,,,,,,,,,,,,,,,,,,,,,,,-1,,,-1,,,,,,,,,,,,,-1,,,,,,,-1,,,,,,,,-1,,,,,,,,,1,0,,,,1,0,0,0,0,0,0,1,0,,0,,0,0,0,0,,,0,0,,,,,0,,,,,,,,,,,0,0,,0,,,,0,0,1,0,,1,,,,,,,,,,,,,,1,,0,,,,,0,1,,,,,,0,,1,,0,,0,0,,,,,0,0,,0,0,0,0,,0
monster#71a0b625ad5b4d60,ef_obj_a355.mdl,ef_obj_a355.mdl,1,,,,1,,,,,,,,,-1,,,,,,,,,,,,,,,,,,,,,,,,,,,,,,,,,,,,-1,,,-1,,,,,,,,,,,,,,,,,,,,-1,,,,,,,,-1,,,,,,,,,0,0,,,,0,0,0,0,0,0,0,1,0,,0,,0,0,0,0,,,0,0,,,,,0,,,,,,,,,,,0,0,,0,,,,0,0,1,0,,1,,,,,,,,,,,,,,0,,0,,,,,0,1,,,,,,0,,1,,0,,0,0,,,,,0,0,,0,0,0,0,,0
monster#71cf2e90a5131a87,,mon5241.mdl,0,,,,1,,,,,,-1,,,-1,,,,,,,,,,,,,,,,,,,-1,,,,,,,,,,,,,,,,,,,,,,,,,,,,,,,,,,,,,,,,,,,,,,,,,,,,,-1,,,,0,0,,,,1,0,0,0,0,0,0,1,0,,0,,0,0,0,0,,,0,0,,,,,1,,,,,,,,,,,0,0,,0,,,,0,0,0,0,,0,,,,,,,,,,,,,,0,,0,,,,,0,0,,,,,,0,,0,,0,,0,1,,,,,0,0,,0,0,0,0,,0
monster#722a348939ce3841,,ef_obj_o018.mdl,1,,,,0,-1,,,,,,,,-1,,,,-1,,,,,-1,,,,,,,,,,,,,,,,,,,,,,,,,,,,,,,,,,,,,,,,,,,,,,,,,,,,,,,,,,,,,,,,,,,1,0,,,,0,0,0,0,0,0,0,1,0,,0,,1,0,0,0,,,1,0,,,,,0,,,,,,,,,,,0,0,,0,,,,0,0,0,0,,0,,,,,,,,,,,,,,0,,0,,,,,0,0,,,,,,0,,0,,0,,0,0,,,,,0,0,,0,0,0,0,,0
monster#723d2965edf6ec3a,mon5006.mdl,equ8111.mdl,1,,,,0,,,,,,-1,,,-1,,,,,,,-1,,,,,,,,,,,,-1,,,,,,,,,,,,,,,,,-1,,,-1,,,,,,,,,,,,,,,,,,,,-1,,,,,,,,-1,,,,,,,,,0,0,,,,1,0,0,0,0,0,0,1,0,,0,,0,0,0,1,,,0,0,,,,,1,,,,,,,,,,,0,0,,0,,,,0,0,1,0,,1,,,,,,,,,,,,,,0,,0,,,,,0,1,,,,,,0,,1,,0,,0,0,,,,,0,0,,0,0,0,0,,0
monster#7262ef1b230882f4,ef_obj_b007.mdl,,1,,,,0,,,,,,,,,-1,,,,,,,,,,,,,,,,,,,,,,,,,,,,,,,,,,,,,,,,,,,,,,,,,,,,,,,,,,-1,,,,,,,,,,,,,,-1,,,,0,0,,,,,0,0,0,0,0,0,1,0,,0,,0,0,0,,,,0,,,,,,0,,,,,,0,,,,,0,0,,0,,,,0,0,0,0,,,,,,,,,,,,,,,,,,0,,,,,1,0,,,,,,,0,0,,0,,0,1,,,,,0,0,,0,0,,0,,0
monster#72dd418b3636964d,ef_obj_a144.mdl,,0,,,,0,,,,,,,,,-1,,,,,,,,,,,,,,,,,,,,,,,,,,,,-1,,,,,,,,-1,,,,,,,,,,,,,,,,,,,,,,,-1,,,,,,,-1,-1,,,,,,,,,0,0,,,,,0,0,0,0,0,0,1,0,,0,,0,0,0,,,,0,,,,,,0,,,,,,0,,,,,1,0,,0,,,,0,0,1,0,,,,,,,,,,,,,,,,,,0,,,,,0,1,,,,,,,1,1,,0,,0,0,,,,,0,0,,0,0,,0,,1
monster#72eda4c874d7c1ee,,mon5265.mdl,0,,,,1,,,,,,-1,,,-1,,,,,,,,,,,,,,,,,,,-1,,,,,,,,,,,,,,,,,,,,-1,,,,,,,,,,,,,,,,,,,,,,,,,,,,,,,,,-1,,,,0,0,,,,1,0,0,0,0,0,0,1,0,,0,,0,0,0,0,,,0,0,,,,,1,,,,,,,,,,,0,0,,0,,,,0,0,0,0,,1,,,,,,,,,,,,,,0,,0,,,,,0,0,,,,,,0,,0,,0,,0,1,,,,,0,0,,0,0,0,0,,0
monster#73a35c9643152154,,mon5217.mdl,1,,,,0,,,,,,,,,-1,,,,,,,-1,,,,,,,,,,,,,,,,,,,,,,,,,,,,,-1,,,-1,,,,,,,,,,,,,-1,,,,,,,-1,,,,,,,,-1,,,,,,,,,0,0,,,,0,0,0,0,0,0,0,1,0,,0,,0,0,0,1,,,0,0,,,,,0,,,,,,,,,,,0,0,,0,,,,0,0,1,0,,1,,,,,,,,,,,,,,1,,0,,,,,0,1,,,,,,0,,1,,0,,0,0,,,,,0,0,,0,0,0,0,,0
monster#73af3ac3286e028d,,mon5264.mdl,1,,,,0,-1,,,,,-1,,,-1,,,,,,,,,-1,,,,,,,,,,,,,,,,,,,,,,,,,-1,,-1,,,-1,,,,,,,,,,,,,-1,,,,,,,-1,,,,,,,,-1,,,,,,,,,1,0,,,,1,0,0,0,0,0,0,1,0,,0,,0,0,0,0,,,1,0,,,,,0,,,,,,,,,,,0,0,,0,,,,1,0,1,0,,1,,,,,,,,,,,,,,1,,0,,,,,0,1,,,,,,0,,1,,0,,0,0,,,,,0,0,,0,0,0,0,,0
monster#73c3d719060d1b79,,ef_obj_a360.mdl,1,,,,0,,,,,,-1,,,-1,,,,-1,,,,,,,,,,,,,,,,,,,,,,,,,,,,,,,,,-1,,-1,,,,,,,,,,,,,,,,,,,,-1,,,,,,,,-1,,,,,,,,,0,0,,,,1,0,0,0,0,0,0,1,0,,0,,1,0,0,0,,,0,0,,,,,0,,,,,,,,,,,0,0,,0,,,,0,0,0,1,,1,,,,,,,,,,,,,,0,,0,,,,,0,1,,,,,,0,,1,,0,,0,0,,,,,0,0,,0,0,0,0,,0
monster#751529e1ba4efa42,,mon5106_c00.mdl,1,,,,1,,,,,,-1,,,-1,,,,-1,-1,,-1,,,,-1,,,,,,,,,,,,,,,,,,,,,,,,,,,,-1,,,,,,,,,,,,,,,,,,,,-1,,,,,,,,-1,,,,,-1,,,,0,0,,,,1,0,0,1,0,0,0,1,0,,0,,1,1,0,1,,,0,0,,,,,0,,,,,,,,,,,0,0,,0,,,,0,0,0,0,,1,,,,,,,,,,,,,,0,,0,,,,,0,1,,,,,,0,,1,,0,,0,1,,,,,1,0,,0,0,0,0,,0
monster#765f2a47f40dbb4e,,ef_obj_a371.mdl,1,,,,0,,,,,,,,,-1,-1,,,,-1,,,,-1,,,,,,,,,,,,,,,,,,,,,,,,,,,,,,,,,,,,,,,,,,,,,,,,,,,,,,,,,,,,,,,,,,,0,0,,,,0,0,0,0,0,0,0,1,1,,0,,0,1,0,0,,,1,0,,,,,0,,,,,,,,,,,0,0,,0,,,,0,0,0,0,,0,,,,,,,,,,,,,,0,,0,,,,,0,0,,,,,,0,,0,,0,,0,0,,,,,1,0,,0,0,0,0,,1
monster#766ff8d51733489b,ef_obj_a092.mdl,ef_obj_o999.mdl,1,,,,0,-1,,,,,,,,-1,,,,,,,,,,,,,,,,,,,,,,,,,,,,,,,,,,,,,,,,,,,,,,,,,,,,,,,,,,,,,,,,,,,,,,,,,,,,1,0,,,,,0,0,0,0,0,0,1,0,,0,,0,0,0,,,,0,,,,,,0,,,,,,0,,,,,0,0,,0,,,,0,0,0,0,,,,,,,,,,,,,,,,,,0,,,,,0,0,,,,,,,0,0,,0,,0,0,,,,,0,0,,0,0,,0,,0
monster#7689ea246e89692b,ef_obj_w020.mdl,ef_obj_a413.mdl,1,,,,1,,,,,,,,,-1,,,,,,,,,,,,,,,,,,,-1,,,,,,,,,,,,,,,,,-1,,,-1,,,,,,,,,,,,,,,,,,,,-1,,,,,,,,-1,,,,,,,,,0,0,,,,0,0,0,0,0,0,0,1,0,,0,,0,0,0,0,,,0,0,,,,,1,,,,,,,,,,,0,0,,0,,,,0,0,1,0,,1,,,,,,,,,,,,,,0,,0,,,,,0,1,,,,,,0,,1,,0,,0,0,,,,,0,0,,0,0,0,0,,0
monster#76ccc95e26ac7525,,mon5237.mdl,1,,,,1,,,,,,-1,,,-1,,,,,,,-1,,,,,,,,,,,,-1,,,,,,,,,,,,,,,,,,,,-1,,,,,,,,,,,,,,,,,,,,-1,,,,,,,,-1,,,,,,,,,0,0,,,,1,0,0,0,0,0,0,1,0,,0,,0,0,0,1,,,0,0,,,,,1,,,,,,,,,,,0,0,,0,,,,0,0,0,0,,1,,,,,,,,,,,,,,0,,0,,,,,0,1,,,,,,0,,1,,0,,0,0,,,,,0,0,,0,0,0,0,,0
monster#76f1f82a33694b63,mon5032.mdl,mon5032.mdl,1,,,,1,,,,,,-1,,,-1,,,,,,,-1,,,,,,,,,,,,,,,,,,,,,,,,,,,,,-1,,,-1,,,,,,,,,,,,,,,,,,,,-1,,,,,,,,-1,,,,,,,,,0,0,,,,1,0,0,0,0,0,0,1,0,,0,,0,0,0,1,,,0,0,,,,,0,,,,,,,,,,,0,0,,0,,,,0,0,1,0,,1,,,,,,,,,,,,,,0,,0,,,,,0,1,,,,,,0,,1,,0,,0,0,,,,,0,0,,0,0,0,0,,0
monster#77f90b7ff14eb37f,ef_obj_a000.mdl,ef_obj_a000.mdl,1,,,,1,,,,,,,,,-1,,,,,,,,,,,,,,,,,,,,,,,,,,,,,,,,,,,,,,,,,,,,,,,,,,,,,,,,,,,,,,,,,,,-1,,,,,,,,,0,0,,,,0,0,0,0,0,0,0,1,0,,0,,0,0,0,0,,,0,0,,,,,0,,,,,,,,,,,0,0,,0,,,,0,0,0,0,,0,,,,,,,,,,,,,,0,,0,,,,,0,0,,,,,,0,,1,,0,,0,0,,,,,0,0,,0,0,0,0,,0
monster#78b0b7b5f45ab0ac,,mon5076_c00.mdl,1,,,,1,,,,,,-1,,,-1,,,,,,,,,,,,,,-1,,,,,,,,,,,,,,,,,-1,,,,,,,,-1,,,,,,,,,,,,,,,,,,,,-1,,,,,-1,,,-1,,,,,,,,,0,0,,,,1,0,0,0,0,0,0,1,0,,0,,0,0,0,0,,,0,1,,,,,0,,,,,,,,,,,0,0,,1,,,,0,0,0,0,,1,,,,,,,,,,,,,,0,,0,,,,,0,1,,,,,,1,,1,,0,,0,0,,,,,0,0,,0,0,0,0,,0
monster#78b2e3a3443462f6,ef_obj_a321.mdl,ef_obj_a321.mdl,1,,,,0,,,,,,,,,-1,,,,,,,,,-1,,,,,,,,,,,,,,,,,,,,,,,,,,,,,,,,,,,,,,,,,,,,,,,,,,-1,,,,,,,,,,,,,,,,,0,0,,,,0,0,0,0,0,0,0,1,0,,0,,0,0,0,0,,,1,0,,,,,0,,,,,,,,,,,0,0,,0,,,,0,0,0,0,,0,,,,,,,,,,,,,,0,,0,,,,,0,1,,,,,,0,,0,,0,,0,0,,,,,0,0,,0,0,0,0,,0
monster#78f20e4788bb0013,,mon5264_wing_fire.mdl,1,,,,0,-1,,,,,,,,-1,,,,,,,-1,,-1,,,,,,,,,,,,,,,,,,,,,,,,,-1,,-1,,,,,,,,,,,,,,,,,,,,,,,-1,,,,,,,,-1,,,,,,,,,1,0,,,,0,0,0,0,0,0,0,1,0,,0,,0,0,0,1,,,1,0,,,,,0,,,,,,,,,,,0,0,,0,,,,1,0,1,0,,0,,,,,,,,,,,,,,0,,0,,,,,0,1,,,,,,0,,1,,0,,0,0,,,,,0,0,,0,0,0,0,,0
monster#7908914f8de79a8e,,ef_obj_w012.mdl,1,,,,0,,,,,,,,,-1,,,,,,,,,-1,,,,,,,,,,-1,,,,,,,,,-1,,,,,,,,-1,,,-1,,,,,,,,,,,,,,,,,,,,,,,,,,,,,,,,,,,,,0,0,,,,0,0,0,0,0,0,0,1,0,,0,,0,0,0,0,,,1,0,,,,,1,,,,,,,,,,,1,0,,0,,,,0,0,1,0,,1,,,,,,,,,,,,,,0,,0,,,,,0,0,,,,,,0,,0,,0,,0,0,,,,,0,0,,0,0,0,0,,0
monster#79d40ef78ded9d61,ef_obj_p004.mdl,,1,,,,0,,,,,,,,,-1,,,,-1,,,,,-1,,,,,,,,,,,,,,,,,,,,,,,,,,,,,,,,,,,,,,,,,,,,,-1,,,,,,,,,,,,,-1,,,,,,,,,0,0,,,,,0,0,0,0,0,0,1,0,,0,,1,0,0,,,,1,,,,,,0,,,,,,0,,,,,0,0,,0,,,,0,0,0,0,,,,,,,,,,,,,,,,,,1,,,,,0,0,,,,,,,0,1,,0,,0,0,,,,,0,0,,0,0,,0,,0
monster#7ab38bc65cfd58d6,,ef_obj_a403.mdl,1,,,,1,,,,,,-1,,,-1,-1,,,,-1,,-1,,,,,,,,,,,,-1,,,,,,,,,,,,,,,,,,,,,,,,,,,,,,,,,,,,,,,,,,,,,,,,,,,,,,,,,0,0,,,,1,0,0,0,0,0,0,1,1,,0,,0,1,0,1,,,0,0,,,,,1,,,,,,,,,,,0,0,,0,,,,0,0,0,0,,0,,,,,,,,,,,,,,0,,0,,,,,0,0,,,,,,0,,0,,0,,0,0,,,,,3,0,,0,0,0,0,,1
monster#7b7453ba9a534add,ef_obj_a056.mdl,,1,,,,1,,,,,,,-1,,-1,,,,-1,,,,,,,,,,,,,,,,,,,,,,,,,,,-1,,,,,-1,,,,,,,,,,,,,,,,,,,,,,,,,,,,,,,-1,,,,,,,,,0,0,,,,,1,0,0,0,0,0,1,0,,0,,1,0,0,,,,0,,,,,,0,,,,,,0,,,,,0,0,,1,,,,0,0,1,0,,,,,,,,,,,,,,,,,,0,,,,,0,0,,,,,,,0,1,,0,,0,0,,,,,0,0,,0,0,,0,,0
monster#7ca53b1e7dba78df,ef_obj_a218.mdl,,1,,,,0,-1,,,,,,,,-1,,,,-1,,,,,-1,-1,,,-1,,,,,,,,,,,,,,,,,,,,,-1,,,,,,,,,,,,,,,,,,,,,,,,,,,,,,,,,,,,,,-1,,,,1,0,,,,,0,1,0,0,1,0,1,0,,0,,1,0,0,,,,1,,,,,,0,,,,,,0,,,,,0,0,,0,,,,1,0,0,0,,,,,,,,,,,,,,,,,,0,,,,,0,0,,,,,,,0,0,,0,,0,1,,,,,0,0,,0,0,,0,,0
monster#7d0ebfe7f8eb8717,mon5074.mdl,mon5074.mdl,1,,,,1,,,,,,,,,-1,,,,,,,,,,,,,,,,,,,,,,,,,,,,,,,,,,,,,,,-1,,,,,,,,,,,,,,,,,,,,-1,,,,,-1,,,-1,,,,,,,,,0,0,,,,0,0,0,0,0,0,0,1,0,,0,,0,0,0,0,,,0,0,,,,,0,,,,,,,,,,,0,0,,0,,,,0,0,0,0,,1,,,,,,,,,,,,,,0,,0,,,,,0,1,,,,,,1,,1,,0,,0,0,,,,,0,0,,0,0,0,0,,0
monster#7e5a315ee076b8d9,ef_obj_m012.mdl,,1,,,,0,,,,,,,,,-1,,,,-1,,,,,,,,,,,,,,,,,,,,,,,,-1,,,,,,,,-1,,,,,,,,,,,,,,,,,,,,,,,-1,,,,,,,,-1,,,,,,,,,0,0,,,,,0,0,0,0,0,0,1,0,,0,,1,0,0,,,,0,,,,,,0,,,,,,0,,,,,1,0,,0,,,,0,0,1,0,,,,,,,,,,,,,,,,,,0,,,,,0,1,,,,,,,0,1,,0,,0,0,,,,,0,0,,0,0,,0,,0
monster#7eec479185a4f709,,mon5078_c00.mdl,1,,,,1,,,,,,,,,-1,,,,,,,,,,,,,,-1,,,,,,,,,,,,,,,,,,,,,,,,,-1,,,,,,,,,,,,,,,,,,,,-1,,,,,,,,-1,,,,,,,,,0,0,,,,0,0,0,0,0,0,0,1,0,,0,,0,0,0,0,,,0,1,,,,,0,,,,,,,,,,,0,0,,0,,,,0,0,0,0,,1,,,,,,,,,,,,,,0,,0,,,,,0,1,,,,,,0,,1,,0,,0,0,,,,,0,0,,0,0,0,0,,0
monster#7fed3bdb64b2afcd,,mon5246_c00.mdl,1,,,,1,,,,,,-1,,,-1,-1,,,,,,,,,,,,,,,,,,,,,,,,,,,-1,,,,,,,,-1,,,-1,,,,,,,,,,,,,,,,,,,,-1,,,,,-1,,,-1,,,,,,,,,0,0,,,,1,0,0,0,0,0,0,1,1,,0,,0,0,0,0,,,0,0,,,,,0,,,,,,,,,,,1,0,,0,,,,0,0,1,0,,1,,,,,,,,,,,,,,0,,0,,,,,0,1,,,,,,1,,1,,0,,0,0,,,,,0,0,,0,0,0,0,,0
monster#80c258a8a45ce0d5,mon5003.mdl,mon5003.mdl,1,,,,1,,,,,,-1,,,-1,,,,,,,-1,,,,,,,,,,,,-1,,,,,,,,,-1,,,,,,,,-1,,,-1,,,,,,,,,,,,,-1,,,,,,,-1,,,,,,,,-1,,,,,,,,,0,0,,,,1,0,0,0,0,0,0,1,0,,0,,0,0,0,1,,,0,0,,,,,1,,,,,,,,,,,1,0,,0,,,,0,0,1,0,,1,,,,,,,,,,,,,,1,,0,,,,,0,1,,,,,,0,,1,,0,,0,0,,,,,0,0,,0,0,0,0,,0
monster#81d24f7245cd49a0,ef_obj_a120.mdl,ef_obj_a200.mdl,1,,,,0,,,,,,,,,-1,,,,,,,,,,,,,,,,,,,,,,,,,,,,,,,,,,,,-1,,,,,,,,,,,,,,,,,,,,,,,,,,,,,,,,,,,,,,,,0,0,,,,,0,0,0,0,0,0,1,0,,0,,0,0,0,,,,0,,,,,,0,,,,,,0,,,,,0,0,,0,,,,0,0,1,0,,,,,,,,,,,,,,,,,,0,,,,,0,0,,,,,,,0,0,,0,,0,0,,,,,0,0,,0,0,,0,,0
monster#8220c8b12a2f28df,mon5031_c00.mdl,mon5031_c00.mdl,1,,,,1,,,,,,,,,-1,,,,,,,-1,,,,,,,-1,,,,,-1,,,,,,,,,-1,,,,,,,,-1,,,-1,,,,,,,,,,,,,-1,,,,,,,-1,,,,,-1,,,-1,,,,,,,,,0,0,,,,0,0,0,0,0,0,0,1,0,,0,,0,0,0,1,,,0,1,,,,,1,,,,,,,,,,,1,0,,0,,,,0,0,1,0,,1,,,,,,,,,,,,,,1,,0,,,,,0,1,,,,,,1,,1,,0,,0,0,,,,,0,0,,0,0,0,0,,0
monster#82b2ed78a47c57c2,,ef_obj_m016.mdl,1,,,,0,,,,,,,,,-1,,,,-1,,,-1,,-1,,,,,,,,,,,,,,,,,,,,,,,,,,,,,,,,,,,,,,,,,,,,,,,,,,,,,,,,,,,,,,,,,,,0,0,,,,0,0,0,0,0,0,0,1,0,,0,,1,0,0,1,,,1,0,,,,,0,,,,,,,,,,,0,0,,0,,,,0,0,0,0,,0,,,,,,,,,,,,,,0,,0,,,,,0,0,,,,,,0,,0,,0,,0,0,,,,,0,0,,0,0,0,0,,0
monster#83422f7d5a2b0458,,miyanishi.mdl,1,,,,1,,,,,,,,,-1,-1,,,,-1,,,,,,,,,,,,,,,,,,,,,,,,,,,,,,,,,,,,,,,,,,,,,,,,,,,,,,-1,,,,,,,,,,,,,,,,,0,0,,,,0,0,0,0,0,0,0,1,1,,0,,0,1,0,0,,,0,0,,,,,0,,,,,,,,,,,0,0,,0,,,,0,0,0,0,,0,,,,,,,,,,,,,,0,,0,,,,,0,1,,,,,,0,,0,,0,,0,0,,,,,1,0,,0,0,0,0,,0
monster#835e7f926a3fad11,,mon5241.mdl,1,,,,1,,,,,,-1,-1,,-1,,,,,,,,,,,,,,,,,,,,,,,,,,,,,,,,,,,,,,,-1,,,,,,,,,,,,,,,,,,,,-1,,,,,,,,-1,,,,,-1,,,,0,0,,,,1,1,0,0,0,0,0,1,0,,0,,0,0,0,0,,,0,0,,,,,0,,,,,,,,,,,0,0,,0,,,,0,0,0,0,,1,,,,,,,,,,,,,,0,,0,,,,,0,1,,,,,,0,,1,,0,,0,1,,,,,0,0,,0,0,0,0,,0
monster#83a48c92f0b64309,ef_obj_b007_high.mdl,,1,,,,0,,,,,,,,,-1,,,,,,,,,,,,,,,,,,,-1,,,,,,,,,,,,,,,,,,,,,,,,,,,,,,,,,,,-1,,,,,,,,,,,,-1,,,,,,-1,,,,0,0,,,,,0,0,0,0,0,0,1,0,,0,,0,0,0,,,,0,,,,,,1,,,,,,0,,,,,0,0,,0,,,,0,0,0,0,,,,,,,,,,,,,,,,,,1,,,,,0,0,,,,,,,1,0,,0,,0,1,,,,,0,0,,0,0,,0,,1
monster#83b58aceb220bc86,ef_obj_a216.mdl,,1,,,,0,-1,,,,,,,,-1,,,,-1,,,,,-1,-1,,,-1,,,,,,,,,,,,,,,,,,,,,-1,-1,,,,,,,,,,,,,,,,,,,,,,,,,,,,,,,-1,,,,,,-1,,,,1,0,,,,,0,1,0,0,1,0,1,0,,0,,1,0,0,,,,1,,,,,,0,,,,,,0,,,,,0,0,,0,,,,1,1,0,0,,,,,,,,,,,,,,,,,,0,,,,,0,0,,,,,,,1,0,,0,,0,1,,,,,0,0,,0,0,,0,,1
monster#83fcf2f6538fc17c,mon5076.mdl,mon5076.mdl,1,,,,1,,,,,,,,,-1,,,,,,,,,,,,,,,,,,,,,,,,,,,,,,,-1,,,,,,,,-1,,,,,,,,,,,,,,,,,,,,-1,,,,,-1,,,-1,,,,,,,,,0,0,,,,0,0,0,0,0,0,0,1,0,,0,,0,0,0,0,,,0,0,,,,,0,,,,,,,,,,,0,0,,1,,,,0,0,0,0,,1,,,,,,,,,,,,,,0,,0,,,,,0,1,,,,,,1,,1,,0,,0,0,,,,,0,0,,0,0,0,0,,0
monster#842eeb0d7ae5c42d,,chrm000_mat.mdl,1,,,,0,,,,,,-1,,,-1,,,,,,,,,,,,,,,,,,,,,,,,,,,,,,,,,,,-1,,,,-1,,,,,,,,,,,,,,,,,,,,,,,,,,,,,,,,,,,,,0,0,,,,1,0,0,0,0,0,0,1,0,,0,,0,0,0,0,,,0,0,,,,,0,,,,,,,,,,,0,0,,0,,,,0,1,0,0,,1,,,,,,,,,,,,,,0,,0,,,,,0,0,,,,,,0,,0,,0,,0,0,,,,,0,0,,0,0,0,0,,0
monster#845df43270934aac,,ob6100evt02.mdl,1,,,,1,,,,,,,,,-1,-1,,-1,-1,-1,-1,-1,,,,,,-1,,,,,,,,,,,,,,,,,,,,,,,,,,-1,,,,,,,,,,,,,,,,,,,,-1,,,,,,,,-1,,,,,-1,,,,0,0,,,,0,0,0,0,0,1,0,1,1,,1,,1,1,1,1,,,0,0,,,,,0,,,,,,,,,,,0,0,,0,,,,0,0,0,0,,1,,,,,,,,,,,,,,0,,0,,,,,0,1,,,,,,0,,1,,0,,0,1,,,,,1,1,,0,0,0,0,,0
monster#84fee27d3c572f4c,,ef_obj_a362.mdl,1,,,,0,,,,,,,,,-1,,,,-1,,,-1,,,,,,,,,,,,,,,,,,,,,,,,,,,,,,,,,,,,,,,,,,,,,,,,,,,,,,,,,,,,,,,,,,,,,0,0,,,,0,0,0,0,0,0,0,1,0,,0,,1,0,0,1,,,0,0,,,,,0,,,,,,,,,,,0,0,,0,,,,0,0,0,0,,0,,,,,,,,,,,,,,0,,0,,,,,0,0,,,,,,0,,0,,0,,0,0,,,,,0,0,,0,0,0,0,,0
monster#85218c1a15e2f996,ef_obj_a194.mdl,,1,,,,0,,,,,,,,,-1,-1,,,-1,,,,,-1,,,,,,,,,,-1,,,,,,,,,,,,,,,-1,,,,,,,,,,,,,,,,,,,,,,,,,,,,,,,,-1,,,,,,,,,,0,0,,,,,0,0,0,0,0,0,1,1,,0,,1,0,0,,,,1,,,,,,1,,,,,,0,,,,,0,0,,0,,,,1,0,0,0,,,,,,,,,,,,,,,,,,0,,,,,0,0,,,,,,,1,0,,0,,0,0,,,,,3,0,,0,0,,0,,1
monster#8563edf37dd06f4d,mon5011.mdl,mon5011.mdl,1,,,,1,,,,,,-1,,,-1,,,,,,,-1,,-1,,,,,,,,,,,,,,,,,,,,,,,,,,,-1,,,-1,,,,,,,,,,,,,,,,,,,,-1,,,,,,,,-1,,,,,,,,,0,0,,,,1,0,0,0,0,0,0,1,0,,0,,0,0,0,1,,,1,0,,,,,0,,,,,,,,,,,0,0,,0,,,,0,0,1,0,,1,,,,,,,,,,,,,,0,,0,,,,,0,1,,,,,,0,,1,,0,,0,0,,,,,0,0,,0,0,0,0,,0
monster#85d74466aa91a37c,,ef_obj_a406.mdl,1,,,,1,,,,,,,,,-1,,,,,,,-1,,,,,,,,,,,,-1,,,,,,,,,,,,,,,,,,,,,,,,,,,,,,,,,,,,,,,,,,,,,,,,,,,,,,,,,0,0,,,,0,0,0,0,0,0,0,1,0,,0,,0,0,0,1,,,0,0,,,,,1,,,,,,,,,,,0,0,,0,,,,0,0,0,0,,0,,,,,,,,,,,,,,0,,0,,,,,0,0,,,,,,0,,0,,0,,0,0,,,,,0,0,,0,0,0,0,,0
monster#864a48578867f72f,,mon5200.mdl,1,,,,1,,,,,,-1,,,-1,,,,,,,-1,,,,,,,,,,,,,,,,,,,,,,,,,,,,,-1,,,,,,,,,,,,,,,,-1,,,,,,,-1,,,,,,,,-1,,,,,,,,,0,0,,,,1,0,0,0,0,0,0,1,0,,0,,0,0,0,1,,,0,0,,,,,0,,,,,,,,,,,0,0,,0,,,,0,0,1,0,,0,,,,,,,,,,,,,,1,,0,,,,,0,1,,,,,,0,,1,,0,,0,0,,,,,0,0,,0,0,0,0,,0
monster#86d02eac844faff7,,ef_obj_o006.mdl,1,,,,0,,,,,,,,,-1,-1,,,-1,,,,,,,,,,,,,,,,,,,,,,,,,,,,,,,,,,,,,,,,,,,,,,,,,,,,,,,,,,,,,,,,,,,,,,,,0,0,,,,0,0,0,0,0,0,0,1,1,,0,,1,0,0,0,,,0,0,,,,,0,,,,,,,,,,,0,0,,0,,,,0,0,0,0,,0,,,,,,,,,,,,,,0,,0,,,,,0,0,,,,,,0,,0,,0,,0,0,,,,,4,0,,0,0,0,0,,0
monster#86d720a1ded54cdd,mon5004.mdl,mon5004.mdl,1,,,,1,,,,,,-1,,,-1,,,,,,,-1,,,,,,,,,,,,,,,,,,,,,-1,,,,,,,,-1,,,-1,,,,,,,,,,,,,,,,,,,,-1,,,,,-1,,,-1,,,,,,,,,0,0,,,,1,0,0,0,0,0,0,1,0,,0,,0,0,0,1,,,0,0,,,,,0,,,,,,,,,,,1,0,,0,,,,0,0,1,0,,1,,,,,,,,,,,,,,0,,0,,,,,0,1,,,,,,1,,1,,0,,0,0,,,,,0,0,,0,0,0,0,,0
monster#877e8cb93911550c,,mon5244.mdl,1,,,,1,,,,,,-1,,-1,-1,,,,-1,,,-1,,,,,,,,,,,,-1,,,,,,,,,-1,,,,,,,,-1,,,-1,,,,,,,,,,,,,,,,,,,,,,,,,-1,,,-1,,,,,,,,,0,0,,,,1,0,0,0,0,0,1,1,0,,0,,1,0,0,1,,,0,0,,,,,1,,,,,,,,,,,1,0,,0,,,,0,0,1,0,,1,,,,,,,,,,,,,,0,,0,,,,,0,0,,,,,,1,,1,,0,,0,0,,,,,0,0,,0,0,0,0,,0
monster#87cdde3783c745b5,,mon5263.mdl,1,,,,0,-1,,,,,,,,-1,,,,,,,,,-1,,,,,,,,,,,,,,,,,,,,,,,,,,,-1,,,-1,,,,,,,,,,,,,,,,,,,,-1,,,,,,,,-1,,,,,,,,,1,0,,,,0,0,0,0,0,0,0,1,0,,0,,0,0,0,0,,,1,0,,,,,0,,,,,,,,,,,0,0,,0,,,,0,0,1,0,,1,,,,,,,,,,,,,,0,,0,,,,,0,1,,,,,,0,,1,,0,,0,0,,,,,0,0,,0,0,0,0,,0
monster#888b1975c0a39c5d,,mon5266.mdl,1,,,,1,,,,,,-1,,,-1,,,,,,,,,,,,,,,,,,,,,,,,,,,,,,,,,,-1,,-1,,,,,,,,,,,,,,,,,,,,,,,-1,,,,,,,,-1,,,,,,,,,0,0,,,,1,0,0,0,0,0,0,1,0,,0,,0,0,0,0,,,0,0,,,,,0,,,,,,,,,,,0,0,,0,,,,1,0,1,0,,0,,,,,,,,,,,,,,0,,0,,,,,0,1,,,,,,0,,1,,0,,0,0,,,,,0,0,,0,0,0,0,,0
monster#895263739a980399,,equ0013.mdl,1,,,,1,,,,,,,,,-1,,,,,,,,,-1,,,,,,,,,,-1,,,,,,,,,-1,,,,,,,,-1,,,-1,,,,,,,,,,,,,,,,,,,,-1,,,,,,,,-1,,,,,,,,,0,0,,,,0,0,0,0,0,0,0,1,0,,0,,0,0,0,0,,,1,0,,,,,1,,,,,,,,,,,1,0,,0,,,,0,0,1,0,,1,,,,,,,,,,,,,,0,,0,,,,,0,1,,,,,,0,,1,,0,,0,0,,,,,0,0,,0,0,0,0,,0
monster#897e3a20b6663701,,mon5200.mdl,1,,,,1,,,,,,-1,,,-1,,,,,,,-1,,,,,,,,,,,,,,,,,,,,,-1,,,,,,,,-1,,,,,,,,,,,,,,,,-1,,,,,,,-1,,,,,,,,-1,,,,,,,,,0,0,,,,1,0,0,0,0,0,0,1,0,,0,,0,0,0,1,,,0,0,,,,,0,,,,,,,,,,,1,0,,0,,,,0,0,1,0,,0,,,,,,,,,,,,,,1,,0,,,,,0,1,,,,,,0,,1,,0,,0,0,,,,,0,0,,0,0,0,0,,0
monster#89929517a8b3a144,,mon5230.mdl,0,,,,1,,,,,,-1,,,-1,,,,,,,,,,,,,,,,,,,-1,,,,,,,,,,,,,,,,,-1,,,,,,,,,,,,,,,,,,,,,,,,,,,,,,,,,,,,-1,,,,0,0,,,,1,0,0,0,0,0,0,1,0,,0,,0,0,0,0,,,0,0,,,,,1,,,,,,,,,,,0,0,,0,,,,0,0,1,0,,0,,,,,,,,,,,,,,0,,0,,,,,0,0,,,,,,0,,0,,0,,0,1,,,,,0,0,,0,0,0,0,,0
monster#89fbe2fdc2e610cd,mon5101.mdl,mon5101.mdl,1,,,,1,,,,,,,,,-1,-1,,,-1,-1,,-1,,,,,,,,,,,,,,,,,,,,,,,,,,,,,,,,-1,,,,,,,,,,,,,,,,,,,,-1,,,,,,,,-1,,,,,,,,,0,0,,,,0,0,0,0,0,0,0,1,1,,0,,1,1,0,1,,,0,0,,,,,0,,,,,,,,,,,0,0,,0,,,,0,0,0,0,,1,,,,,,,,,,,,,,0,,0,,,,,0,1,,,,,,0,,1,,0,,0,0,,,,,1,0,,0,0,0,0,,0
monster#8a5886e6bb0453a1,ef_obj_a148.mdl,,1,,,,1,,,,,,,,,-1,,,,,,,,,,,,,,,,,,,,,,,,-1,,,,-1,,,-1,,,,,-1,,,,,,,,,,,,,,,,,,,,,,,-1,,,,,,,-1,,,,,,-1,,,,0,0,,,,,0,0,0,0,0,0,1,0,,0,,0,0,0,,,,0,,,,,,0,,,,,,1,,,,,1,0,,1,,,,0,0,1,0,,,,,,,,,,,,,,,,,,0,,,,,0,1,,,,,,,1,0,,0,,0,1,,,,,0,0,,0,0,,0,,1
monster#8a590631f2fe80a7,ef_obj_x013.mdl,,1,,,,0,,,,,,,,,-1,,,,,,,,,-1,,,,,,,,,,,,,,,,,,,,,,,,,,-1,,,,,,,,,,,,,,,,,,,,,,,,,,,,,,,,,,,,,,,,,0,0,,,,,0,0,0,0,0,0,1,0,,0,,0,0,0,,,,1,,,,,,0,,,,,,0,,,,,0,0,,0,,,,0,1,0,0,,,,,,,,,,,,,,,,,,0,,,,,0,0,,,,,,,0,0,,0,,0,0,,,,,0,0,,0,0,,0,,0
monster#8af0d10cee58583e,,mon5260_c00.mdl,1,,,,1,,,,,,-1,,,-1,,,,,,,-1,,,,,,,-1,,,,,,,,,,,,,,,,,-1,,,-1,,-1,,,-1,,,,,,,,,,,,,-1,,,,,,,-1,,,,,,,,-1,,,,,,,,,0,0,,,,1,0,0,0,0,0,0,1,0,,0,,0,0,0,1,,,0,1,,,,,0,,,,,,,,,,,0,0,,1,,,,1,0,1,0,,1,,,,,,,,,,,,,,1,,0,,,,,0,1,,,,,,0,,1,,0,,0,0,,,,,0,0,,0,0,0,0,,0
monster#8b387b353208ed1f,,mon5231.mdl,1,,,,1,,,,,,-1,,,-1,,,,,,,,,,,,,,,,,,,,,,,,,,,,,,,,,,,,-1,,,,,,,,,,,,,,,,,,,,,,,-1,,,,,-1,,,-1,,,,,,,,,0,0,,,,1,0,0,0,0,0,0,1,0,,0,,0,0,0,0,,,0,0,,,,,0,,,,,,,,,,,0,0,,0,,,,0,0,1,0,,0,,,,,,,,,,,,,,0,,0,,,,,0,1,,,,,,1,,1,,0,,0,0,,,,,0,0,,0,0,0,0,,0
monster#8c1e322d4a643d44,ef_obj_a134.mdl,ef_obj_a405.mdl,1,,,,0,,,,,,,,,-1,,,,-1,,,,,,,,,,,,,,,-1,,,,,,,,,,,,,,,,,,,,,,,,,,,,,,,,,,,,,,,,,,,,,,,,,,,,,,,,,0,0,,,,,0,0,0,0,0,0,1,0,,0,,1,0,0,,,,0,,,,,,1,,,,,,0,,,,,0,0,,0,,,,0,0,0,0,,,,,,,,,,,,,,,,,,0,,,,,0,0,,,,,,,0,0,,0,,0,0,,,,,0,0,,0,0,,0,,0
monster#8d1ed22a7b0c83e5,mon5076.mdl,ef_obj_k000.mdl,1,,,,1,,,,,,-1,,,-1,,,,,,,,,,,,,,,,,,,,,,,,,,,,,,,,,,,,-1,,,-1,,,,,,,,,,,,,,,,,,,,-1,,,,,-1,,,-1,,,,,,,,,0,0,,,,1,0,0,0,0,0,0,1,0,,0,,0,0,0,0,,,0,0,,,,,0,,,,,,,,,,,0,0,,0,,,,0,0,1,0,,1,,,,,,,,,,,,,,0,,0,,,,,0,1,,,,,,1,,1,,0,,0,0,,,,,0,0,,0,0,0,0,,0
monster#8d476f39d7c3cb91,ef_obj_a140.mdl,,1,,,,0,,,,,,,,,-1,,,,,,,,,-1,,,,,,,,,,-1,,,,,,,,,,,,,,,,,,,,,,,,,,,,,,,,,,,,,,,,,,,,,,,-1,,,,,,-1,,,,0,0,,,,,0,0,0,0,0,0,1,0,,0,,0,0,0,,,,1,,,,,,1,,,,,,0,,,,,0,0,,0,,,,0,0,0,0,,,,,,,,,,,,,,,,,,0,,,,,0,0,,,,,,,1,0,,0,,0,1,,,,,0,0,,0,0,,0,,1
monster#8da324eeb5e486a6,ef_obj_b001.mdl,ef_obj_b001.mdl,1,,,,1,,,,,,,,,-1,,,,,,,-1,,-1,,,,,,,,,,,,,,,,,,,,,,-1,,,,,-1,,,,,,,,,,,,,,,,,,,,,,,,,,,,,,,,,,,,,,,,0,0,,,,0,0,0,0,0,0,0,1,0,,0,,0,0,0,1,,,1,0,,,,,0,,,,,,,,,,,0,0,,1,,,,0,0,1,0,,0,,,,,,,,,,,,,,0,,0,,,,,0,0,,,,,,0,,0,,0,,0,0,,,,,0,0,,0,0,0,0,,0
monster#8e3e9c3ff2c8f795,,mon5264.mdl,1,,,,1,,,,,,-1,,,-1,,,,,,,,,,,,,,-1,,,,,,,,,,,,,,,,,,,,-1,,-1,,,-1,,,,,,,,,,,,,-1,,,,,,,-1,,,,,-1,,,-1,,,,,,,,,0,0,,,,1,0,0,0,0,0,0,1,0,,0,,0,0,0,0,,,0,1,,,,,0,,,,,,,,,,,0,0,,0,,,,1,0,1,0,,1,,,,,,,,,,,,,,1,,0,,,,,0,1,,,,,,1,,1,,0,,0,0,,,,,0,0,,0,0,0,0,,0
monster#8e76886cedaed7a1,,mon5265.mdl,0,,,,1,,,,,,-1,,,-1,-1,,,,,,,,,,,,,,,,,,,,,,,,,,,-1,,,,,,,,-1,,,-1,,,,,,,,,,,,,,,,,,,,-1,,,,,,,,-1,,,,,-1,,,,0,0,,,,1,0,0,0,0,0,0,1,1,,0,,0,0,0,0,,,0,0,,,,,0,,,,,,,,,,,1,0,,0,,,,0,0,1,0,,1,,,,,,,,,,,,,,0,,0,,,,,0,1,,,,,,0,,1,,0,,0,1,,,,,0,0,,0,0,0,0,,0
monster#8f23d6ad72e0e778,,mon5256.mdl,1,,,,0,,,,,,-1,,,-1,,,,,,,-1,,,,,,,,,,,,,,,,,,,,,,,,,,,,,-1,,,-1,,,,,,,,,,,,,,,,,,,,-1,,,,,-1,,,-1,,,,,,,,,0,0,,,,1,0,0,0,0,0,0,1,0,,0,,0,0,0,1,,,0,0,,,,,0,,,,,,,,,,,0,0,,0,,,,0,0,1,0,,1,,,,,,,,,,,,,,0,,0,,,,,0,1,,,,,,1,,1,,0,,0,0,,,,,0,0,,0,0,0,0,,0
monster#9038ea3777fe52a0,ef_obj_b004.mdl,ef_obj_b004.mdl,1,,,,0,,,,,,,,,-1,,,,,,,,,,,,,,,,,,,,,,,,,,,,,,,,,,,,,,,,,,,,,,,,,,,,,,,,,,,,,,,,,,,,,,,,,,,,0,0,,,,0,0,0,0,0,0,0,1,0,,0,,0,0,0,0,,,0,0,,,,,0,,,,,,,,,,,0,0,,0,,,,0,0,0,0,,0,,,,,,,,,,,,,,0,,0,,,,,0,0,,,,,,0,,0,,0,,0,0,,,,,1,0,,0,0,0,0,,0
monster#906d20901daab2b2,ef_obj_d005.mdl,,0,,,,0,,,,,,,,,-1,,,,-1,,,,,,,,,,,,,,,-1,,,,,,,,,,,,,,,,-1,,,,,,,,,,,,,,,,,,,,,,,,,,,,,,,,,,,,,,,,,0,0,,,,,0,0,0,0,0,0,1,0,,0,,1,0,0,,,,0,,,,,,1,,,,,,0,,,,,0,0,,0,,,,0,1,0,0,,,,,,,,,,,,,,,,,,0,,,,,0,0,,,,,,,0,0,,0,,0,0,,,,,0,0,,0,0,,0,,0
monster#90a81a506939114b,,ef_shp_o010.mdl,1,,,,0,,,,,,,,,,,,,-1,-1,,,,-1,,,,,,,,,,,,,,,,,,,,,,,,,,,,,,,,,,,,,,,,,,,,,,,,,,,,,,,,,,,,,,,-1,,,,0,0,,,,0,0,0,0,0,0,0,0,0,,0,,1,1,0,0,,,1,0,,,,,0,,,,,,,,,,,0,0,,0,,,,0,0,0,0,,0,,,,,,,,,,,,,,0,,0,,,,,0,0,,,,,,0,,0,,0,,0,1,,,,,3,0,,0,0,0,0,,0
monster#91b12370b5b57705,ef_obj_a297.mdl,ef_obj_a297.mdl,1,,,,0,,,,,,,,,-1,,,,,,,,,,,,,,,,,,,,,,,,,,,,,,,,,,,,-1,,,-1,,,,,,,,,,,,,,,,,,,,-1,,,,,,,,,,,,,,,,,0,0,,,,0,0,0,0,0,0,0,1,0,,0,,0,0,0,0,,,0,0,,,,,0,,,,,,,,,,,0,0,,0,,,,0,0,1,0,,1,,,,,,,,,,,,,,0,,0,,,,,0,1,,,,,,0,,0,,0,,0,0,,,,,0,0,,0,0,0,0,,0
monster#930f4f91b83d8dce,,ef_obj_o020.mdl,1,,,,0,-1,,,,,,,,-1,,,,,,,-1,,,-1,,,-1,,,,,,,,,,,,,,,,,,,,,,,-1,,,-1,,,,,,,,,,,,,-1,,,,,,,-1,,,,,,,,,,,,,-1,,,,1,0,,,,0,0,1,0,0,1,0,1,0,,0,,0,0,0,1,,,0,0,,,,,0,,,,,,,,,,,0,0,,0,,,,0,0,1,0,,1,,,,,,,,,,,,,,1,,0,,,,,0,1,,,,,,0,,0,,0,,0,1,,,,,3,0,,0,0,0,0,,0
monster#9421f8375f14fef2,ef_obj_a183.mdl,ef_obj_a359.mdl,1,,,,0,,,,,,,,,-1,,,,-1,,,,,,,,,,,,,,,,,,,,,,,,,,,,,,,,,,,,,,,,,,,,,,,,,,,,,,,,,,,,,,,,,,,,,,,,0,0,,,,,0,0,0,0,0,0,1,0,,0,,1,0,0,,,,0,,,,,,0,,,,,,0,,,,,0,0,,0,,,,0,0,0,0,,,,,,,,,,,,,,,,,,0,,,,,0,0,,,,,,,0,0,,0,,0,0,,,,,0,0,,0,0,,0,,0
monster#9436d9e3ebf2b9bb,ef_obj_a115.mdl,,1,,,,0,,,,,,,,,-1,,,,,,,,,,,,,,,,,,,,,,,,-1,,,,-1,,,,,,,,-1,,,,,,,,,,,,,,,,,,,,,,,-1,,,,,,,,-1,,,,,,,,,0,0,,,,,0,0,0,0,0,0,1,0,,0,,0,0,0,,,,0,,,,,,0,,,,,,1,,,,,1,0,,0,,,,0,0,1,0,,,,,,,,,,,,,,,,,,0,,,,,0,1,,,,,,,0,1,,0,,0,0,,,,,0,0,,0,0,,0,,0
monster#9539c6f954438544,,ef_obj_o016.mdl,1,,,,0,,,,,,-1,,,-1,,,,-1,,,,,,,,,,,,,,,,,,,,,,,,,,,,,,,,,,,-1,,,,,,,,,,,,,,,,,,,,-1,,,,,,,,,,,,,,,,,0,0,,,,1,0,0,0,0,0,0,1,0,,0,,1,0,0,0,,,0,0,,,,,0,,,,,,,,,,,0,0,,0,,,,0,0,0,0,,1,,,,,,,,,,,,,,0,,0,,,,,0,1,,,,,,0,,0,,0,,0,0,,,,,0,0,,0,0,0,0,,0
monster#95e83bac3a1da108,ef_obj_a130.mdl,ef_obj_a130.mdl,1,,,,1,,,,,,,,,-1,,,,,,,,,,,,,,,,,,,,,,,,,,,,,,,-1,,,,,-1,,,,,,,,,,,,,,,,,,,,,,,-1,,,,,,,,-1,,,,,,,,,0,0,,,,,0,0,0,0,0,0,1,0,,0,,0,0,0,,,,0,,,,,,0,,,,,,0,,,,,0,0,,1,,,,0,0,1,0,,,,,,,,,,,,,,,,,,0,,,,,0,1,,,,,,,0,1,,0,,0,0,,,,,0,0,,0,0,,0,,0
monster#95e9a74b42df7428,,ef_obj_a397.mdl,1,,,,1,,,,,,-1,,,-1,,,,,,,-1,,,,,,,-1,,,,,,,,,,,,,,-1,,,-1,,,,,-1,,,-1,,,,,,,,,,,,,,,,,,,,-1,,,,,,,,-1,,,,,,,,,0,0,,,,1,0,0,0,0,0,0,1,0,,0,,0,0,0,1,,,0,1,,,,,0,,,,,,,,,,,1,0,,1,,,,0,0,1,0,,1,,,,,,,,,,,,,,0,,0,,,,,0,1,,,,,,0,,1,,0,,0,0,,,,,0,0,,0,0,0,0,,0
monster#961347143b3a1e4a,mon5073.mdl,mon5073.mdl,1,,,,1,,,,,,,,,-1,,,,,,,,,,,,,,,,,,,,,,,,,,,,,,,,,,,,-1,,,-1,,,,,,,,,,,,,,,,,,,,-1,,,,,-1,,,-1,,,,,,,,,0,0,,,,0,0,0,0,0,0,0,1,0,,0,,0,0,0,0,,,0,0,,,,,0,,,,,,,,,,,0,0,,0,,,,0,0,1,0,,1,,,,,,,,,,,,,,0,,0,,,,,0,1,,,,,,1,,1,,0,,0,0,,,,,0,0,,0,0,0,0,,0
monster#96dd739329f65ce5,,mon5253.mdl,1,,,,1,,,,,,-1,,,-1,,,,,,,,,,,,,,-1,,,,,,,,,,,,,,-1,,,,,,-1,,-1,,,-1,,,,,,,,,,,,,,,,,,,,-1,,,,,,,,-1,,,,,-1,,,,0,0,,,,1,0,0,0,0,0,0,1,0,,0,,0,0,0,0,,,0,1,,,,,0,,,,,,,,,,,1,0,,0,,,,1,0,1,0,,1,,,,,,,,,,,,,,0,,0,,,,,0,1,,,,,,0,,1,,0,,0,1,,,,,0,0,,0,0,0,0,,0
monster#9786f6c0bd52cf4d,mon5039.mdl,ef_obj_a400.mdl,1,,,,1,,,,,,-1,,,-1,,,,,,,-1,,,,,,,-1,,,,,,,,,,,,,,-1,,,,,,,,-1,,,-1,,,,,,,,,,,,,-1,,,,,,,-1,,,,,,,,-1,,,,,,,,,0,0,,,,1,0,0,0,0,0,0,1,0,,0,,0,0,0,1,,,0,1,,,,,0,,,,,,,,,,,1,0,,0,,,,0,0,1,0,,1,,,,,,,,,,,,,,1,,0,,,,,0,1,,,,,,0,,1,,0,,0,0,,,,,0,0,,0,0,0,0,,0
monster#98004348f80eb547,ef_obj_a053.mdl,,1,,,,1,,,,,,,,,-1,,,,,,,,,,,,,,,,,,,,,,,,,,,,,,,-1,,,,,-1,,,,,,,,,,,,,,,,,,,,,,,,,,,,,,,-1,,,,,,,,,0,0,,,,,0,0,0,0,0,0,1,0,,0,,0,0,0,,,,0,,,,,,0,,,,,,0,,,,,0,0,,1,,,,0,0,1,0,,,,,,,,,,,,,,,,,,0,,,,,0,0,,,,,,,0,1,,0,,0,0,,,,,0,0,,0,0,,0,,0
monster#982c19aeec668738,mon5010.mdl,mon5010.mdl,1,,,,1,,,,,,-1,,,-1,,,,-1,,,-1,,,,,,,,,,,,,,,,,,,,,,,,,,,,,,,,-1,,,,,,,,,,,,,,,,,,,,,,,,,-1,,,-1,,,,,,,,,0,0,,,,1,0,0,0,0,0,0,1,0,,0,,1,0,0,1,,,0,0,,,,,0,,,,,,,,,,,0,0,,0,,,,0,0,0,0,,1,,,,,,,,,,,,,,0,,0,,,,,0,0,,,,,,1,,1,,0,,0,0,,,,,0,0,,0,0,0,0,,0
monster#984a4bf0fd1fa8e5,,mon5219_c10.mdl,1,,,,1,,,,,,-1,,,-1,,,,,,,,,,,,,,,,,,,,,,,,,,,,,,,,,,,,-1,,,-1,,,,,,,,,,,,,,,,,,,,-1,,,,,,,,-1,,,,,,,,,0,0,,,,1,0,0,0,0,0,0,1,0,,0,,0,0,0,0,,,0,0,,,,,0,,,,,,,,,,,0,0,,0,,,,0,0,1,0,,1,,,,,,,,,,,,,,0,,0,,,,,0,1,,,,,,0,,1,,0,,0,0,,,,,0,0,,0,0,0,0,,0
monster#98631e675465b296,,mon5264.mdl,1,,,,1,-1,,,,,-1,,,-1,,,,,,,,,-1,,,,,-1,,,,,,,,,,,,,,,,,,,,-1,,-1,,,-1,,,,,,,,,,,,,-1,,,,,,,-1,,,,,-1,,,-1,,,,,,,,,1,0,,,,1,0,0,0,0,0,0,1,0,,0,,0,0,0,0,,,1,1,,,,,0,,,,,,,,,,,0,0,,0,,,,1,0,1,0,,1,,,,,,,,,,,,,,1,,0,,,,,0,1,,,,,,1,,1,,0,,0,0,,,,,0,0,,0,0,0,0,,0
monster#98f68a28f4ea3261,mon5102.mdl,mon5102.mdl,1,,,,1,,,,,,-1,,,-1,-1,,-1,,-1,,-1,,,,,,,,,,,,,,,,,,,,,-1,,,,,,,,-1,,,-1,,,,,,,,,,,,,,,,,,,,-1,,,,,,,,-1,,,,,,,,,0,0,,,,1,0,0,0,0,0,0,1,1,,1,,0,1,0,1,,,0,0,,,,,0,,,,,,,,,,,1,0,,0,,,,0,0,1,0,,1,,,,,,,,,,,,,,0,,0,,,,,0,1,,,,,,0,,1,,0,,0,0,,,,,1,1,,0,0,0,0,,0
monster#99833e845f4fe0a0,,ef_shp_o012.mdl,1,,,,0,,,,,,,,,,,,,,,,,,,,,,,,,,,,,,,,,,,,,,,,,,,,-1,,,,,,,,,,,,,,,,,,,,,,,,,,,,,,,,,,,,,,,,,0,0,,,,0,0,0,0,0,0,0,0,0,,0,,0,0,0,0,,,0,0,,,,,0,,,,,,,,,,,0,0,,0,,,,0,1,0,0,,0,,,,,,,,,,,,,,0,,0,,,,,0,0,,,,,,0,,0,,0,,0,0,,,,,0,0,,0,0,0,0,,0
monster#9a0a8cfd2196647e,mon5067.mdl,mon5067.mdl,1,,,,1,,,,,,-1,,,-1,,,,,,,-1,,-1,,,,,-1,,,,,,,,,,,,,,,,,,,,,,-1,,,-1,,,,,,,,,,,,,,,,,,,,-1,,,,,,,,-1,,,,,,,,,0,0,,,,1,0,0,0,0,0,0,1,0,,0,,0,0,0,1,,,1,1,,,,,0,,,,,,,,,,,0,0,,0,,,,0,0,1,0,,1,,,,,,,,,,,,,,0,,0,,,,,0,1,,,,,,0,,1,,0,,0,0,,,,,0,0,,0,0,0,0,,0
monster#9a70e20cc7139eb9,,ef_obj_b009.mdl,1,,,,0,,,,,,,,,,,,,,,,,,,,,,,,,,,,,,,,,,,,,,,,,,,,,,,,,,,,,,,,,,,,,,,,,,,,,,,,,,,,-1,,,,,-1,,,,0,0,,,,0,0,0,0,0,0,0,0,0,,0,,0,0,0,0,,,0,0,,,,,0,,,,,,,,,,,0,0,,0,,,,0,0,0,0,,0,,,,,,,,,,,,,,0,,0,,,,,0,0,,,,,,0,,1,,0,,0,1,,,,,0,0,,0,0,0,0,,0
monster#9ac6034b23b1e73d,ef_obj_b007.mdl,,1,,,,0,,,,,,,,,-1,,,,,,,,,,,,,,,,,,,,,,,,,,,,,,,,,,,,,,,,,,,,,,,,,,,,,,-1,,,,,,,,,,,,,,,,,,-1,,,,0,0,,,,,0,0,0,0,0,0,1,0,,0,,0,0,0,,,,0,,,,,,0,,,,,,0,,,,,0,0,,0,,,,0,0,0,0,,,,,,,,,,,,,,,,,,1,,,,,0,0,,,,,,,0,0,,0,,0,1,,,,,0,0,,0,0,,0,,0
monster#9aeba6d3bee77a9e,,mon5254_c10.mdl,1,,,,1,,,,,,,,,-1,,,,,,,-1,,,,,,,,,,,,,,,,,,,,,,,,,,,,,,,,,,,,,,,,,,,,,,,,,,,,-1,,,,,,,,-1,,,,,,,,,0,0,,,,0,0,0,0,0,0,0,1,0,,0,,0,0,0,1,,,0,0,,,,,0,,,,,,,,,,,0,0,,0,,,,0,0,0,0,,0,,,,,,,,,,,,,,0,,0,,,,,0,1,,,,,,0,,1,,0,,0,0,,,,,0,0,,0,0,0,0,,0
monster#9bda7dc77f1fccb0,ef_obj_a013.mdl,ef_obj_a013.mdl,1,,,,1,,,,,,,,,-1,,,,,,,,,-1,,,,,-1,,,,,,,,,,,,,,-1,,,-1,,,,,-1,,,-1,,,,,,,,,,,,,,,,,,,,-1,,,,,,,,-1,,,,,,,,,0,0,,,,0,0,0,0,0,0,0,1,0,,0,,0,0,0,0,,,1,1,,,,,0,,,,,,,,,,,1,0,,1,,,,0,0,1,0,,1,,,,,,,,,,,,,,0,,0,,,,,0,1,,,,,,0,,1,,0,,0,0,,,,,0,0,,0,0,0,0,,0
monster#9c147e0fc9c0b2ec,,mon5262.mdl,1,,,,0,,,,,,-1,,,-1,,,,,,,-1,,,,,,,,,,,,,,,,,,,,,,,,,,,,,-1,,,-1,,,,,,,,,,,,,-1,,,,,,,-1,,,,,-1,,,-1,,,,,,,,,0,0,,,,1,0,0,0,0,0,0,1,0,,0,,0,0,0,1,,,0,0,,,,,0,,,,,,,,,,,0,0,,0,,,,0,0,1,0,,1,,,,,,,,,,,,,,1,,0,,,,,0,1,,,,,,1,,1,,0,,0,0,,,,,0,0,,0,0,0,0,,0
monster#9c27c2d1dc303416,,mon5255.mdl,1,,,,0,,,,,,-1,,,-1,,,,,,,,,,,,,,,,,,,,,,,,,,,,,,,,,,,,,,,-1,,,,,,,,,,,,,,,,,,,,-1,,,,,-1,,,-1,,,,,-1,,,,0,0,,,,1,0,0,0,0,0,0,1,0,,0,,0,0,0,0,,,0,0,,,,,0,,,,,,,,,,,0,0,,0,,,,0,0,0,0,,1,,,,,,,,,,,,,,0,,0,,,,,0,1,,,,,,1,,1,,0,,0,1,,,,,0,0,,0,0,0,0,,0
monster#9c9f97ba00f51012,,mon5040.mdl,1,,,,1,,,,,,-1,,,-1,,,,,,,-1,,,,,,,-1,,,,,,,,,,,,,,-1,,,-1,,,,,-1,,,-1,,,,,,,,,,,,,-1,,,,,,,-1,,,,,,,,-1,,,,,,,,,0,0,,,,1,0,0,0,0,0,0,1,0,,0,,0,0,0,1,,,0,1,,,,,0,,,,,,,,,,,1,0,,1,,,,0,0,1,0,,1,,,,,,,,,,,,,,1,,0,,,,,0,1,,,,,,0,,1,,0,,0,0,,,,,0,0,,0,0,0,0,,0
monster#9d188bb441d7824c,mon5077.mdl,mon5077.mdl,1,,,,0,,,,,,,,,-1,,,,,,,,,,,,,,,,,,,,,,,,,,,,,,,,,,,,-1,,,-1,,,,,,,,,,,,,,,,,,,,-1,,,,,-1,,,-1,,,,,,,,,0,0,,,,0,0,0,0,0,0,0,1,0,,0,,0,0,0,0,,,0,0,,,,,0,,,,,,,,,,,0,0,,0,,,,0,0,1,0,,1,,,,,,,,,,,,,,0,,0,,,,,0,1,,,,,,1,,1,,0,,0,0,,,,,0,0,,0,0,0,0,,0
monster#9f4eacb2e1f1dc2d,,etc1200.mdl,1,,,,1,,,,,,,,,-1,-1,,,,-1,,,,,,,,,,,,,,,,,,,,,,,,,,,,,,,,,,,,,,,,,,,,,,,,,,,,,,,,,,,,,,,,,,,,,,,0,0,,,,0,0,0,0,0,0,0,1,1,,0,,0,1,0,0,,,0,0,,,,,0,,,,,,,,,,,0,0,,0,,,,0,0,0,0,,0,,,,,,,,,,,,,,0,,0,,,,,0,0,,,,,,0,,0,,0,,0,0,,,,,1,0,,0,0,0,0,,0
monster#a03cc6a73d416735,,ef_obj_a358b.mdl,1,,,,0,,,,,,,,,-1,,,,-1,,,-1,,,,,,,,,,,,,,,,,,,,,,,,,,,,,,,,-1,,,,,,,,,,,,,,,,,,,,-1,,,,,,,,,,,,,,,,,0,0,,,,0,0,0,0,0,0,0,1,0,,0,,1,0,0,1,,,0,0,,,,,0,,,,,,,,,,,0,0,,0,,,,0,0,0,0,,1,,,,,,,,,,,,,,0,,0,,,,,0,1,,,,,,0,,0,,0,,0,0,,,,,0,0,,0,0,0,0,,0
monster#a0a1344dc32afdf1,,mon5253.mdl,1,,,,1,,,,,,-1,,,-1,-1,,,,,,,,,,,,,,,,,,-1,,,,,,,,,,,,,,,,,-1,,,,,,,,,,,,,,,,,,,,,,,-1,,,,,,,,,,,,,-1,,,,0,0,,,,1,0,0,0,0,0,0,1,1,,0,,0,0,0,0,,,0,0,,,,,1,,,,,,,,,,,0,0,,0,,,,0,0,1,0,,0,,,,,,,,,,,,,,0,,0,,,,,0,1,,,,,,0,,0,,0,,0,1,,,,,0,0,,0,0,0,0,,0
monster#a0a5d7cce71dca2e,,ef_obj_e001.mdl,1,,,,1,,,,,,,,,-1,,,,,,,-1,,,,,,,,,,,,,,,,,,,,,,,,,,,,,-1,,,-1,,,,,,,,,,,,,,,,,,,,,,,,,-1,,,-1,,,,,,,,,0,0,,,,0,0,0,0,0,0,0,1,0,,0,,0,0,0,1,,,0,0,,,,,0,,,,,,,,,,,0,0,,0,,,,0,0,1,0,,1,,,,,,,,,,,,,,0,,0,,,,,0,0,,,,,,1,,1,,0,,0,0,,,,,0,0,,0,0,0,0,,0
monster#a14d263124ee4d6e,,mon5224_Basic.mdl,1,,,,1,,,,,,-1,,,-1,,,,,,,,,,,,,,,,,,,,,,,,,,,,,,,,,,,,-1,,,,,,,,,,,,,,,,,,,,,,,-1,,,,,,,,,,,,,,,,,0,0,,,,1,0,0,0,0,0,0,1,0,,0,,0,0,0,0,,,0,0,,,,,0,,,,,,,,,,,0,0,,0,,,,0,0,1,0,,0,,,,,,,,,,,,,,0,,0,,,,,0,1,,,,,,0,,0,,0,,0,0,,,,,0,0,,0,0,0,0,,0
monster#a14d9f37507b3127,mon5040.mdl,ef_obj_a346.mdl,1,,,,0,,,,,,-1,,,-1,,,,,,,-1,,-1,,,,,,,,,,,,,,,,,,,-1,,,,,,,,-1,,,-1,,,,,,,,,,,,,,,,,,,,-1,,,,,,,,-1,,,,,,,,,0,0,,,,1,0,0,0,0,0,0,1,0,,0,,0,0,0,1,,,1,0,,,,,0,,,,,,,,,,,1,0,,0,,,,0,0,1,0,,1,,,,,,,,,,,,,,0,,0,,,,,0,1,,,,,,0,,1,,0,,0,0,,,,,0,0,,0,0,0,0,,0
monster#a290548376eba332,,mon5261.mdl,1,,,,0,,,,,,,,,-1,,,,,,,,,,,,,,,,,,,,,,,,,,,,-1,,,,,,-1,,-1,,,-1,,,,,,,,,,,,,-1,,,,,,,-1,,,,,,,,-1,,-1,,,-1,,,,0,0,,,,0,0,0,0,0,0,0,1,0,,0,,0,0,0,0,,,0,0,,,,,0,,,,,,,,,,,1,0,,0,,,,1,0,1,0,,1,,,,,,,,,,,,,,1,,0,,,,,0,1,,,,,,0,,1,,1,,0,1,,,,,0,0,,0,0,0,0,,0
monster#a39a60a5195c2c0b,,ef_obj_a401.mdl,1,,,,0,,,,,,-1,,,-1,,,,,,,-1,,,,,,,,,,,,-1,,,,,,,,,,,,,,,-1,,,,,,,,,,,,,,,,,,,,,,,,,-1,,,,,,,,-1,,,,,,,,,0,0,,,,1,0,0,0,0,0,0,1,0,,0,,0,0,0,1,,,0,0,,,,,1,,,,,,,,,,,0,0,,0,,,,1,0,0,0,,0,,,,,,,,,,,,,,0,,0,,,,,0,1,,,,,,0,,1,,0,,0,0,,,,,0,0,,0,0,0,0,,0
monster#a3c9ffe79f62da25,mon9997.mdl,mon5240_c10.mdl,1,,,,1,,,,,,,,,-1,,,,,,,,,,,,,,,,,,,,,,,,,,,,,,,,,,,,-1,,,-1,,,,,,,,,,,,,-1,,,,,,,-1,,,,,,,,-1,,,,,,,,,0,0,,,,0,0,0,0,0,0,0,1,0,,0,,0,0,0,0,,,0,0,,,,,0,,,,,,,,,,,0,0,,0,,,,0,0,1,0,,1,,,,,,,,,,,,,,1,,0,,,,,0,1,,,,,,0,,1,,0,,0,0,,,,,0,0,,0,0,0,0,,0
monster#a3f491535ba804e1,mon5103.mdl,mon5103.mdl,1,,,,1,,,,,,-1,,,-1,,,,,,,-1,,,,,,,,,,,,,,,,,,,,,-1,,,,,,,,-1,,,-1,,,,,,,,,,,,,-1,,,,,,,-1,,,,,,,,-1,,,,,,,,,0,0,,,,1,0,0,0,0,0,0,1,0,,0,,0,0,0,1,,,0,0,,,,,0,,,,,,,,,,,1,0,,0,,,,0,0,1,0,,1,,,,,,,,,,,,,,1,,0,,,,,0,1,,,,,,0,,1,,0,,0,0,,,,,1,0,,0,0,0,0,,0
monster#a4b50ece669a486f,,mon5252.mdl,1,,,,1,,,,,,-1,,,-1,,,,,,,-1,,,,,,,,,,,,-1,,,,,,,,,,,,,,,,,,,,,,,,,,,,,,,,,,,,,,,,,,,,,,,,,,,,,,,,,0,0,,,,1,0,0,0,0,0,0,1,0,,0,,0,0,0,1,,,0,0,,,,,1,,,,,,,,,,,0,0,,0,,,,0,0,0,0,,0,,,,,,,,,,,,,,0,,0,,,,,0,0,,,,,,0,,0,,0,,0,0,,,,,0,0,,0,0,0,0,,0
monster#a5245a5f28cff1c3,ef_obj_a015.mdl,,1,,,,1,,,,,,,-1,,-1,,,,,,,,,,,,,,,,,,,,,,,,,,,,-1,,,,,,,,-1,,,,,,,,,,,,,,,,,,,,,,,-1,,,,,,,,-1,,,,,,,,,0,0,,,,,1,0,0,0,0,0,1,0,,0,,0,0,0,,,,0,,,,,,0,,,,,,0,,,,,1,0,,0,,,,0,0,1,0,,,,,,,,,,,,,,,,,,0,,,,,0,1,,,,,,,0,1,,0,,0,0,,,,,0,0,,0,0,,0,,0
monster#a5b3ec71d7366da6,,mon5071.mdl,1,,,,1,,,,,,,,,-1,,,,,,,-1,,-1,,,,,-1,,,,,,,,,,,,,,-1,,,,,,,,-1,,,-1,,,,,,,,,,,,,-1,,,,,,,-1,,,,,,,,-1,,,,,,,,,0,0,,,,0,0,0,0,0,0,0,1,0,,0,,0,0,0,1,,,1,1,,,,,0,,,,,,,,,,,1,0,,0,,,,0,0,1,0,,1,,,,,,,,,,,,,,1,,0,,,,,0,1,,,,,,0,,1,,0,,0,0,,,,,0,0,,0,0,0,0,,0
monster#a5fcd9d29cae4914,chrm000_mat.mdl,chrm000_mat.mdl,1,,,,0,,,,,,,,,-1,,,,,,,,,,,,,,,,,,,,,,,,,,,,,,,,,,,,,,,,,,,,,,,,,,,,,,,,,,,,,,,,,,,,,,,,,,,,0,0,,,,0,0,0,0,0,0,0,1,0,,0,,0,0,0,0,,,0,0,,,,,0,,,,,,,,,,,0,0,,0,,,,0,0,0,0,,0,,,,,,,,,,,,,,0,,0,,,,,0,0,,,,,,0,,0,,0,,0,0,,,,,0,0,,0,0,0,0,,0
monster#a71bff5ba83726f4,,ef_obj_o011.mdl,1,,,,0,-1,,,,,,,,-1,,,,-1,,,,,-1,,,,,,,,,,,,,,,,,,,,,,,,,,,,,,,,,,,,,,,,,,,,,,,,,,-1,,,,,,,,,,,,,,,,,1,0,,,,0,0,0,0,0,0,0,1,0,,0,,1,0,0,0,,,1,0,,,,,0,,,,,,,,,,,0,0,,0,,,,0,0,0,0,,0,,,,,,,,,,,,,,0,,0,,,,,0,1,,,,,,0,,0,,0,,0,0,,,,,0,0,,0,0,0,0,,0
monster#a78da8a1bc26d859,,mon5260.mdl,1,,,,0,,,,,,-1,,,-1,,,,,,,-1,,,,,,,-1,,,,,-1,,,,,,,,,,,,,,,,,,,,-1,,,,,,,,,,,,,,,,,,,,-1,,,,,,,,-1,,,,,,,,,0,0,,,,1,0,0,0,0,0,0,1,0,,0,,0,0,0,1,,,0,1,,,,,1,,,,,,,,,,,0,0,,0,,,,0,0,0,0,,1,,,,,,,,,,,,,,0,,0,,,,,0,1,,,,,,0,,1,,0,,0,0,,,,,0,0,,0,0,0,0,,0
monster#a83aaa913c99cd2a,,mon5077_c00.mdl,1,,,,0,,,,,,-1,,,-1,,,,,,,,,,,,,,-1,,,,,,,,,,,,,,,,,,,,,,-1,,,-1,,,,,,,,,,,,,-1,,,,,,,-1,,,,,-1,,,-1,,,,,,,,,0,0,,,,1,0,0,0,0,0,0,1,0,,0,,0,0,0,0,,,0,1,,,,,0,,,,,,,,,,,0,0,,0,,,,0,0,1,0,,1,,,,,,,,,,,,,,1,,0,,,,,0,1,,,,,,1,,1,,0,,0,0,,,,,0,0,,0,0,0,0,,0
monster#a89039521d80b2fd,mon5103.mdl,mon5103.mdl,1,,,,0,,,,,,-1,,,-1,,,,,,,-1,,,,,,,,,,,,,,,,,,,,,-1,,,-1,,,,,-1,,,-1,,,,,,,,,,,,,-1,,,,,,,-1,,,,,,,,-1,,,,,,,,,0,0,,,,1,0,0,0,0,0,0,1,0,,0,,0,0,0,1,,,0,0,,,,,0,,,,,,,,,,,1,0,,1,,,,0,0,1,0,,1,,,,,,,,,,,,,,1,,0,,,,,0,1,,,,,,0,,1,,0,,0,0,,,,,0,0,,0,0,0,0,,0
monster#a9727f05360ee2e9,,mon5251.mdl,0,,,,1,,,,,,-1,,,-1,,,,,,,-1,,,,,,,,,,,,,,,,,,,,,-1,,,,,,,,-1,,,-1,,,,,,,,,,,,,,,,,,,,-1,,,,,,,,-1,,,,,-1,,,,0,0,,,,1,0,0,0,0,0,0,1,0,,0,,0,0,0,1,,,0,0,,,,,0,,,,,,,,,,,1,0,,0,,,,0,0,1,0,,1,,,,,,,,,,,,,,0,,0,,,,,0,1,,,,,,0,,1,,0,,0,1,,,,,0,0,,0,0,0,0,,0
monster#a9e3f9f4367b8b93,ef_obj_a036.mdl,,1,,,,0,,,,,,,,,-1,,,,,,,,,,,,,,,,,,,,,,,,,,,,,,,,,,,,,,,,,,,,,,,,,,,,,,,,,,,,,,,,,,-1,,,,,,,,,,0,0,,,,,0,0,0,0,0,0,1,0,,0,,0,0,0,,,,0,,,,,,0,,,,,,0,,,,,0,0,,0,,,,0,0,0,0,,,,,,,,,,,,,,,,,,0,,,,,0,0,,,,,,,1,0,,0,,0,0,,,,,0,0,,0,0,,0,,1
monster#aac22aa947e903f6,,ef_obj_g007.mdl,1,,,,0,,,,,,,,,-1,,,,,,,-1,,,,,,,,,,,,,,,,,,,,,-1,,,,,,,,-1,,,-1,,,,,,,,,,,,,-1,,,,,,,-1,,,,,,,,-1,,,,,,,,,0,0,,,,0,0,0,0,0,0,0,1,0,,0,,0,0,0,1,,,0,0,,,,,0,,,,,,,,,,,1,0,,0,,,,0,0,1,0,,1,,,,,,,,,,,,,,1,,0,,,,,0,1,,,,,,0,,1,,0,,0,0,,,,,0,0,,0,0,0,0,,0
monster#ab3614cd77e09e19,,ef_obj_a406.mdl,1,,,,1,,,,,,,,,-1,-1,,,,-1,,-1,,,,,,,,,,,,,,,,,,,,,,,,,,,,,,,,,,,,,,,,,,,,,,,,,,,,,,,,,,,,,,,,,,,,,0,0,,,,0,0,0,0,0,0,0,1,1,,0,,0,1,0,1,,,0,0,,,,,0,,,,,,,,,,,0,0,,0,,,,0,0,0,0,,0,,,,,,,,,,,,,,0,,0,,,,,0,0,,,,,,0,,0,,0,,0,0,,,,,1,0,,0,0,0,0,,0
monster#ab3f97d703ca9ce0,mon5008.mdl,mon5008.mdl,1,,,,0,,,,,,-1,,,-1,,,,,,,,,,,,,,,,,,,,,,,,,,,,,,,-1,,,,,-1,,,,,,,,,,,,,,,,,,,,,,,,,,,,-1,,,,,,,,,,,,0,0,,,,1,0,0,0,0,0,0,1,0,,0,,0,0,0,0,,,0,0,,,,,0,,,,,,,,,,,0,0,,1,,,,0,0,1,0,,0,,,,,,,,,,,,,,0,,0,,,,,0,0,,,,,,1,,0,,0,,0,0,,,,,0,0,,0,0,0,0,,0
monster#ac8b19b60b1220fb,ef_obj_w035.mdl,ef_obj_w035.mdl,1,,,,0,,,,,,,,,-1,,,,,,,,,-1,,,,,,,,,,,,,,,,,,,,,,,,,,,,,,,,,,,,,,,,,,,,,,,,,,,,,,,,,,,,,,,,,,,0,0,,,,0,0,0,0,0,0,0,1,0,,0,,0,0,0,0,,,1,0,,,,,0,,,,,,,,,,,0,0,,0,,,,0,0,0,0,,0,,,,,,,,,,,,,,0,,0,,,,,0,0,,,,,,0,,0,,0,,0,0,,,,,0,0,,0,0,0,0,,0
monster#ac8fe9ad71f33259,,mon5217.mdl,1,,,,0,,,,,,-1,,,-1,,,,,,,,,-1,,,,,,,,,,,,,,,,,,,,,,,,,,,-1,,,-1,,,,,,,,,,,,,-1,,,,,,,-1,,,,,,,,-1,,,,,,,,,0,0,,,,1,0,0,0,0,0,0,1,0,,0,,0,0,0,0,,,1,0,,,,,0,,,,,,,,,,,0,0,,0,,,,0,0,1,0,,1,,,,,,,,,,,,,,1,,0,,,,,0,1,,,,,,0,,1,,0,,0,0,,,,,0,0,,0,0,0,0,,0
monster#ad415786e0810c28,ef_obj_a149.mdl,,1,,,,0,,,,,,,,,-1,-1,,,,,,,,-1,,-1,,-1,,,,,,,,,,,,,,,,,,,,,,,,,,,,,,,,,,,,,,,,,,,,,,,,,,,,,-1,,,,,,-1,,,,0,0,,,,,0,0,1,0,1,0,1,1,,0,,0,0,0,,,,1,,,,,,0,,,,,,0,,,,,0,0,,0,,,,0,0,0,0,,,,,,,,,,,,,,,,,,0,,,,,0,0,,,,,,,1,0,,0,,0,1,,,,,3,0,,0,0,,0,,1
monster#ad417723006781c8,ef_obj_a004.mdl,ef_obj_a004.mdl,1,,,,0,,,,,,,,,-1,,,,,,,,,,,,,,,,,,,,,,,,,,,,,,,,,,,-1,,,,,,,,,,,,,,,,,,,,,,,,,,,,,,,,,,,,,,,,,0,0,,,,0,0,0,0,0,0,0,1,0,,0,,0,0,0,0,,,0,0,,,,,0,,,,,,,,,,,0,0,,0,,,,0,1,0,0,,0,,,,,,,,,,,,,,0,,0,,,,,0,0,,,,,,0,,0,,0,,0,0,,,,,0,0,,0,0,0,0,,0
monster#ad59684f667c3bf2,ef_obj_a331.mdl,ef_obj_a331.mdl,1,,,,1,,,,,,-1,,,-1,,,,,,,,,,,,,,,,,,,-1,,,,,,,,,,,,-1,,,,,,,,,,,,,,,,,,,,,,,,,,,,-1,,,,,-1,,,,,,,,,,,,0,0,,,,1,0,0,0,0,0,0,1,0,,0,,0,0,0,0,,,0,0,,,,,1,,,,,,,,,,,0,0,,1,,,,0,0,0,0,,0,,,,,,,,,,,,,,0,,0,,,,,0,1,,,,,,1,,0,,0,,0,0,,,,,0,0,,0,0,0,0,,0
monster#ad6b5300c6f65590,ef_obj_a050.mdl,ef_obj_b008.mdl,1,,,,1,,,,,,,,,-1,,,,,,,,,,,,,,,,,,,,,,,,,,,,,,,,,,,,-1,,,,,,,,,,,,,,,,,,,,,,,,,,,,,,,-1,,,,,,,,,0,0,,,,,0,0,0,0,0,0,1,0,,0,,0,0,0,,,,0,,,,,,0,,,,,,0,,,,,0,0,,0,,,,0,0,1,0,,,,,,,,,,,,,,,,,,0,,,,,0,0,,,,,,,0,1,,0,,0,0,,,,,0,0,,0,0,,0,,0
monster#add22ee8ab493df6,ef_obj_a345.mdl,ef_obj_a345.mdl,1,,,,0,,,,,,-1,,,-1,,,,,,,-1,,,,,,,-1,,,,,,,,,,,,,,-1,,,,,,,,-1,,,-1,,,,,,,,,,,,,,,,,,,,-1,,,,,,,,-1,,,,,,,,,0,0,,,,1,0,0,0,0,0,0,1,0,,0,,0,0,0,1,,,0,1,,,,,0,,,,,,,,,,,1,0,,0,,,,0,0,1,0,,1,,,,,,,,,,,,,,0,,0,,,,,0,1,,,,,,0,,1,,0,,0,0,,,,,0,0,,0,0,0,0,,0
monster#adf2fd2892c77e34,,mon5260.mdl,1,,,,0,,,,,,-1,,,-1,,,,,,,-1,,,,,,,-1,,,,,-1,,,,,,,,,,,,,,,,,,,,-1,,,,,,,,,,,,,,,,,,,,-1,,,,,,,,,,,,,,,,,0,0,,,,1,0,0,0,0,0,0,1,0,,0,,0,0,0,1,,,0,1,,,,,1,,,,,,,,,,,0,0,,0,,,,0,0,0,0,,1,,,,,,,,,,,,,,0,,0,,,,,0,1,,,,,,0,,0,,0,,0,0,,,,,0,0,,0,0,0,0,,0
monster#ae04a87fe4bcbf15,mon5012.mdl,mon5012.mdl,1,,,,0,,,,,,-1,,,-1,,,,,,,-1,,,,,,,-1,,,,,,,,,,,,,,,,,,,,,,-1,,,-1,,,,,,,,,,,,,,,,,,,,-1,,,,,,,,-1,,,,,,,,,0,0,,,,1,0,0,0,0,0,0,1,0,,0,,0,0,0,1,,,0,1,,,,,0,,,,,,,,,,,0,0,,0,,,,0,0,1,0,,1,,,,,,,,,,,,,,0,,0,,,,,0,1,,,,,,0,,1,,0,,0,0,,,,,0,0,,0,0,0,0,,0
monster#ae0b6d34fac11c90,,mon5252.mdl,1,,,,1,,,,,,-1,,,-1,,,,,,,-1,,,,,,,,,,,,,,,,,,,,,,,,-1,,,,,-1,,,-1,,,,,,,,,,,,,,,,,,,,-1,,,,,,,,-1,,,,,-1,,,,0,0,,,,1,0,0,0,0,0,0,1,0,,0,,0,0,0,1,,,0,0,,,,,0,,,,,,,,,,,0,0,,1,,,,0,0,1,0,,1,,,,,,,,,,,,,,0,,0,,,,,0,1,,,,,,0,,1,,0,,0,1,,,,,0,0,,0,0,0,0,,0
monster#ae39104b56d4074e,,chr5122_c99.mdl,1,,,,1,,,,,,-1,,,-1,-1,,-1,-1,-1,-1,,,-1,-1,-1,,-1,-1,,,,,-1,,,,,,,,,-1,,,,,,,,-1,,,-1,,,,,,,,,,,,,,,,,,,,,,,,,,,,-1,,,,,,,,,0,0,,,,1,0,1,1,0,1,0,1,1,,1,,1,1,1,0,,,1,1,,,,,1,,,,,,,,,,,1,0,,0,,,,0,0,1,0,,1,,,,,,,,,,,,,,0,,0,,,,,0,0,,,,,,0,,1,,0,,0,0,,,,,1,1,,0,0,0,0,,0
monster#ae49258c8f309d53,,mon5014_c01.mdl,1,,,,1,,,,,,-1,,,-1,,,,,,,-1,,,,,,,-1,,,,,-1,,,,,,,,,-1,,,,,,,,-1,,,-1,,,,,,,,,,,,,-1,,,,,,,-1,,,,,,,,-1,,,,,,,,,0,0,,,,1,0,0,0,0,0,0,1,0,,0,,0,0,0,1,,,0,1,,,,,1,,,,,,,,,,,1,0,,0,,,,0,0,1,0,,1,,,,,,,,,,,,,,1,,0,,,,,0,1,,,,,,0,,1,,0,,0,0,,,,,0,0,,0,0,0,0,,0
monster#ae70634f90be2c0b,,mon5241.mdl,1,,,,1,,,,,,-1,,,-1,,,,,,,,,,,,,,,,,,,,,,,,,,,,-1,,,,,,,,-1,,,-1,,,,,,,,,,,,,,,,,,,,-1,,,,,,,,-1,,,,,-1,,,,0,0,,,,1,0,0,0,0,0,0,1,0,,0,,0,0,0,0,,,0,0,,,,,0,,,,,,,,,,,1,0,,0,,,,0,0,1,0,,1,,,,,,,,,,,,,,0,,0,,,,,0,1,,,,,,0,,1,,0,,0,1,,,,,0,0,,0,0,0,0,,0
monster#b0c48d2a8e4fe0cf,mon5033.mdl,ef_obj_a373.mdl,1,,,,0,,,,,,,,,,,,,-1,,,,,,,,,,,,,,,,,,,,,,,,,,,,,,,,,,,,,,,,,,,,,,,,,,,,,,-1,,,,,,,,,,,,,,,,,,0,0,,,,0,0,0,0,0,0,0,0,0,,0,,1,0,0,0,,,0,0,,,,,0,,,,,,,,,,,0,0,,0,,,,0,0,0,0,,0,,,,,,,,,,,,,,0,,0,,,,,1,0,,,,,,0,,0,,0,,0,0,,,,,0,0,,0,0,0,0,,0
monster#b18a6b409adc0770,mon5072.mdl,mon5072.mdl,1,,,,0,,,,,,-1,,,-1,,,,,,,-1,,,,,,,,,,,,,,,,,,,,,,,,,,,,,-1,,,-1,,,,,,,,,,,,,-1,,,,,,,-1,,,,,,,,-1,,,,,,,,,0,0,,,,1,0,0,0,0,0,0,1,0,,0,,0,0,0,1,,,0,0,,,,,0,,,,,,,,,,,0,0,,0,,,,0,0,1,0,,1,,,,,,,,,,,,,,1,,0,,,,,0,1,,,,,,0,,1,,0,,0,0,,,,,0,0,,0,0,0,0,,0
monster#b1e72b882f26eb10,,mon5264.mdl,1,,,,1,,,,,,-1,,,-1,,,,,,,,,,,,,,-1,,,,,,,,,,,,,,,,,,,,-1,,-1,,,-1,,,,,,,,,,,,,-1,,,,,,,-1,,,,,,,,-1,,,,,,,,,0,0,,,,1,0,0,0,0,0,0,1,0,,0,,0,0,0,0,,,0,1,,,,,0,,,,,,,,,,,0,0,,0,,,,1,0,1,0,,1,,,,,,,,,,,,,,1,,0,,,,,0,1,,,,,,0,,1,,0,,0,0,,,,,0,0,,0,0,0,0,,0
monster#b20de905faa4ef9c,,mon5246_c01.mdl,1,,,,1,,,,,,-1,,,-1,-1,,,,-1,,-1,,,,,,,,,,,,,,,,,,,,,-1,,,-1,,,,,-1,,,-1,,,,,,,,,,,,,,,,,,,,-1,,,,,-1,,,-1,,,,,,,,,0,0,,,,1,0,0,0,0,0,0,1,1,,0,,0,1,0,1,,,0,0,,,,,0,,,,,,,,,,,1,0,,1,,,,0,0,1,0,,1,,,,,,,,,,,,,,0,,0,,,,,0,1,,,,,,1,,1,,0,,0,0,,,,,1,0,,0,0,0,0,,0
monster#b21f3527206fcc61,,ef_obj_m015.mdl,0,,,,0,,,,,,,,,-1,,,,,,,-1,,,,,,,-1,,,,,,,,,,,,,,-1,,,-1,,,,,-1,,,-1,,,,,,,,,,,,,,,,,,,,-1,,,,,,,,-1,,,,,,,,,0,0,,,,0,0,0,0,0,0,0,1,0,,0,,0,0,0,1,,,0,1,,,,,0,,,,,,,,,,,1,0,,1,,,,0,0,1,0,,1,,,,,,,,,,,,,,0,,0,,,,,0,1,,,,,,0,,1,,0,,0,0,,,,,0,0,,0,0,0,0,,0
monster#b22d8ee92fc19e61,,ef_obj_o021.mdl,1,,,,1,,,,,,,,,-1,,,,-1,,,,,,-1,,,-1,,,,,,,,,,,,,,,-1,,,,,,,,-1,,,,,,,,,,,,,,,,,,,,,,,-1,,,,,,,,-1,,,,,,,,,0,0,,,,0,0,1,0,0,1,0,1,0,,0,,1,0,0,0,,,0,0,,,,,0,,,,,,,,,,,1,0,,0,,,,0,0,1,0,,0,,,,,,,,,,,,,,0,,0,,,,,0,1,,,,,,0,,1,,0,,0,0,,,,,0,0,,0,0,0,0,,0
monster#b2707292037e91e7,mon5014_c00.mdl,,1,,,,1,,,,,,,,,-1,,,,,,,-1,,,,,,,-1,,,,,-1,,,,,,,,,-1,,,-1,,,,,-1,,,-1,,,,,,,,,,,,,-1,,,,,,,-1,,,,,,,,-1,,,,,,,,,0,0,,,,0,0,0,0,0,0,0,1,0,,0,,0,0,0,1,,,0,1,,,,,1,,,,,,,,,,,1,0,,1,,,,0,0,1,0,,1,,,,,,,,,,,,,,1,,0,,,,,0,1,,,,,,0,,1,,0,,0,0,,,,,0,0,,0,0,0,0,,0
monster#b2c615ac8697159b,ef_obj_b007.mdl,,1,,,,0,,,,,,,,,-1,,,,,,,,,,,,,,,,,,,-1,,,,,,,,,,,,,,,,,,,,,,,,,,,,,,,,,,,-1,,,,,,,,,,,,,,,,,,-1,,,,0,0,,,,,0,0,0,0,0,0,1,0,,0,,0,0,0,,,,0,,,,,,1,,,,,,0,,,,,0,0,,0,,,,0,0,0,0,,,,,,,,,,,,,,,,,,1,,,,,0,0,,,,,,,0,0,,0,,0,1,,,,,0,0,,0,0,,0,,0
monster#b2de0d39cc89225b,,mon5266.mdl,1,,,,0,,,,,,-1,,,,,,,,,,,,,,,,,,,,,,,,,,,,,,,,,,,,,,,,,,,,,,,,,,,,,,,,,,,,,-1,,,,,,,,,,,,,,,,,,0,0,,,,1,0,0,0,0,0,0,0,0,,0,,0,0,0,0,,,0,0,,,,,0,,,,,,,,,,,0,0,,0,,,,0,0,0,0,,0,,,,,,,,,,,,,,0,,0,,,,,1,0,,,,,,0,,0,,0,,0,0,,,,,0,0,,0,0,0,0,,0
monster#b2e402002756a07d,,mon5012_c03.mdl,1,,,,0,,,,,,-1,,,-1,,,,,,,-1,,,,,,,-1,,,,,-1,,,,,,,,,,,,-1,,,,,-1,,,-1,,,,,,,,,,,,,,,,,,,,-1,,,,,,,,-1,,,,,,,,,0,0,,,,1,0,0,0,0,0,0,1,0,,0,,0,0,0,1,,,0,1,,,,,1,,,,,,,,,,,0,0,,1,,,,0,0,1,0,,1,,,,,,,,,,,,,,0,,0,,,,,0,1,,,,,,0,,1,,0,,0,0,,,,,0,0,,0,0,0,0,,0
monster#b3623440c3962fc5,mon5006.mdl,equ8111.mdl,1,,,,1,,,,,,-1,,,-1,,,,,,,-1,,,,,,,,,,,,-1,,,,,,,,,,,,,,,,,-1,,,-1,,,,,,,,,,,,,,,,,,,,-1,,,,,,,,-1,,,,,,,,,0,0,,,,1,0,0,0,0,0,0,1,0,,0,,0,0,0,1,,,0,0,,,,,1,,,,,,,,,,,0,0,,0,,,,0,0,1,0,,1,,,,,,,,,,,,,,0,,0,,,,,0,1,,,,,,0,,1,,0,,0,0,,,,,0,0,,0,0,0,0,,0
monster#b3b653df708ed7a7,ef_obj_a139.mdl,,1,,,,1,,,,,,,,,-1,,,,,,,,,,,,,,,,,,,,,,,,,,,,,,,-1,,,,,-1,,,,,,,,,,,,,,,,,,,,,,,-1,,,,,,,-1,,,,,,,,,,0,0,,,,,0,0,0,0,0,0,1,0,,0,,0,0,0,,,,0,,,,,,0,,,,,,0,,,,,0,0,,1,,,,0,0,1,0,,,,,,,,,,,,,,,,,,0,,,,,0,1,,,,,,,1,0,,0,,0,0,,,,,0,0,,0,0,,0,,1
monster#b4796a6edd39c871,,mon5224.mdl,1,,,,0,,,,,,-1,,,-1,-1,,-1,,,,-1,,,-1,-1,,-1,,,,,,,,,,,,,,,,,,,,,,,-1,,,,,,,,,,,,,,,,,,-1,,,,,-1,,,,,,,,-1,,,,,-1,,,,0,0,,,,1,0,1,1,0,1,0,1,1,,1,,0,0,0,1,,,0,0,,,,,0,,,,,,,,,,,0,0,,0,,,,0,0,1,0,,0,,,,,,,,,,,,,,0,,1,,,,,0,1,,,,,,0,,1,,0,,0,1,,,,,0,2,,0,0,0,0,,1
monster#b7910d685f0d4052,,mon5230.mdl,0,,,,1,,,,,,,,,,,,,,,,,,,,,,,-1,,,,,,,,,,,,,,,,,,,,,,,,,,,,,,,,,,,,,,,,,,,,-1,,,,,,,,,,,,,,-1,,,,0,0,,,,0,0,0,0,0,0,0,0,0,,0,,0,0,0,0,,,0,1,,,,,0,,,,,,,,,,,0,0,,0,,,,0,0,0,0,,0,,,,,,,,,,,,,,0,,0,,,,,1,0,,,,,,0,,0,,0,,0,1,,,,,0,0,,0,0,0,0,,0
monster#b7c7ebc3e93108de,ef_obj_a162.mdl,,1,,,,0,,,,,,,,,-1,,,,,,,,,,,,,,,,,,,-1,,,,,,,,,-1,,,-1,,,,,-1,,,,,,,,,,,,,,,,,,,,,,,-1,,,,,,,,-1,,,,,,,,,0,0,,,,,0,0,0,0,0,0,1,0,,0,,0,0,0,,,,0,,,,,,1,,,,,,0,,,,,1,0,,1,,,,0,0,1,0,,,,,,,,,,,,,,,,,,0,,,,,0,1,,,,,,,0,1,,0,,0,0,,,,,0,0,,0,0,,0,,0
monster#b85af75620f4bb78,,mon5246.mdl,1,,,,1,,,,,,-1,,,-1,-1,,,,,,-1,,,,,,,,,,,,,,,,,,,,,-1,,,,,,,,-1,,,-1,,,,,,,,,,,,,,,,,,,,-1,,,,,-1,,,-1,,,,,,,,,0,0,,,,1,0,0,0,0,0,0,1,1,,0,,0,0,0,1,,,0,0,,,,,0,,,,,,,,,,,1,0,,0,,,,0,0,1,0,,1,,,,,,,,,,,,,,0,,0,,,,,0,1,,,,,,1,,1,,0,,0,0,,,,,0,0,,0,0,0,0,,0
monster#b9bd799d9fbe2af4,etc0041.mdl,etc0041.mdl,1,,,,0,-1,,,,,,,,-1,,,,,,,,,-1,,,,,,,,,,-1,,,,,,,,,,,,,,,,,-1,,,,,,,,,,,,,,,,,,,,,,,-1,,,,,,,,-1,,,,,,,,,1,0,,,,,0,0,0,0,0,0,1,0,,0,,0,0,0,,,,1,,,,,,1,,,,,,0,,,,,0,0,,0,,,,0,0,1,0,,,,,,,,,,,,,,,,,,0,,,,,0,1,,,,,,,0,1,,0,,0,0,,,,,0,0,,0,0,,0,,0
monster#b9d8eeee94d75973,,mon5106_c00.mdl,1,,,,1,,,,,,,,,-1,,,,-1,-1,-1,-1,,,,,-1,,,,,,,,,,,,,,,,,,,,,,,,,,,-1,,,,,,,,,,,,,,,,,,,,-1,,,,,,,,-1,,,,,-1,,,,0,0,,,,0,0,0,0,1,0,0,1,0,,0,,1,1,1,1,,,0,0,,,,,0,,,,,,,,,,,0,0,,0,,,,0,0,0,0,,1,,,,,,,,,,,,,,0,,0,,,,,0,1,,,,,,0,,1,,0,,0,1,,,,,1,1,,0,0,0,0,,0
monster#ba3a9a26070ee524,mon5001.mdl,mon5001.mdl,1,,,,1,,,,,,-1,,,-1,,,,,,,-1,,,,,,,-1,,,,,,,,,,,,,,-1,,,,,,,,-1,,,-1,,,,,,,,,,,,,,,,,,,,-1,,,,,,,,-1,,,,,,,,,0,0,,,,1,0,0,0,0,0,0,1,0,,0,,0,0,0,1,,,0,1,,,,,0,,,,,,,,,,,1,0,,0,,,,0,0,1,0,,1,,,,,,,,,,,,,,0,,0,,,,,0,1,,,,,,0,,1,,0,,0,0,,,,,0,0,,0,0,0,0,,0
monster#ba619910cee19238,mon5103.mdl,mon5103.mdl,1,,,,1,,,,,,,,,-1,-1,,-1,-1,-1,-1,-1,,,,,-1,-1,,,,,,,,,,,,,,,,,,,,,,,,,,-1,,,,,,,,,,,,,,,,,,,,-1,,,,,,,,-1,,,,,-1,,,,0,0,,,,0,0,0,0,1,1,0,1,1,,1,,1,1,1,1,,,0,0,,,,,0,,,,,,,,,,,0,0,,0,,,,0,0,0,0,,1,,,,,,,,,,,,,,0,,0,,,,,0,1,,,,,,0,,1,,0,,0,1,,,,,1,1,,0,0,0,0,,0
monster#bb194fa755cbda16,ef_obj_a140.mdl,,1,,,,0,,,,,,,,,-1,,,,-1,,,,,,,,,,,,,,,,,,,,,,,,,,,,,,,,,,,,,,,,,,,,,,,,,,,,,,,,,,,,,,-1,,,,,,-1,,,,0,0,,,,,0,0,0,0,0,0,1,0,,0,,1,0,0,,,,0,,,,,,0,,,,,,0,,,,,0,0,,0,,,,0,0,0,0,,,,,,,,,,,,,,,,,,0,,,,,0,0,,,,,,,1,0,,0,,0,1,,,,,0,0,,0,0,,0,,1
monster#bb8769f5b2525241,ef_obj_a333.mdl,ef_obj_a333.mdl,1,,,,1,,,,,,-1,,,-1,,,,,,,,,,,,,,,,,,,,,,,,,,,,,,,,,,,,,,,,,,,,,,,,,,,,,,,,,,,-1,,,,,-1,,,,,,,,-1,,,,0,0,,,,1,0,0,0,0,0,0,1,0,,0,,0,0,0,0,,,0,0,,,,,0,,,,,,,,,,,0,0,,0,,,,0,0,0,0,,0,,,,,,,,,,,,,,0,,0,,,,,0,1,,,,,,1,,0,,0,,0,1,,,,,0,0,,0,0,0,0,,0
monster#bbc19e293d078af2,ef_obj_b010.mdl,,1,,,,1,,,,,,,,,-1,,,,-1,,,,,,,,,,,,,,,,,,,,,,,,,,,,,,,,,,,,,,,,,,,,,,,,,,,,,,,,,,,,,,-1,-1,,,,,-1,,,,0,0,,,,,0,0,0,0,0,0,1,0,,0,,1,0,0,,,,0,,,,,,0,,,,,,0,,,,,0,0,,0,,,,0,0,0,0,,,,,,,,,,,,,,,,,,0,,,,,0,0,,,,,,,1,1,,0,,0,1,,,,,0,0,,0,0,,0,,0
monster#bc9d936b5a917938,ef_obj_a140.mdl,,1,,,,0,,,,,,,,,-1,,,,,,,,,,,,,,,,,,,-1,,,,,,,,,,,,,,,,,,,,,,,,,,,,,,,,,,,,,,,,,,,,,,,-1,,,,,,-1,,,,0,0,,,,,0,0,0,0,0,0,1,0,,0,,0,0,0,,,,0,,,,,,1,,,,,,0,,,,,0,0,,0,,,,0,0,0,0,,,,,,,,,,,,,,,,,,0,,,,,0,0,,,,,,,1,0,,0,,0,1,,,,,0,0,,0,0,,0,,1
monster#bd1c97fc5ec599b1,ef_obj_m006.mdl,ef_obj_m006.mdl,1,,,,1,,,,,,,,,-1,,,,-1,,,,,-1,,,,,-1,,,,,,,,,,,,,,,,,,,,,,-1,,,-1,,,,,,,,,,,,,,,,,,,,-1,,,,,,,,-1,,,,,,,,,0,0,,,,0,0,0,0,0,0,0,1,0,,0,,1,0,0,0,,,1,1,,,,,0,,,,,,,,,,,0,0,,0,,,,0,0,1,0,,1,,,,,,,,,,,,,,0,,0,,,,,0,1,,,,,,0,,1,,0,,0,0,,,,,0,0,,0,0,0,0,,0
monster#bd4fb161e8ca339b,,ef_obj_a380.mdl,1,,,,1,,,,,,-1,,,-1,,,,,,,-1,,-1,,,,,-1,,,,,,,,,,,,,,,,,,,,,,,,,-1,,,,,,,,,,,,,,,,,,,,-1,,,,,,,,-1,,,,,,,,,0,0,,,,1,0,0,0,0,0,0,1,0,,0,,0,0,0,1,,,1,1,,,,,0,,,,,,,,,,,0,0,,0,,,,0,0,0,0,,1,,,,,,,,,,,,,,0,,0,,,,,0,1,,,,,,0,,1,,0,,0,0,,,,,0,0,,0,0,0,0,,0
monster#bda70a01aae829f4,ef_obj_a110.mdl,,1,,,,0,,,,,,,,,-1,,,,,,,,,,,,,,,,,,,,,,,,,,,,-1,,,,,,,,-1,,,,,,,,,,,,,,,,,,,,,,,-1,,,,,,,,-1,,,,,,,,,0,0,,,,,0,0,0,0,0,0,1,0,,0,,0,0,0,,,,0,,,,,,0,,,,,,0,,,,,1,0,,0,,,,0,0,1,0,,,,,,,,,,,,,,,,,,0,,,,,0,1,,,,,,,0,1,,0,,0,0,,,,,0,0,,0,0,,0,,0
monster#beea7e6c26497314,,etc1200.mdl,1,,,,1,-1,,,,,,,,-1,-1,,-1,-1,-1,-1,,,,-1,-1,-1,-1,,,,,,,,,,,,,,,,,,,,,,,,,,-1,,,,,,,,,,,,,,,,,,,,,,,,,,,,-1,,,,,,,,,1,0,,,,0,0,1,1,1,1,0,1,1,,1,,1,1,1,0,,,0,0,,,,,0,,,,,,,,,,,0,0,,0,,,,0,0,0,0,,1,,,,,,,,,,,,,,0,,0,,,,,0,0,,,,,,0,,1,,0,,0,0,,,,,1,1,,0,0,0,0,,0
monster#befee62c8a3ebc16,,ob_s07_000.mdl,1,,,,0,,,,,,,,,-1,,,,,,,,,,,,,,,,,,,,,,,,,,,,,,,,,,,,,,,,,,,,,,,,,,,,,,,,,,,-1,,,,,,,,,,,,,-1,,,,0,0,,,,0,0,0,0,0,0,0,1,0,,0,,0,0,0,0,,,0,0,,,,,0,,,,,,,,,,,0,0,,0,,,,0,0,0,0,,0,,,,,,,,,,,,,,0,,0,,,,,0,1,,,,,,0,,0,,0,,0,1,,,,,0,0,,0,0,0,0,,0
monster#bf093e8125034ec9,mon9997.mdl,mon9997.mdl,1,,,,0,-1,,,,,,,,-1,,,,,,,-1,,,,,,,,,,,,,,,,,,,,,,,,,,,,,,,,,,,,,,,,,,,,,,,,,,,,-1,,,,,,,,-1,,,,,,,,,1,0,,,,0,0,0,0,0,0,0,1,0,,0,,0,0,0,1,,,0,0,,,,,0,,,,,,,,,,,0,0,,0,,,,0,0,0,0,,0,,,,,,,,,,,,,,0,,0,,,,,0,1,,,,,,0,,1,,0,,0,0,,,,,0,0,,0,0,0,0,,0
monster#bfd59f364ef3fee1,ef_obj_a094.mdl,,1,,,,0,,,,,,,,,-1,,,,,,,,,,,,,,,,,,,,,,,,,,,,-1,,,,,,,,-1,,,,,,,,,,,,,,,,,,,,,,,,,,,,,,,,,,,,,,,,0,0,,,,,0,0,0,0,0,0,1,0,,0,,0,0,0,,,,0,,,,,,0,,,,,,0,,,,,1,0,,0,,,,0,0,1,0,,,,,,,,,,,,,,,,,,0,,,,,0,0,,,,,,,0,0,,0,,0,0,,,,,0,0,,0,0,,0,,0
monster#c0b9fd269e029514,ef_obj_b002.mdl,ef_obj_b002.mdl,1,,,,1,,,,,,,,,-1,,,,,,,,,,,,,,,,,,,,,,,,,,,,-1,,,-1,,,,,-1,,,,,,,,,,,,,,,,,,,,,,,-1,,,,,,,,-1,,,,,,,,,0,0,,,,0,0,0,0,0,0,0,1,0,,0,,0,0,0,0,,,0,0,,,,,0,,,,,,,,,,,1,0,,1,,,,0,0,1,0,,0,,,,,,,,,,,,,,0,,0,,,,,0,1,,,,,,0,,1,,0,,0,0,,,,,0,0,,0,0,0,0,,0
monster#c3adf29b7cdeb091,,mon5264.mdl,1,,,,1,-1,,,,,-1,,,-1,,,,,,,,,-1,,,,,-1,,,,,,,,,,,,,,,,,,,,-1,,-1,,,-1,,,,,,,,,,,,,-1,,,,,,,-1,,,,,,,,-1,,,,,,,,,1,0,,,,1,0,0,0,0,0,0,1,0,,0,,0,0,0,0,,,1,1,,,,,0,,,,,,,,,,,0,0,,0,,,,1,0,1,0,,1,,,,,,,,,,,,,,1,,0,,,,,0,1,,,,,,0,,1,,0,,0,0,,,,,0,0,,0,0,0,0,,0
monster#c4747f70abcc3ddd,,ef_obj_a406.mdl,1,,,,1,-1,,,,,,,,-1,-1,,-1,,-1,-1,-1,,,,,,,,,,,,,,,,,,,,,,,,,,,,,,,,-1,,,,,,,,,,,,,,,,,,,,,,,,,,,,-1,,,,,,,,,1,0,,,,0,0,0,0,0,0,0,1,1,,1,,0,1,1,1,,,0,0,,,,,0,,,,,,,,,,,0,0,,0,,,,0,0,0,0,,1,,,,,,,,,,,,,,0,,0,,,,,0,0,,,,,,0,,1,,0,,0,0,,,,,1,1,,0,0,0,0,,0
monster#c4c1fcc110402b33,etc0041.mdl,etc0041.mdl,1,,,,0,,,,,,,,,-1,,,,,,,,,,,,,,,,,,,,,,,,,,,,,,,,,,,,-1,,,,,,,,,,,,,,,,,,,,,,,-1,,,,,,,,-1,,,,,,,,,0,0,,,,,0,0,0,0,0,0,1,0,,0,,0,0,0,,,,0,,,,,,0,,,,,,0,,,,,0,0,,0,,,,0,0,1,0,,,,,,,,,,,,,,,,,,0,,,,,0,1,,,,,,,0,1,,0,,0,0,,,,,0,0,,0,0,,0,,0
monster#c50bd098bd4007e1,ef_obj_a262.mdl,ef_obj_a262.mdl,1,,,,1,,,,,,-1,,-1,-1,,,,,,,,,-1,,,,,-1,,,,,-1,,,,,,,,,-1,,,,,,,,-1,,,-1,,,,,,,,,,,,,,,,,,,,-1,,,,,,,,-1,,,,,,,,,0,0,,,,1,0,0,0,0,0,1,1,0,,0,,0,0,0,0,,,1,1,,,,,1,,,,,,,,,,,1,0,,0,,,,0,0,1,0,,1,,,,,,,,,,,,,,0,,0,,,,,0,1,,,,,,0,,1,,0,,0,0,,,,,0,0,,0,0,0,0,,0
monster#c65a6d6a598b65ef,mon5104.mdl,mon5104.mdl,1,,,,1,,,,,,,,,-1,,,,,,,-1,,,,,,,,,,,,,,,,,,,,,,,,,,,,,,,,-1,,,,,,,,,,,,,,,,,,,,-1,,,,,,,,-1,,,,,,,,,0,0,,,,0,0,0,0,0,0,0,1,0,,0,,0,0,0,1,,,0,0,,,,,0,,,,,,,,,,,0,0,,0,,,,0,0,0,0,,1,,,,,,,,,,,,,,0,,0,,,,,0,1,,,,,,0,,1,,0,,0,0,,,,,0,0,,0,0,0,0,,0
monster#c705bacde2f9886c,,mon5224_Basic.mdl,1,,,,0,,,,,,-1,,,-1,,,,,,,,,,-1,,,,,,,,,-1,,,,,,,,,,,,,,,,,-1,,,,,,,,,,,,,,,,,,,,,,,-1,,,,,,,,-1,,,,,,,,,0,0,,,,1,0,1,0,0,0,0,1,0,,0,,0,0,0,0,,,0,0,,,,,1,,,,,,,,,,,0,0,,0,,,,0,0,1,0,,0,,,,,,,,,,,,,,0,,0,,,,,0,1,,,,,,0,,1,,0,,0,0,,,,,0,0,,0,0,0,0,,0
monster#c8c0f6809a8cb21f,,mon5249.mdl,1,,,,1,,,,,,-1,,,-1,,,,,,,-1,,,,,,,,,,,,,,,,,,,,,-1,,,,,,,,-1,,,,,,,,,,,,,,,,,,,,,,,-1,,,,,,,,-1,,,,,-1,,,,0,0,,,,1,0,0,0,0,0,0,1,0,,0,,0,0,0,1,,,0,0,,,,,0,,,,,,,,,,,1,0,,0,,,,0,0,1,0,,0,,,,,,,,,,,,,,0,,0,,,,,0,1,,,,,,0,,1,,0,,0,1,,,,,0,0,,0,0,0,0,,0
monster#c94e290f2dccc96d,ef_obj_m000.mdl,ef_obj_m000.mdl,1,,,,0,-1,,,,,,,,-1,,,,,,,,,-1,,,,,,,,,,,,,,,,,,,,,,,,,,,-1,,,,,,,,,,,,,,,,,,,,,,,-1,,,,,,,,-1,,,,,,,,,1,0,,,,0,0,0,0,0,0,0,1,0,,0,,0,0,0,0,,,1,0,,,,,0,,,,,,,,,,,0,0,,0,,,,0,0,1,0,,0,,,,,,,,,,,,,,0,,0,,,,,0,1,,,,,,0,,1,,0,,0,0,,,,,0,0,,0,0,0,0,,0
monster#c9780b429d3161b3,,ef_obj_a382.mdl,1,,,,0,,,,,,,,,-1,,,,-1,,,-1,,,,,,,,,,,,,,,,,,,,,-1,,,-1,,,,,-1,,,-1,,,,,,,,,,,,,,,,,,,,,,,,,,,,-1,,,,,,,,,0,0,,,,0,0,0,0,0,0,0,1,0,,0,,1,0,0,1,,,0,0,,,,,0,,,,,,,,,,,1,0,,1,,,,0,0,1,0,,1,,,,,,,,,,,,,,0,,0,,,,,0,0,,,,,,0,,1,,0,,0,0,,,,,0,0,,0,0,0,0,,0
monster#c98b28e2dce39ea1,,etc1200.mdl,1,,,,1,-1,,,,,,,,-1,-1,,-1,,-1,-1,,,,,,,,,,,,,,,,,,,,,,,,,,,,,,,,,-1,,,,,,,,,,,,,,,,,,,,,,,,,,,,-1,,,,,,,,,1,0,,,,0,0,0,0,0,0,0,1,1,,1,,0,1,1,0,,,0,0,,,,,0,,,,,,,,,,,0,0,,0,,,,0,0,0,0,,1,,,,,,,,,,,,,,0,,0,,,,,0,0,,,,,,0,,1,,0,,0,0,,,,,1,1,,0,0,0,0,,0
monster#ca25e4019fa88c9b,ef_obj_a121.mdl,,1,,,,0,,,,,,,,,-1,,,,,,,,,,,,,,,,,,,,,,,,,,,,-1,,,-1,,,,,-1,,,,,,,,,,,,,,,,,,,,,,,,,,,,,,,-1,,,,,,,,,0,0,,,,,0,0,0,0,0,0,1,0,,0,,0,0,0,,,,0,,,,,,0,,,,,,0,,,,,1,0,,1,,,,0,0,1,0,,,,,,,,,,,,,,,,,,0,,,,,0,0,,,,,,,0,1,,0,,0,0,,,,,0,0,,0,0,,0,,0
monster#cb053b6d630b30d9,equ0506.mdl,equ0506.mdl,1,,,,1,,,,,,,,,-1,,,,-1,,,,,,,,,,,,,,,,,,,,,,,,,,,-1,,,,,,,,,,,,,,,,,,,,,,,,,,,,-1,,,,,,,,-1,,,,,,,,,0,0,,,,0,0,0,0,0,0,0,1,0,,0,,1,0,0,0,,,0,0,,,,,0,,,,,,,,,,,0,0,,1,,,,0,0,0,0,,0,,,,,,,,,,,,,,0,,0,,,,,0,1,,,,,,0,,1,,0,,0,0,,,,,0,0,,0,0,0,0,,0
monster#cb7eab881eff9f22,,ob_s07_000.mdl,1,,,,0,-1,,,,,,,,-1,,,,,,,,,,,,,,,,,,,,,,,,,,,,,,,,,,,,,,,,,,,,,,,,,,,,,,,,,,,-1,,,,,,,,,,,,,,,,,1,0,,,,0,0,0,0,0,0,0,1,0,,0,,0,0,0,0,,,0,0,,,,,0,,,,,,,,,,,0,0,,0,,,,0,0,0,0,,0,,,,,,,,,,,,,,0,,0,,,,,0,1,,,,,,0,,0,,0,,0,0,,,,,0,0,,0,0,0,0,,0
monster#cb961ca630c92d98,,mon5209.mdl,1,,,,1,,,,,,-1,,,-1,,,,,,,-1,,,,,,,,,,,,,,,,,,,,,,,,-1,,,,,,,,-1,,,,,,,,,,,,,,,,,,,,-1,,,,,,,,-1,,,,,,,,,0,0,,,,1,0,0,0,0,0,0,1,0,,0,,0,0,0,1,,,0,0,,,,,0,,,,,,,,,,,0,0,,1,,,,0,0,0,0,,1,,,,,,,,,,,,,,0,,0,,,,,0,1,,,,,,0,,1,,0,,0,0,,,,,0,0,,0,0,0,0,,0
monster#cc00c2d58b85d93d,,ef_obj_o015.mdl,1,,,,0,,,,,,,,,-1,,,,-1,,,-1,,,,,,,,,,,,,,,,,,,,,-1,,,-1,,,,,-1,,,-1,,,,,,,,,,,,,-1,,,,,,,,,,,,,,,-1,,,,,,,,,0,0,,,,0,0,0,0,0,0,0,1,0,,0,,1,0,0,1,,,0,0,,,,,0,,,,,,,,,,,1,0,,1,,,,0,0,1,0,,1,,,,,,,,,,,,,,1,,0,,,,,0,0,,,,,,0,,1,,0,,0,0,,,,,0,0,,0,0,0,0,,0
monster#cc00e1192df30ecf,mon5103.mdl,mon5103.mdl,1,,,,1,,,,,,-1,,,-1,,,,,,,-1,,,,,,,,,,,,,,,,,,,,,-1,,,,,,,,-1,,,-1,,,,,,,,,,,,,-1,,,,,,,-1,,,,,,,,-1,,,,,,,,,0,0,,,,1,0,0,0,0,0,0,1,0,,0,,0,0,0,1,,,0,0,,,,,0,,,,,,,,,,,1,0,,0,,,,0,0,1,0,,1,,,,,,,,,,,,,,1,,0,,,,,0,1,,,,,,0,,1,,0,,0,0,,,,,4,0,,0,0,0,0,,0
monster#cc4065a7e3ca8ecd,ef_obj_a144.mdl,,0,,,,0,,,,,,,,,-1,,,,,,,,,,,,,,,,,,,-1,,,,,,,,,-1,,,,,,,,-1,,,,,,,,,,,,,,,,,,,,,,,-1,,,,,,,,-1,,,,,,,,,0,0,,,,,0,0,0,0,0,0,1,0,,0,,0,0,0,,,,0,,,,,,1,,,,,,0,,,,,1,0,,0,,,,0,0,1,0,,,,,,,,,,,,,,,,,,0,,,,,0,1,,,,,,,0,1,,0,,0,0,,,,,0,0,,0,0,,0,,0
monster#cd1f8f81e9c92f0a,,ef_obj_a359b.mdl,1,,,,0,,,,,,,,,-1,,,,-1,,,-1,,,,,,,,,,,,,,,,,,,,,,,,,,,,,,,,-1,,,,,,,,,,,,,,,,,,,,-1,,,,,,,,-1,,,,,,,,,0,0,,,,0,0,0,0,0,0,0,1,0,,0,,1,0,0,1,,,0,0,,,,,0,,,,,,,,,,,0,0,,0,,,,0,0,0,0,,1,,,,,,,,,,,,,,0,,0,,,,,0,1,,,,,,0,,1,,0,,0,0,,,,,0,0,,0,0,0,0,,0
monster#cda81f870e6719ba,mon5025.mdl,mon5025.mdl,1,,,,1,,,,,,-1,,,-1,,,,,,,-1,,,,,,,,,,,,,,,,,,,,,-1,,,-1,,,,,-1,,,-1,,,,,,,,,,,,,,,,,,,,-1,,,,,-1,,,-1,,,,,,,,,0,0,,,,1,0,0,0,0,0,0,1,0,,0,,0,0,0,1,,,0,0,,,,,0,,,,,,,,,,,1,0,,1,,,,0,0,1,0,,1,,,,,,,,,,,,,,0,,0,,,,,0,1,,,,,,1,,1,,0,,0,0,,,,,0,0,,0,0,0,0,,0
monster#ce069a1359cef46f,,mon5245.mdl,1,,,,1,,,,,,-1,,,-1,,,,,,,,,,,,,,-1,,,,,,,,,,,,,,,,,,,,,,-1,,,-1,,,,,,,,,,,,,,,,,,,,-1,,,,,-1,,,-1,,,,,,,,,0,0,,,,1,0,0,0,0,0,0,1,0,,0,,0,0,0,0,,,0,1,,,,,0,,,,,,,,,,,0,0,,0,,,,0,0,1,0,,1,,,,,,,,,,,,,,0,,0,,,,,0,1,,,,,,1,,1,,0,,0,0,,,,,0,0,,0,0,0,0,,0
monster#ce5f45a3707fe794,,ef_obj_a368.mdl,1,,,,1,,,,,,-1,,,-1,,,,,,,,,,,,,,,,,,,-1,,,,,,,,,-1,,,,,,,,,,,-1,,,,,,,,,,,,,,,,,,,,,,,,,,,,-1,,,,,,,,,0,0,,,,1,0,0,0,0,0,0,1,0,,0,,0,0,0,0,,,0,0,,,,,1,,,,,,,,,,,1,0,,0,,,,0,0,0,0,,1,,,,,,,,,,,,,,0,,0,,,,,0,0,,,,,,0,,1,,0,,0,0,,,,,0,0,,0,0,0,0,,0
monster#ced2f224ff171cbe,,ef_obj_o013.mdl,1,,,,1,,,,,,,,,-1,,,,-1,,,-1,,,,,,,,,,,,,,,,,,,,,-1,,,-1,,,,,-1,,,-1,,,,,,,,,,,,,-1,,,,,,,-1,,,,,,,,-1,,,,,,,,,0,0,,,,0,0,0,0,0,0,0,1,0,,0,,1,0,0,1,,,0,0,,,,,0,,,,,,,,,,,1,0,,1,,,,0,0,1,0,,1,,,,,,,,,,,,,,1,,0,,,,,0,1,,,,,,0,,1,,0,,0,0,,,,,0,0,,0,0,0,0,,0
monster#cf367da67499c56d,mon5103.mdl,mon5103.mdl,1,,,,1,,,,,,-1,,,-1,,,,,,,-1,,,,,,,,,,,,,,,,,,,,,-1,,,,,,,,-1,,,-1,,,,,,,,,,,,,,,,,,,,-1,,,,,,,,-1,,,,,,,,,0,0,,,,1,0,0,0,0,0,0,1,0,,0,,0,0,0,1,,,0,0,,,,,0,,,,,,,,,,,1,0,,0,,,,0,0,1,0,,1,,,,,,,,,,,,,,0,,0,,,,,0,1,,,,,,0,,1,,0,,0,0,,,,,1,0,,0,0,0,0,,0
monster#d046bbfba31163d8,,mon5200.mdl,1,,,,0,,,,,,-1,,,-1,,,,,,,-1,,,,,,,,,,,,,,,,,,,,,-1,,,,,,,,-1,,,,,,,,,,,,,,,,-1,,,,,,,-1,,,,,,,,-1,,,,,,,,,0,0,,,,1,0,0,0,0,0,0,1,0,,0,,0,0,0,1,,,0,0,,,,,0,,,,,,,,,,,1,0,,0,,,,0,0,1,0,,0,,,,,,,,,,,,,,1,,0,,,,,0,1,,,,,,0,,1,,0,,0,0,,,,,0,0,,0,0,0,0,,0
monster#d065d1d7470a09b8,mon5024.mdl,mon5024.mdl,1,,,,1,,,,,,,,,-1,,,,,,,-1,,,,,,,-1,,,,,,,,,,,,,,-1,,,,,,,,-1,,,-1,,,,,,,,,,,,,,,,,,,,-1,,,,,,,,-1,,,,,,,,,0,0,,,,0,0,0,0,0,0,0,1,0,,0,,0,0,0,1,,,0,1,,,,,0,,,,,,,,,,,1,0,,0,,,,0,0,1,0,,1,,,,,,,,,,,,,,0,,0,,,,,0,1,,,,,,0,,1,,0,,0,0,,,,,0,0,,0,0,0,0,,0
monster#d0aeda13ccb8a138,ef_obj_a163.mdl,,1,,,,0,,,,,,,,,-1,,,,-1,,,,,,,,,,,,,,,,,,,,,,,,-1,,,-1,,,,,-1,,,,,,,,,,,,,,,,,,,,,,,-1,,,,,,,,-1,,,,,,,,,0,0,,,,,0,0,0,0,0,0,1,0,,0,,1,0,0,,,,0,,,,,,0,,,,,,0,,,,,1,0,,1,,,,0,0,1,0,,,,,,,,,,,,,,,,,,0,,,,,0,1,,,,,,,0,1,,0,,0,0,,,,,0,0,,0,0,,0,,0
monster#d0e10cfd8a18014c,ef_obj_a217.mdl,,1,,,,0,-1,,,,,,,,-1,,,,,,,,,-1,,,,,,,,,,,,,,,,,,,,,,,,,,,,,,,,,,,,,,,,,,,,,,,,,,-1,,,,,,,-1,,,,,,,,,,1,0,,,,,0,0,0,0,0,0,1,0,,0,,0,0,0,,,,1,,,,,,0,,,,,,0,,,,,0,0,,0,,,,0,0,0,0,,,,,,,,,,,,,,,,,,0,,,,,0,1,,,,,,,1,0,,0,,0,0,,,,,0,0,,0,0,,0,,1
monster#d15c601668dbbde6,ef_obj_a343.mdl,ef_obj_a343.mdl,1,,,,1,,-1,,,,,,,-1,,,,,,,,,-1,,,,,,,,,,-1,,,,,,,,,,,,,,,,-1,,,,,,,,,,,,,,,,,,,,,,,,,,,,,,,,-1,,,,,,,,,0,1,,,,0,0,0,0,0,0,0,1,0,,0,,0,0,0,0,,,1,0,,,,,1,,,,,,,,,,,0,0,,0,,,,0,1,0,0,,0,,,,,,,,,,,,,,0,,0,,,,,0,0,,,,,,0,,1,,0,,0,0,,,,,0,0,,0,0,0,0,,0
monster#d22f1265f2a31794,,ef_obj_a367.mdl,1,,,,0,,,,,,,,,-1,,,,-1,,,,,,,,,,-1,,,,,,,,,,,,,,-1,,,,,,,,,,,-1,,,,,,,,,,,,,,,,,,,,-1,,,,,,,,-1,,,,,,,,,0,0,,,,0,0,0,0,0,0,0,1,0,,0,,1,0,0,0,,,0,1,,,,,0,,,,,,,,,,,1,0,,0,,,,0,0,0,0,,1,,,,,,,,,,,,,,0,,0,,,,,0,1,,,,,,0,,1,,0,,0,0,,,,,0,0,,0,0,0,0,,0
monster#d2b0184cb5d35bb9,,ef_obj_a365.mdl,1,,,,1,,,,,,-1,,-1,-1,,,,-1,,,,,-1,,,,,-1,,,,,,,,,,,,,,-1,,,,,,,,-1,,,-1,,,,,,,,,,,,,,,,,,,,-1,,,,,,,,-1,,,,,,,,,0,0,,,,1,0,0,0,0,0,1,1,0,,0,,1,0,0,0,,,1,1,,,,,0,,,,,,,,,,,1,0,,0,,,,0,0,1,0,,1,,,,,,,,,,,,,,0,,0,,,,,0,1,,,,,,0,,1,,0,,0,0,,,,,0,0,,0,0,0,0,,0
monster#d31da56a4b0568bf,mon5031.mdl,mon5031.mdl,1,,,,1,,,,,,,,,-1,,,,,,,-1,,,,,,,-1,,,,,-1,,,,,,,,,-1,,,,,,,,-1,,,-1,,,,,,,,,,,,,-1,,,,,,,-1,,,,,,,,-1,,,,,,,,,0,0,,,,0,0,0,0,0,0,0,1,0,,0,,0,0,0,1,,,0,1,,,,,1,,,,,,,,,,,1,0,,0,,,,0,0,1,0,,1,,,,,,,,,,,,,,1,,0,,,,,0,1,,,,,,0,,1,,0,,0,0,,,,,0,0,,0,0,0,0,,0
monster#d350d25b68efeed7,,mon5264.mdl,1,,,,1,-1,,,,,-1,,,-1,,,,,,,,,,,,,,-1,,,,,,,,,,,,,,,,,,,,-1,,-1,,,-1,,,,,,,,,,,,,-1,,,,,,,-1,,,,,,,,-1,,,,,,,,,1,0,,,,1,0,0,0,0,0,0,1,0,,0,,0,0,0,0,,,0,1,,,,,0,,,,,,,,,,,0,0,,0,,,,1,0,1,0,,1,,,,,,,,,,,,,,1,,0,,,,,0,1,,,,,,0,,1,,0,,0,0,,,,,0,0,,0,0,0,0,,0
monster#d39c1561deed53f3,,ef_shp_o020.mdl,1,,,,0,,,,,,,,,,,,,,,,,,,,,,,,,,,,,,,,,,,,,,,,,,,,,,,,,,,,,,,,,,,,,,,,,,,,,,,,,,,,,,,,,,,,,0,0,,,,0,0,0,0,0,0,0,0,0,,0,,0,0,0,0,,,0,0,,,,,0,,,,,,,,,,,0,0,,0,,,,0,0,0,0,,0,,,,,,,,,,,,,,0,,0,,,,,0,0,,,,,,0,,0,,0,,0,0,,,,,4,0,,0,0,0,0,,0
monster#d3e60da11b234d83,,mon5006_c01.mdl,1,,,,0,,,,,,-1,,,-1,,,,,,,-1,,,,,,,-1,,,,,-1,,,,,,,,,-1,,,-1,,,,,-1,,,-1,,,,,,,,,,,,,,,,,,,,-1,,,,,,,,-1,,,,,,,,,0,0,,,,1,0,0,0,0,0,0,1,0,,0,,0,0,0,1,,,0,1,,,,,1,,,,,,,,,,,1,0,,1,,,,0,0,1,0,,1,,,,,,,,,,,,,,0,,0,,,,,0,1,,,,,,0,,1,,0,,0,0,,,,,0,0,,0,0,0,0,,0
monster#d4260d76a8779478,mon5016.mdl,mon5016.mdl,1,,,,0,,,,,,-1,,,-1,,,,,,,-1,,,,,,,-1,,,,,,,,,,,,,,,,,,,,,-1,-1,,,,,,,,,,,,,,,,,,,,,,,,,,,,,,,-1,,,,,,,,,0,0,,,,1,0,0,0,0,0,0,1,0,,0,,0,0,0,1,,,0,1,,,,,0,,,,,,,,,,,0,0,,0,,,,0,1,1,0,,0,,,,,,,,,,,,,,0,,0,,,,,0,0,,,,,,0,,1,,0,,0,0,,,,,0,0,,0,0,0,0,,0
monster#d436835eedfd6194,ef_obj_a350.mdl,ef_obj_a350.mdl,1,,,,1,,,,,,,,,-1,,,,,,,,,,,,,,,,,,,,,,,,,,,,,,,,,,,,,,,-1,,,,,,,,,,,,,,,,,,,,-1,,,,,,,,-1,,,,,,,,,0,0,,,,0,0,0,0,0,0,0,1,0,,0,,0,0,0,0,,,0,0,,,,,0,,,,,,,,,,,0,0,,0,,,,0,0,0,0,,1,,,,,,,,,,,,,,0,,0,,,,,0,1,,,,,,0,,1,,0,,0,0,,,,,0,0,,0,0,0,0,,0
monster#d5212411da7bcc57,,ef_obj_g006.mdl,1,,,,1,,,,,,-1,,,-1,,,,-1,,,-1,,,,,,,,,,,,,,,,,,,,,-1,,,,,,,,-1,,,-1,,,,,,,,,,,,,,,,,,,,-1,,,,,,,,-1,,,,,,,,,0,0,,,,1,0,0,0,0,0,0,1,0,,0,,1,0,0,1,,,0,0,,,,,0,,,,,,,,,,,1,0,,0,,,,0,0,1,0,,1,,,,,,,,,,,,,,0,,0,,,,,0,1,,,,,,0,,1,,0,,0,0,,,,,0,0,,0,0,0,0,,0
monster#d5960c2c090f0ae4,orbment_cursor_triangle.mdl,,1,,,,0,,,,,,,,,-1,,,,,,,,,,,,,,,,,,,,,,,,,,,,-1,,,,,,,,,,,,,,,,,,,,,,,,,,,,,,,-1,,,,,,,,,,,,,,,,,0,0,,,,0,0,0,0,0,0,0,1,0,,0,,0,0,0,0,,,0,0,,,,,0,,,,,,,,,,,1,0,,0,,,,0,0,0,0,,0,,,,,,,,,,,,,,0,,0,,,,,0,1,,,,,,0,,0,,0,,0,0,,,,,0,0,,0,0,0,0,,0
monster#d5ba75c3aafafaa5,mon5039.mdl,ef_obj_w051.mdl,1,,,,1,,,,,,,,,-1,,,,,,,-1,,,,,,,,,,,,,,,,,,,,,-1,,,,,,,,-1,,,-1,,,,,,,,,,,,,,,,,,,,-1,,,,,,,,-1,,,,,,,,,0,0,,,,0,0,0,0,0,0,0,1,0,,0,,0,0,0,1,,,0,0,,,,,0,,,,,,,,,,,1,0,,0,,,,0,0,1,0,,1,,,,,,,,,,,,,,0,,0,,,,,0,1,,,,,,0,,1,,0,,0,0,,,,,0,0,,0,0,0,0,,0
monster#d5bdf876dc3b7481,mon5006_c00.mdl,mon5006_c00.mdl,1,,,,1,,,,,,-1,,,-1,,,,,,,-1,,,,,,,,,,,,-1,,,,,,,,,,,,-1,,,,,-1,,,-1,,,,,,,,,,,,,,,,,,,,-1,,,,,,,,-1,,,,,,,,,0,0,,,,1,0,0,0,0,0,0,1,0,,0,,0,0,0,1,,,0,0,,,,,1,,,,,,,,,,,0,0,,1,,,,0,0,1,0,,1,,,,,,,,,,,,,,0,,0,,,,,0,1,,,,,,0,,1,,0,,0,0,,,,,0,0,,0,0,0,0,,0
monster#d5f5372a54b0cdc4,,mon5106.mdl,1,,,,1,,,,,,,,,-1,-1,,-1,-1,-1,-1,-1,,,,,-1,,,,,,,,,,,,,,,,,,,,,,,,,,,-1,,,,,,,,,,,,,,,,,,,,-1,,,,,,,,-1,,,,,-1,,,,0,0,,,,0,0,0,0,1,0,0,1,1,,1,,1,1,1,1,,,0,0,,,,,0,,,,,,,,,,,0,0,,0,,,,0,0,0,0,,1,,,,,,,,,,,,,,0,,0,,,,,0,1,,,,,,0,,1,,0,,0,1,,,,,1,1,,0,0,0,0,,0
monster#d6c7d778355817e7,mon5074.mdl,mon5074.mdl,1,,,,0,,,,,,,,,-1,,,,,,,,,,,,,,,,,,,,,,,,,,,,,,,,,,,,-1,,,-1,,,,,,,,,,,,,,,,,,,,-1,,,,,,,,-1,,,,,,,,,0,0,,,,0,0,0,0,0,0,0,1,0,,0,,0,0,0,0,,,0,0,,,,,0,,,,,,,,,,,0,0,,0,,,,0,0,1,0,,1,,,,,,,,,,,,,,0,,0,,,,,0,1,,,,,,0,,1,,0,,0,0,,,,,0,0,,0,0,0,0,,0
monster#d7667707e414e6e3,mon5078.mdl,mon5078_c02.mdl,1,,,,1,,,,,,-1,,,-1,,,,-1,,,,,,,,,,,,,,,,,,,,,,,,,,,,,,,,-1,,,-1,,,,,,,,,,,,,,,,,,,,-1,,,,,-1,,,-1,,,,,,,,,0,0,,,,1,0,0,0,0,0,0,1,0,,0,,1,0,0,0,,,0,0,,,,,0,,,,,,,,,,,0,0,,0,,,,0,0,1,0,,1,,,,,,,,,,,,,,0,,0,,,,,0,1,,,,,,1,,1,,0,,0,0,,,,,0,0,,0,0,0,0,,0
monster#d801e56efee141cf,,mon5102_c00.mdl,1,,,,1,,,,,,-1,,,-1,,,,,-1,,-1,,,,,,,,,,,,,,,,,,,,,-1,,,,,,,,-1,,,-1,,,,,,,,,,,,,,,,,,,,-1,,,,,,,,-1,,,,,,,,,0,0,,,,1,0,0,0,0,0,0,1,0,,0,,0,1,0,1,,,0,0,,,,,0,,,,,,,,,,,1,0,,0,,,,0,0,1,0,,1,,,,,,,,,,,,,,0,,0,,,,,0,1,,,,,,0,,1,,0,,0,0,,,,,1,1,,0,0,0,0,,0
monster#d8378e1890dcd110,,ef_obj_a378.mdl,1,,,,1,,,,,,-1,,,-1,-1,,,,-1,,,,,,,,,,,,,,,,,,,,,,,,,,,,,,,,,,-1,,,,,,,,,,,,,,,,,,,,-1,,,,,,,,-1,,,,,-1,,,,0,0,,,,1,0,0,0,0,0,0,1,1,,0,,0,1,0,0,,,0,0,,,,,0,,,,,,,,,,,0,0,,0,,,,0,0,0,0,,1,,,,,,,,,,,,,,0,,0,,,,,0,1,,,,,,0,,1,,0,,0,1,,,,,1,0,,0,0,0,0,,0
monster#d87e10b3cc7f1eb8,,mon5043.mdl,1,,,,1,,,,,,-1,,,-1,,,,-1,,,-1,,-1,,,,,,,,,,-1,,,,,,,,,,,,,,,,,-1,,,,,,,,,,,,,,,,,,,,,,,,,,,,-1,,,-1,,,,,,,,,0,0,,,,1,0,0,0,0,0,0,1,0,,0,,1,0,0,1,,,1,0,,,,,1,,,,,,,,,,,0,0,,0,,,,0,0,1,0,,0,,,,,,,,,,,,,,0,,0,,,,,0,0,,,,,,1,,1,,0,,0,0,,,,,0,0,,0,0,0,0,,0
monster#d91f7f86a9dd573c,mon5036.mdl,mon5036_c00.mdl,1,,,,0,,,,,,-1,,,-1,,,,,,,-1,,,,,,,-1,,,,,,,,,,,,,,-1,,,,,,,,-1,,,-1,,,,,,,,,,,,,-1,,,,,,,-1,,,,,,,,-1,,,,,,,,,0,0,,,,1,0,0,0,0,0,0,1,0,,0,,0,0,0,1,,,0,1,,,,,0,,,,,,,,,,,1,0,,0,,,,0,0,1,0,,1,,,,,,,,,,,,,,1,,0,,,,,0,1,,,,,,0,,1,,0,,0,0,,,,,0,0,,0,0,0,0,,0
monster#d93d3f0731669102,ef_obj_a100.mdl,,1,,,,0,,,,,,,,,-1,,,,,,,,,,,,,,,,,,,,,,,,,,,,,,,,,,,,,,,,,,,,,,,,,,,,,,-1,,,,,,,,,,,,,,,,,,,,,,0,0,,,,,0,0,0,0,0,0,1,0,,0,,0,0,0,,,,0,,,,,,0,,,,,,0,,,,,0,0,,0,,,,0,0,0,0,,,,,,,,,,,,,,,,,,1,,,,,0,0,,,,,,,0,0,,0,,0,0,,,,,0,0,,0,0,,0,,0
monster#da09ca4577bd07bf,,mon5074_c00.mdl,1,,,,1,,,,,,-1,,,-1,,,,,,,,,,,,,,-1,,,,,,,,,,,,,,,,,,,,,,,,,-1,,,,,,,,,,,,,-1,,,,,,,-1,,,,,-1,,,-1,,,,,,,,,0,0,,,,1,0,0,0,0,0,0,1,0,,0,,0,0,0,0,,,0,1,,,,,0,,,,,,,,,,,0,0,,0,,,,0,0,0,0,,1,,,,,,,,,,,,,,1,,0,,,,,0,1,,,,,,1,,1,,0,,0,0,,,,,0,0,,0,0,0,0,,0
monster#da0d5287cbb511cd,,mon5106.mdl,1,,,,1,,,,,,-1,,,-1,-1,,,-1,-1,,-1,,,,-1,,,,,,,,,,,,,,,,,,,,,,,,,,,,-1,,,,,,,,,,,,,,,,,,,,-1,,,,,,,,-1,,,,,-1,,,,0,0,,,,1,0,0,1,0,0,0,1,1,,0,,1,1,0,1,,,0,0,,,,,0,,,,,,,,,,,0,0,,0,,,,0,0,0,0,,1,,,,,,,,,,,,,,0,,0,,,,,0,1,,,,,,0,,1,,0,,0,1,,,,,1,0,,0,0,0,0,,0
monster#daa95194354b9bc2,,ob_e22_001.mdl,0,,,,1,,,,,,,,,-1,,,,,,,,,,,,,,,,,,,,,,,,,,,,,,,,,,,,-1,,,-1,,,,,,,,,,,,,-1,,,,,,,-1,,,,,,,,-1,,,,,,,,,0,0,,,,0,0,0,0,0,0,0,1,0,,0,,0,0,0,0,,,0,0,,,,,0,,,,,,,,,,,0,0,,0,,,,0,0,1,0,,1,,,,,,,,,,,,,,1,,0,,,,,0,1,,,,,,0,,1,,0,,0,0,,,,,0,2,,0,0,0,0,,0
monster#dab0965052cd70e8,,equ2027.mdl,0,,,,0,,,,,,,,,-1,,,,,,,,,,,,,,,,,,,-1,,,,,,,,,,,,,,,,,,,,,,,,,,,,,,,,,,,,,,,,,,,,,,,,,,,,,-1,,,,0,0,,,,0,0,0,0,0,0,0,1,0,,0,,0,0,0,0,,,0,0,,,,,1,,,,,,,,,,,0,0,,0,,,,0,0,0,0,,0,,,,,,,,,,,,,,0,,0,,,,,0,0,,,,,,0,,0,,0,,0,1,,,,,0,0,,0,0,0,0,,0
monster#dab5771ca8b49aae,mon9997.mdl,mon5240_c10.mdl,1,,,,0,,,,,,,,,-1,,,,,,,,,,,,,,,,,,,,,,,,,,,,,,,,,,,,,,,-1,,,,,,,,,,,,,-1,,,,,,,-1,,,,,,,,,,,,,,,,,0,0,,,,0,0,0,0,0,0,0,1,0,,0,,0,0,0,0,,,0,0,,,,,0,,,,,,,,,,,0,0,,0,,,,0,0,0,0,,1,,,,,,,,,,,,,,1,,0,,,,,0,1,,,,,,0,,0,,0,,0,0,,,,,0,0,,0,0,0,0,,0
monster#db0cbbb28e7e96cc,mon9997.mdl,mon9997.mdl,1,,,,0,,,,,,,,,-1,,,,-1,,,,,,,,,,,,,,,,,,,,,,,,,,,,,,,,,,,,,,,,,,,,,,,,,,,,,,,-1,,,,,-1,,,-1,,,,,,,,,0,0,,,,0,0,0,0,0,0,0,1,0,,0,,1,0,0,0,,,0,0,,,,,0,,,,,,,,,,,0,0,,0,,,,0,0,0,0,,0,,,,,,,,,,,,,,0,,0,,,,,0,1,,,,,,1,,1,,0,,0,0,,,,,0,0,,0,0,0,0,,0
monster#db257dc6903ead5a,mon5047.mdl,mon5047.mdl,1,,,,0,,,,,,-1,,,-1,,,,,,,-1,,,,,,,,,,,,-1,,,,,,,,,-1,,,,,,,,-1,,,-1,,,,,,,,,,,,,,,,,,,,-1,,,,,-1,,,-1,,,,,,,,,0,0,,,,1,0,0,0,0,0,0,1,0,,0,,0,0,0,1,,,0,0,,,,,1,,,,,,,,,,,1,0,,0,,,,0,0,1,0,,1,,,,,,,,,,,,,,0,,0,,,,,0,1,,,,,,1,,1,,0,,0,0,,,,,0,0,,0,0,0,0,,0
monster#dc05156792254bd6,ef_shp_p006.mdl,ef_shp_o009.mdl,1,,,,0,,,,,,,,,,,,,-1,,,,,,,,,,,,,,,,,,,,,,,,,,,,,,,,,,,,,,,,,,,,,,,,,,,,,,,,,,,,,,,,,,,,,,,,0,0,,,,,0,0,0,0,0,0,0,0,,0,,1,0,0,,,,0,,,,,,0,,,,,,0,,,,,0,0,,0,,,,0,0,0,0,,,,,,,,,,,,,,,,,,0,,,,,0,0,,,,,,,0,0,,0,,0,0,,,,,0,0,,0,0,,0,,0
monster#dcb476c2c26487b5,,etc1200.mdl,1,,,,1,-1,,,,,,,,-1,-1,,-1,,,,,,-1,-1,-1,-1,-1,,,,,,,,,,,,,,,,,,,,,,,,,,,,,,,,,,,,,,,,,,,,,,,,,,,,,,-1,,,,,,,,,1,0,,,,0,0,1,1,1,1,0,1,1,,1,,0,0,0,0,,,1,0,,,,,0,,,,,,,,,,,0,0,,0,,,,0,0,0,0,,0,,,,,,,,,,,,,,0,,0,,,,,0,0,,,,,,0,,1,,0,,0,0,,,,,4,4,,0,0,0,0,,0
monster#dcbffc336667bb86,ef_obj_b014.mdl,,1,,,,0,-1,,,,,,,,-1,,,,,,,,,-1,-1,,,-1,,,,,,,,,,,,,,,,,,,,,-1,-1,,,,,,,,,,,,,,,,,,,,,,,,,,,,,,,-1,,,,,,-1,,,,1,0,,,,,0,1,0,0,1,0,1,0,,0,,0,0,0,,,,1,,,,,,0,,,,,,0,,,,,0,0,,0,,,,1,1,0,0,,,,,,,,,,,,,,,,,,0,,,,,0,0,,,,,,,1,0,,0,,0,1,,,,,0,0,,0,0,,0,,1
monster#dce6bb6017e9eec2,ef_obj_a112.mdl,,1,,,,0,,,,,,,,,-1,,,,,,,,,,,,,,,,,,,,,,,,,,,,-1,,,,,,,,-1,,,,,,,,,,,,,,,,,,,,,,,,,,,,,,,-1,,,,,,,,,0,0,,,,,0,0,0,0,0,0,1,0,,0,,0,0,0,,,,0,,,,,,0,,,,,,0,,,,,1,0,,0,,,,0,0,1,0,,,,,,,,,,,,,,,,,,0,,,,,0,0,,,,,,,0,1,,0,,0,0,,,,,0,0,,0,0,,0,,0
monster#de2ecad56be65713,,etc1200.mdl,1,,,,1,-1,,,,,,,,-1,-1,,-1,-1,,,,,-1,-1,-1,,-1,,,,,,,,,,,,,,,,,,,,,,,,,,,,,,,,,,,,,,,,,,,,,,,,,,,,,,-1,,,,,,,,,1,0,,,,0,0,1,1,0,1,0,1,1,,1,,1,0,0,0,,,1,0,,,,,0,,,,,,,,,,,0,0,,0,,,,0,0,0,0,,0,,,,,,,,,,,,,,0,,0,,,,,0,0,,,,,,0,,1,,0,,0,0,,,,,4,4,,0,0,0,0,,0
monster#df1b5c923610f4b1,ef_obj_a159.mdl,ef_obj_a159.mdl,1,,,,0,,,,,,,,,-1,,,,,,,,,,,,,,,,,,,-1,,,,,,,,,-1,,,-1,,,,,-1,,,,,,,,,,,,,,,,,,,,,,,,,,,,,,,-1,,,,,,,,,0,0,,,,,0,0,0,0,0,0,1,0,,0,,0,0,0,,,,0,,,,,,1,,,,,,0,,,,,1,0,,1,,,,0,0,1,0,,,,,,,,,,,,,,,,,,0,,,,,0,0,,,,,,,0,1,,0,,0,0,,,,,0,0,,0,0,,0,,0
monster#df2defbc15fb59a2,mon5014_c02.mdl,mon5014_c02.mdl,1,,,,1,,,,,,,,,-1,,,,,,,-1,,,,,,,-1,,,,,,,,,,,,,,-1,,,-1,,,,,-1,,,-1,,,,,,,,,,,,,-1,,,,,,,-1,,,,,,,,-1,,,,,,,,,0,0,,,,0,0,0,0,0,0,0,1,0,,0,,0,0,0,1,,,0,1,,,,,0,,,,,,,,,,,1,0,,1,,,,0,0,1,0,,1,,,,,,,,,,,,,,1,,0,,,,,0,1,,,,,,0,,1,,0,,0,0,,,,,0,0,,0,0,0,0,,0
monster#dfd5248e6031a55f,ef_obj_a100.mdl,,1,,,,0,,,,,,,,,-1,-1,,,,,,,,,,,,,,,,,,,,,,,-1,,,,,,,,,,,,-1,,,,,,,,,,,,,,,,,,,,,,,,,,,,,,,,,,,,,,,,0,0,,,,,0,0,0,0,0,0,1,1,,0,,0,0,0,,,,0,,,,,,0,,,,,,1,,,,,0,0,,0,,,,0,0,1,0,,,,,,,,,,,,,,,,,,0,,,,,0,0,,,,,,,0,0,,0,,0,0,,,,,0,0,,0,0,,0,,0
monster#e07a0630945fce56,ef_obj_z046.mdl,etc0041.mdl,1,,,,0,,,,,,,,,,,,,,,,,,-1,,,,,,,,,,,,,,,,,,,,,,,,,,,,,,,,,,,,,,,,,,,,,,,,,-1,,,,,,,,,,,,,,,,,,0,0,,,,,0,0,0,0,0,0,0,0,,0,,0,0,0,,,,1,,,,,,0,,,,,,0,,,,,0,0,,0,,,,0,0,0,0,,,,,,,,,,,,,,,,,,0,,,,,1,0,,,,,,,0,0,,0,,0,0,,,,,0,0,,0,0,,0,,0
monster#e0d55ebdba2387d6,,ef_obj_o019.mdl,1,,,,1,,,,,,,,,-1,,,,-1,,,,,,,,,,,,,,,,,,,,,,,,-1,,,-1,,,,,-1,,,-1,,,,,,,,,,,,,,,,,,,,-1,,,,,,,,-1,,,,,,,,,0,0,,,,0,0,0,0,0,0,0,1,0,,0,,1,0,0,0,,,0,0,,,,,0,,,,,,,,,,,1,0,,1,,,,0,0,1,0,,1,,,,,,,,,,,,,,0,,0,,,,,0,1,,,,,,0,,1,,0,,0,0,,,,,0,0,,0,0,0,0,,0
monster#e111a16b9b3874e0,ef_obj_a132.mdl,,1,,,,0,,,,,,,,,-1,,,,-1,,,,,-1,,,,,,,,,,,,,,,,,,,,,,,,,,,,,,,,,,,,,,,,,,,,,,,,,,,,,,,,,-1,,,,,,,,,,0,0,,,,,0,0,0,0,0,0,1,0,,0,,1,0,0,,,,1,,,,,,0,,,,,,0,,,,,0,0,,0,,,,0,0,0,0,,,,,,,,,,,,,,,,,,0,,,,,0,0,,,,,,,1,0,,0,,0,0,,,,,0,0,,0,0,,0,,0
monster#e16c2863aa6ffd0a,,mon5260.mdl,1,,,,1,,,,,,-1,,,-1,,,,,,,-1,,,,,,,-1,,,,,,,,,,,,,,,,,,,,-1,,-1,,,-1,,,,,,,,,,,,,-1,,,,,,,-1,,,,,,,,-1,,,,,,,,,0,0,,,,1,0,0,0,0,0,0,1,0,,0,,0,0,0,1,,,0,1,,,,,0,,,,,,,,,,,0,0,,0,,,,1,0,1,0,,1,,,,,,,,,,,,,,1,,0,,,,,0,1,,,,,,0,,1,,0,,0,0,,,,,0,0,,0,0,0,0,,0
monster#e28c2d8deba3ef9a,,rob0000.mdl,1,,,,1,,,,,,,,,-1,,,,,,,,,,,,,,,,,,,-1,,,,,,,,,,,,,,,,,,,,-1,,,,,,,,,,,,,,,,,,,,,,,,,,,,-1,,,,,,,,,0,0,,,,0,0,0,0,0,0,0,1,0,,0,,0,0,0,0,,,0,0,,,,,1,,,,,,,,,,,0,0,,0,,,,0,0,0,0,,1,,,,,,,,,,,,,,0,,0,,,,,0,0,,,,,,0,,1,,0,,0,0,,,,,0,0,,0,0,0,0,,0
monster#e2faf15d101e1775,,mon5232.mdl,1,,,,1,,,,,,-1,,,-1,,,,,,,,,,,,,,,,,,,,,,,,,,,,,,,,,,,,,,,-1,,,,,,,,,,,,,,,,,,,,-1,,,,,,,,,,,,,,,,,0,0,,,,1,0,0,0,0,0,0,1,0,,0,,0,0,0,0,,,0,0,,,,,0,,,,,,,,,,,0,0,,0,,,,0,0,0,0,,1,,,,,,,,,,,,,,0,,0,,,,,0,1,,,,,,0,,0,,0,,0,0,,,,,0,0,,0,0,0,0,,0
monster#e3122e493e0ddf29,ef_obj_a341.mdl,,1,,,,0,,,,,,-1,,,-1,,,,-1,,,,,,,,,,,,,,,,,,,,,,,,,,,,,,,,,,,-1,,,,,,,,,,,,,,,,,,,,-1,,,,,,,,-1,,,,,,,,,0,0,,,,1,0,0,0,0,0,0,1,0,,0,,1,0,0,0,,,0,0,,,,,0,,,,,,,,,,,0,0,,0,,,,0,0,0,0,,1,,,,,,,,,,,,,,0,,0,,,,,0,1,,,,,,0,,1,,0,,0,0,,,,,0,0,,0,0,0,0,,0
monster#e448483178f7136b,mon5079.mdl,mon5079.mdl,1,,,,1,,,,,,-1,,,-1,,,,,,,,,,,,,,,,,,,,,,,,,,,,,,,,,,,,,,,-1,,,,,,,,,,,,,,,,,,,,-1,,,,,-1,,,-1,,,,,,,,,0,0,,,,1,0,0,0,0,0,0,1,0,,0,,0,0,0,0,,,0,0,,,,,0,,,,,,,,,,,0,0,,0,,,,0,0,0,0,,1,,,,,,,,,,,,,,0,,0,,,,,0,1,,,,,,1,,1,,0,,0,0,,,,,0,0,,0,0,0,0,,0
monster#e54f6f08964faf7b,ef_obj_a156.mdl,ef_obj_a157.mdl,1,,,,0,,,,,,,,,-1,,,,-1,,,,,,,,,,,,,,,-1,,,,,,,,,,,,,,,,,,,,,,,,,,,,,,,,,,,,,,,,,,,,,,,-1,,,,,,,,,,0,0,,,,,0,0,0,0,0,0,1,0,,0,,1,0,0,,,,0,,,,,,1,,,,,,0,,,,,0,0,,0,,,,0,0,0,0,,,,,,,,,,,,,,,,,,0,,,,,0,0,,,,,,,1,0,,0,,0,0,,,,,0,0,,0,0,,0,,1
monster#e631b56c86bffc39,mon5040.mdl,,1,,,,1,,,,,,-1,,,-1,,,,,,,-1,,,,,,,,,,,,,,,,,,,,,-1,,,-1,,,,,-1,,,-1,,,,,,,,,,,,,,,,,,,,-1,,,,,,,,-1,,,,,,,,,0,0,,,,1,0,0,0,0,0,0,1,0,,0,,0,0,0,1,,,0,0,,,,,0,,,,,,,,,,,1,0,,1,,,,0,0,1,0,,1,,,,,,,,,,,,,,0,,0,,,,,0,1,,,,,,0,,1,,0,,0,0,,,,,0,0,,0,0,0,0,,0
monster#e6948e7f8f4cdf98,,mon5212.mdl,1,,,,1,,,,,,-1,,,-1,,,,,,,-1,,-1,,,,,,,,,,,,,,,,,,,-1,,,,,,,,-1,,,-1,,,,,,,,,,,,,,,,,,,,-1,,,,,,,,-1,,-1,,,,,,,0,0,,,,1,0,0,0,0,0,0,1,0,,0,,0,0,0,1,,,1,0,,,,,0,,,,,,,,,,,1,0,,0,,,,0,0,1,0,,1,,,,,,,,,,,,,,0,,0,,,,,0,1,,,,,,0,,1,,1,,0,0,,,,,0,0,,0,0,0,0,,0
monster#e6de44bd67ec1430,,miyanishi.mdl,1,,,,1,-1,,,,,,,,-1,-1,,-1,,,,,,-1,-1,-1,,-1,,,,,,,,,,,,,,,,,,,,,,,,,,,,,,,,,,,,,,,,,,,,,,-1,,,,,,,,-1,,,,,,,,,1,0,,,,0,0,1,1,0,1,0,1,1,,1,,0,0,0,0,,,1,0,,,,,0,,,,,,,,,,,0,0,,0,,,,0,0,0,0,,0,,,,,,,,,,,,,,0,,0,,,,,0,1,,,,,,0,,1,,0,,0,0,,,,,4,4,,0,0,0,0,,0
monster#e7da0c31985d8726,,ef_obj_a370.mdl,1,,,,0,,,,,,,,,-1,,,,-1,,,,,,,,,,-1,,,,,,,,,,,,,,-1,,,,,,,,-1,,,,,,,,,,,,,,,,,,,,,,,-1,,,,,,,,-1,,,,,,,,,0,0,,,,0,0,0,0,0,0,0,1,0,,0,,1,0,0,0,,,0,1,,,,,0,,,,,,,,,,,1,0,,0,,,,0,0,1,0,,0,,,,,,,,,,,,,,0,,0,,,,,0,1,,,,,,0,,1,,0,,0,0,,,,,0,0,,0,0,0,0,,0
monster#e80d5d2348adae65,ef_obj_a035.mdl,ef_shp_y007.mdl,1,,,,0,,,,,,,,,-1,,,,,,,,,,,,,,,,,,,,,,,,,,,,,,,,,,,,,,,,,,,,,,,,,,,,,,,,,,,-1,,,,,,,,,,,,,,,,,0,0,,,,,0,0,0,0,0,0,1,0,,0,,0,0,0,,,,0,,,,,,0,,,,,,0,,,,,0,0,,0,,,,0,0,0,0,,,,,,,,,,,,,,,,,,0,,,,,0,1,,,,,,,0,0,,0,,0,0,,,,,0,0,,0,0,,0,,0
monster#e87bf1125f61c251,ef_obj_a219.mdl,,1,,,,0,,,,,,,,,-1,,,,,,,,,-1,-1,,,-1,,,,,,,,,,,,,,,,,,,,,,-1,,,,,,,,,,,,,,,,,,,,,,,,,,,,,,,-1,,,,,,,,,,0,0,,,,,0,1,0,0,1,0,1,0,,0,,0,0,0,,,,1,,,,,,0,,,,,,0,,,,,0,0,,0,,,,0,1,0,0,,,,,,,,,,,,,,,,,,0,,,,,0,0,,,,,,,1,0,,0,,0,0,,,,,0,0,,0,0,,0,,0
monster#e88f7404faee4de1,,etc1110.mdl,1,,,,1,,,,,,-1,,,-1,,,,,,,,,,,,,,,,,,,,,,,,,,,,-1,,,-1,,,,,-1,,,-1,,,,,,,,,,,,,,,,,,,,-1,,,,,,,,-1,,,,,,,,,0,0,,,,1,0,0,0,0,0,0,1,0,,0,,0,0,0,0,,,0,0,,,,,0,,,,,,,,,,,1,0,,1,,,,0,0,1,0,,1,,,,,,,,,,,,,,0,,0,,,,,0,1,,,,,,0,,1,,0,,0,0,,,,,0,0,,0,0,0,0,,0
monster#e8e96f623bbb0a96,,ef_shp_o021.mdl,1,,,,0,,,,,,,,,,,,,-1,-1,,,,,,,,,,,,,,,,,,,,,,,,,,,,,,,,,,,,,,,,,,,,,,,,,,,,,,,,,,,,,,,,,,,,,,,0,0,,,,0,0,0,0,0,0,0,0,0,,0,,1,1,0,0,,,0,0,,,,,0,,,,,,,,,,,0,0,,0,,,,0,0,0,0,,0,,,,,,,,,,,,,,0,,0,,,,,0,0,,,,,,0,,0,,0,,0,0,,,,,3,0,,0,0,0,0,,0
monster#e98b8769a1e78f48,ef_obj_a163.mdl,,1,,,,0,,,,,,,,,-1,,,,,,,,,,,,,,,,,,,,,,,,,,,,-1,,,-1,,,,,-1,,,,,,,,,,,,,,,,,,,,,,,-1,,,,,,,,-1,,,,,,,,,0,0,,,,,0,0,0,0,0,0,1,0,,0,,0,0,0,,,,0,,,,,,0,,,,,,0,,,,,1,0,,1,,,,0,0,1,0,,,,,,,,,,,,,,,,,,0,,,,,0,1,,,,,,,0,1,,0,,0,0,,,,,0,0,,0,0,,0,,0
monster#e9d002b04615562d,,mon5230.mdl,0,,,,1,,,,,,-1,,,-1,,,,,,,,,,,,,,-1,,,,,,,,,,,,,,-1,,,,,,,,-1,,,-1,,,,,,,,,,,,,,,,,,,,-1,,,,,,,,-1,,,,,-1,,,,0,0,,,,1,0,0,0,0,0,0,1,0,,0,,0,0,0,0,,,0,1,,,,,0,,,,,,,,,,,1,0,,0,,,,0,0,1,0,,1,,,,,,,,,,,,,,0,,0,,,,,0,1,,,,,,0,,1,,0,,0,1,,,,,0,0,,0,0,0,0,,0
monster#ea64e5aa245316f5,,equ0142.mdl,1,,,,1,,,,,,,,,-1,-1,,-1,,,,-1,,-1,,,,,,,,,,,,,,,,,,,-1,,,,,,,,-1,,,-1,,,,,,,,,,,,,-1,,,,,,,-1,,,,,,,,-1,,,,,-1,,,,0,0,,,,0,0,0,0,0,0,0,1,1,,1,,0,0,0,1,,,1,0,,,,,0,,,,,,,,,,,1,0,,0,,,,0,0,1,0,,1,,,,,,,,,,,,,,1,,0,,,,,0,1,,,,,,0,,1,,0,,0,1,,,,,3,4,,0,0,0,0,,0
monster#eaa2c239ee196271,,ef_obj_a396.mdl,1,,,,0,,,,,,,,,-1,,,,-1,,,-1,,,,,,,,,,,,-1,,,,,,,,,,,,,,,,,,,,,,,,,,,,,,,,,,,,,,,,-1,,,,,,,,,,,,,,,,,0,0,,,,0,0,0,0,0,0,0,1,0,,0,,1,0,0,1,,,0,0,,,,,1,,,,,,,,,,,0,0,,0,,,,0,0,0,0,,0,,,,,,,,,,,,,,0,,0,,,,,0,1,,,,,,0,,0,,0,,0,0,,,,,0,0,,0,0,0,0,,1
monster#eadc7a6e1975bc9f,ef_obj_e006.mdl,,1,,,,0,,,,,,,,,-1,,,,,,,,,,,,,,,,,,,-1,,,,,,,,,,,,,,,-1,,,,,,,,,,,,,,,,,,,,,,,,,,,,,,,,,,,,,,,,,,0,0,,,,,0,0,0,0,0,0,1,0,,0,,0,0,0,,,,0,,,,,,1,,,,,,0,,,,,0,0,,0,,,,1,0,0,0,,,,,,,,,,,,,,,,,,0,,,,,0,0,,,,,,,0,0,,0,,0,0,,,,,0,0,,0,0,,0,,1
monster#eb4ae48124fa151a,,ob_e22_001.mdl,0,,,,1,,,,,,,,,-1,,,,-1,,,,,,,,,,,,,,,,,,,,,,,,,,,,,,,,,,,-1,,,,,,,,,,,,,-1,,,,,,,-1,,,,,,,,-1,,,,,,,,,0,0,,,,0,0,0,0,0,0,0,1,0,,0,,1,0,0,0,,,0,0,,,,,0,,,,,,,,,,,0,0,,0,,,,0,0,0,0,,1,,,,,,,,,,,,,,1,,0,,,,,0,1,,,,,,0,,1,,0,,0,0,,,,,0,0,,0,0,0,0,,0
monster#ebb8e8fcf00ba655,,etc1110.mdl,1,,,,1,,,,,,,,,-1,,,,,,,,,,,,,,,,,,,-1,,,,,,,,,,,,,,,,,,,,,,,,,,,,,,,,,,,,,,,,-1,,,,,,,,,,,,,,,,,0,0,,,,0,0,0,0,0,0,0,1,0,,0,,0,0,0,0,,,0,0,,,,,1,,,,,,,,,,,0,0,,0,,,,0,0,0,0,,0,,,,,,,,,,,,,,0,,0,,,,,0,1,,,,,,0,,0,,0,,0,0,,,,,0,0,,0,0,0,0,,0
monster#ebe44f3eca541bcc,ef_obj_a349.mdl,ef_obj_a349.mdl,1,,,,1,,,,,,,,,-1,,,,,,,-1,,,,,,,-1,,,,,,,,,,,,,,-1,,,-1,,,,,-1,,,-1,,,,,,,,,,,,,,,,,,,,-1,,,,,,,,-1,,,,,,,,,0,0,,,,0,0,0,0,0,0,0,1,0,,0,,0,0,0,1,,,0,1,,,,,0,,,,,,,,,,,1,0,,1,,,,0,0,1,0,,1,,,,,,,,,,,,,,0,,0,,,,,0,1,,,,,,0,,1,,0,,0,0,,,,,0,0,,0,0,0,0,,0
monster#ec2922559c1ff02a,ef_obj_a100.mdl,,1,,,,0,,,,,,,,,-1,,,,,,,,,,,,,,,,,,,,,,,,-1,,,,,,,,,,,,,,,,,,,,,,,,,,,,,,,,,,,,,,,,,,,,,,,,,,,,0,0,,,,,0,0,0,0,0,0,1,0,,0,,0,0,0,,,,0,,,,,,0,,,,,,1,,,,,0,0,,0,,,,0,0,0,0,,,,,,,,,,,,,,,,,,0,,,,,0,0,,,,,,,0,0,,0,,0,0,,,,,0,0,,0,0,,0,,0
monster#ec5e55d40e7ae41b,ef_shp_y000.mdl,ef_shp_o011.mdl,1,,,,0,,,,,,,,,,,,,,,,,,,,,,,,,,,,,,,,,,,,,,,,,,,,,,,,,,,,,,,,,,,,,,,,,,,,,,,,,,,,,,,,,-1,,,,0,0,,,,,0,0,0,0,0,0,0,0,,0,,0,0,0,,,,0,,,,,,0,,,,,,0,,,,,0,0,,0,,,,0,0,0,0,,,,,,,,,,,,,,,,,,0,,,,,0,0,,,,,,,0,0,,0,,0,1,,,,,0,0,,0,0,,0,,0
monster#ecd9b61651f17d26,mon5073.mdl,mon5073.mdl,1,,,,0,,,,,,,-1,,-1,,,,,,,,,,,,,,,,,,,,,,,,,,,,,,,,,,,,,,,-1,,,,,,,,,,,,,,,,,,,,-1,,,,,,,,-1,,,,,,,,,0,0,,,,0,1,0,0,0,0,0,1,0,,0,,0,0,0,0,,,0,0,,,,,0,,,,,,,,,,,0,0,,0,,,,0,0,0,0,,1,,,,,,,,,,,,,,0,,0,,,,,0,1,,,,,,0,,1,,0,,0,0,,,,,0,0,,0,0,0,0,,0
monster#ed18ad68b7c55eef,mon5029.mdl,mon5029.mdl,1,,,,0,,,,,,-1,,,-1,,,,,,,-1,,,,,,,,,,,,,,,,,,,,,-1,,,,,,,,-1,,,-1,,,,,,,,,,,,,-1,,,,,,,-1,,,,,,,,-1,,,,,,,,,0,0,,,,1,0,0,0,0,0,0,1,0,,0,,0,0,0,1,,,0,0,,,,,0,,,,,,,,,,,1,0,,0,,,,0,0,1,0,,1,,,,,,,,,,,,,,1,,0,,,,,0,1,,,,,,0,,1,,0,,0,0,,,,,0,0,,0,0,0,0,,0
monster#ededa21d147fe8c7,mon5032.mdl,mon5024.mdl,1,,,,1,,,,,,-1,,,-1,,,,,,,-1,,,,,,,-1,,,,,,,,,,,,,,,,,,,,,,-1,,,-1,,,,,,,,,,,,,-1,,,,,,,-1,,,,,,,,-1,,,,,,,,,0,0,,,,1,0,0,0,0,0,0,1,0,,0,,0,0,0,1,,,0,1,,,,,0,,,,,,,,,,,0,0,,0,,,,0,0,1,0,,1,,,,,,,,,,,,,,1,,0,,,,,0,1,,,,,,0,,1,,0,,0,0,,,,,0,0,,0,0,0,0,,0
monster#eea1b59d36b878aa,chrx010.mdl,chrx010.mdl,1,,,,0,,,,,,,,,,,,,,,,,,,,,,,,,,,,,,,,,,,,,,,,,,,,,,,,,,,,,,,,,,,,,,,,,,,,,,,,,,,,,,,,,,,,,0,0,,,,0,0,0,0,0,0,0,0,0,,0,,0,0,0,0,,,0,0,,,,,0,,,,,,,,,,,0,0,,0,,,,0,0,0,0,,0,,,,,,,,,,,,,,0,,0,,,,,0,0,,,,,,0,,0,,0,,0,0,,,,,0,0,,0,0,0,0,,0
monster#ef266d715f553ab3,,ef_obj_o011.mdl,1,,,,0,,,,,,,,,-1,,,,-1,,,,,,,,,,,,,,,,,,,,,,,,,,,,,,,,,,,,,,,,,,,,,,,,,,,,,,,-1,,,,,,,,,,,,,,,,,0,0,,,,0,0,0,0,0,0,0,1,0,,0,,1,0,0,0,,,0,0,,,,,0,,,,,,,,,,,0,0,,0,,,,0,0,0,0,,0,,,,,,,,,,,,,,0,,0,,,,,0,1,,,,,,0,,0,,0,,0,0,,,,,0,0,,0,0,0,0,,0
monster#efe9fd455528b3de,,mon5250.mdl,1,,,,1,,,,,,-1,,,-1,,,,,,,-1,,,,,,,,,,,,,,,,,,,,,,,,,,,,,,,,-1,,,,,,,,,,,,,,,,,,,,-1,,,,,-1,,,-1,,,,,,,,,0,0,,,,1,0,0,0,0,0,0,1,0,,0,,0,0,0,1,,,0,0,,,,,0,,,,,,,,,,,0,0,,0,,,,0,0,0,0,,1,,,,,,,,,,,,,,0,,0,,,,,0,1,,,,,,1,,1,,0,,0,0,,,,,0,0,,0,0,0,0,,0
monster#f03f8670ac96e547,mon5079.mdl,mon5079.mdl,1,,,,0,,,,,,-1,,,-1,,,,,,,,,,,,,,,,,,,,,,,,,,,,,,,,,,,,-1,,,-1,,,,,,,,,,,,,,,,,,,,-1,,,,,,,,-1,,,,,,,,,0,0,,,,1,0,0,0,0,0,0,1,0,,0,,0,0,0,0,,,0,0,,,,,0,,,,,,,,,,,0,0,,0,,,,0,0,1,0,,1,,,,,,,,,,,,,,0,,0,,,,,0,1,,,,,,0,,1,,0,,0,0,,,,,0,0,,0,0,0,0,,0
monster#f0b55f495f71bafe,,mon5264.mdl,1,,,,1,,,,,,-1,,,-1,,,,,,,,,,,,,,,,,,,,,,,,,,,,,,,,,,-1,,-1,,,-1,,,,,,,,,,,,,-1,,,,,,,-1,,,,,,,,-1,,,,,,,,,0,0,,,,1,0,0,0,0,0,0,1,0,,0,,0,0,0,0,,,0,0,,,,,0,,,,,,,,,,,0,0,,0,,,,1,0,1,0,,1,,,,,,,,,,,,,,1,,0,,,,,0,1,,,,,,0,,1,,0,,0,0,,,,,0,0,,0,0,0,0,,0
monster#f1285e74c2717d63,,mon5263.mdl,1,,,,1,-1,,,,,,,,-1,,,,,,,,,-1,,,,,,,,,,,,,,,,,,,,,,,,,,,-1,,,-1,,,,,,,,,,,,,,,,,,,,-1,,,,,-1,,,-1,,,,,,,,,1,0,,,,0,0,0,0,0,0,0,1,0,,0,,0,0,0,0,,,1,0,,,,,0,,,,,,,,,,,0,0,,0,,,,0,0,1,0,,1,,,,,,,,,,,,,,0,,0,,,,,0,1,,,,,,1,,1,,0,,0,0,,,,,0,0,,0,0,0,0,,0
monster#f145c66c94d48646,,mon5208.mdl,1,,,,1,,,,,,-1,,,-1,,,,,,,-1,,,,,,,,,,,,,,,,,,,,,-1,,,-1,,,,,,,,-1,,,,,,,,,,,,,,,,,,,,-1,,,,,,,,-1,,,,,,,,,0,0,,,,1,0,0,0,0,0,0,1,0,,0,,0,0,0,1,,,0,0,,,,,0,,,,,,,,,,,1,0,,1,,,,0,0,0,0,,1,,,,,,,,,,,,,,0,,0,,,,,0,1,,,,,,0,,1,,0,,0,0,,,,,0,0,,0,0,0,0,,0
monster#f18400eee9cdfc42,,mon5229_c10.mdl,1,,,,0,,,,,,-1,,,-1,,,,,,,-1,,-1,,,,,,,,,,,,,,,,,,,,,,,,,,,,,,-1,,,,,,,,,,,,,-1,,,,,,,-1,,,,,-1,,,,,,,,,,,,0,0,,,,1,0,0,0,0,0,0,1,0,,0,,0,0,0,1,,,1,0,,,,,0,,,,,,,,,,,0,0,,0,,,,0,0,0,0,,1,,,,,,,,,,,,,,1,,0,,,,,0,1,,,,,,1,,0,,0,,0,0,,,,,0,0,,0,0,0,0,,0
monster#f218d7a81349b75b,ef_obj_b013.mdl,,1,,,,0,,,,,,,,,-1,,,,,,,,,-1,-1,,,-1,,,,,,,,,,,,,,,,,,,,,,,,,,,,,,,,,,,,,,,,,,,,,,,,,,,,,-1,,,,,,,,,,0,0,,,,,0,1,0,0,1,0,1,0,,0,,0,0,0,,,,1,,,,,,0,,,,,,0,,,,,0,0,,0,,,,0,0,0,0,,,,,,,,,,,,,,,,,,0,,,,,0,0,,,,,,,1,0,,0,,0,0,,,,,0,0,,0,0,,0,,0
monster#f2acb25cf10b1d96,ef_obj_z043.mdl,,1,,,,0,,,,,,,,,-1,,,,-1,,,,,-1,,,,,,,,,,-1,,,,,,,,,,,,,,,,,,,,,,,,,,,,,,,,,,,,,,,,,,,,,,,,-1,,,,,,,,,0,0,,,,,0,0,0,0,0,0,1,0,,0,,1,0,0,,,,1,,,,,,1,,,,,,0,,,,,0,0,,0,,,,0,0,0,0,,,,,,,,,,,,,,,,,,0,,,,,0,0,,,,,,,0,1,,0,,0,0,,,,,0,0,,0,0,,0,,0
monster#f40c5c0495c19766,,ef_obj_o007.mdl,1,,,,0,-1,,,,,,,,-1,,,,,,,,,,,,,,-1,,,,,,,,,,,,,,,,,,,,,,,,,,,,,,,,,,,,,,,,,,,,,,,,,,,,,,,,,,,,,,1,0,,,,0,0,0,0,0,0,0,1,0,,0,,0,0,0,0,,,0,1,,,,,0,,,,,,,,,,,0,0,,0,,,,0,0,0,0,,0,,,,,,,,,,,,,,0,,0,,,,,0,0,,,,,,0,,0,,0,,0,0,,,,,0,0,,0,0,0,0,,0
monster#f488ff48cb5c192f,,mon5213.mdl,1,,,,1,,,,,,-1,,,-1,,,,,,,-1,,,,,,,,,,,,,,,,,,,,,,,,,,,,,-1,,,-1,,,,,,,,,,,,,,,,,,,,-1,,,,,-1,,,-1,,,,,,,,,0,0,,,,1,0,0,0,0,0,0,1,0,,0,,0,0,0,1,,,0,0,,,,,0,,,,,,,,,,,0,0,,0,,,,0,0,1,0,,1,,,,,,,,,,,,,,0,,0,,,,,0,1,,,,,,1,,1,,0,,0,0,,,,,0,0,,0,0,0,0,,0
monster#f5070b0f7a5e5a47,,mon5225.mdl,1,,,,1,,,,,,-1,,,-1,,,,,,,-1,,,,,,,,,,,,-1,,,,,,,,,-1,,,,,,,,-1,,,,,,,,,,,,,,,,,,,,,,,-1,,,,,,,,-1,,,,,,,,,0,0,,,,1,0,0,0,0,0,0,1,0,,0,,0,0,0,1,,,0,0,,,,,1,,,,,,,,,,,1,0,,0,,,,0,0,1,0,,0,,,,,,,,,,,,,,0,,0,,,,,0,1,,,,,,0,,1,,0,,0,0,,,,,0,0,,0,0,0,0,,0
monster#f56a91ab7fc712a4,ef_obj_d005.mdl,,1,,,,0,,,,,,,,,-1,,,,,,,,,,-1,,,-1,,,,,,,,,,,,,,,,,,,,,,-1,,,,,,,,,,,,,,,,,,,,,,,,,,,,,,,,,,,,,-1,,,,0,0,,,,,0,1,0,0,1,0,1,0,,0,,0,0,0,,,,0,,,,,,0,,,,,,0,,,,,0,0,,0,,,,0,1,0,0,,,,,,,,,,,,,,,,,,0,,,,,0,0,,,,,,,0,0,,0,,0,1,,,,,0,0,,0,0,,0,,0
monster#f5797ee51bfc97e0,,monm001_mat.mdl,1,,,,1,,,,,,-1,,,-1,,,,,,,,,,,,,,-1,,,,,,,,,,,,,,-1,,,-1,,,-1,,-1,,,-1,,,,,,,,,,,,,,,,,,,,-1,,,,,,,,-1,,,,,,,,,0,0,,,,1,0,0,0,0,0,0,1,0,,0,,0,0,0,0,,,0,1,,,,,0,,,,,,,,,,,1,0,,1,,,,1,0,1,0,,1,,,,,,,,,,,,,,0,,0,,,,,0,1,,,,,,0,,1,,0,,0,0,,,,,0,0,,0,0,0,0,,0
monster#f5dfe5544c256097,ef_obj_a019.mdl,ef_obj_a210.mdl,1,,,,1,,,,,,,,,-1,,,,,,,,,,,,,,,,,,,,,,,,,,,,-1,,,-1,,,,,-1,,,,,,,,,,,,,,,,,,,,,,,-1,,,,,,,,,,,,,,,,,0,0,,,,,0,0,0,0,0,0,1,0,,0,,0,0,0,,,,0,,,,,,0,,,,,,0,,,,,1,0,,1,,,,0,0,1,0,,,,,,,,,,,,,,,,,,0,,,,,0,1,,,,,,,0,0,,0,,0,0,,,,,0,0,,0,0,,0,,0
monster#f609e13b8ac803c7,,mon5213_bu.mdl,1,,,,1,,,,,,,,,-1,,,,,,,,,-1,,,,,,,,,,,,,,,,,,,,,,,,,,,-1,,,-1,,,,,,,,,,,,,,,,,,,,-1,,,,,,,,-1,,,,,,,,,0,0,,,,0,0,0,0,0,0,0,1,0,,0,,0,0,0,0,,,1,0,,,,,0,,,,,,,,,,,0,0,,0,,,,0,0,1,0,,1,,,,,,,,,,,,,,0,,0,,,,,0,1,,,,,,0,,1,,0,,0,0,,,,,0,0,,0,0,0,0,,0
monster#f624238f00c4d159,mon5102.mdl,mon5102.mdl,1,,,,1,,,,,,-1,,,-1,,,,,,,-1,,,,,,,,,,,,-1,,,,,,,,,-1,,,,,,,,-1,,,-1,,,,,,,,,,,,,-1,,,,,,,,,,,,,,,-1,,,,,,,,,0,0,,,,1,0,0,0,0,0,0,1,0,,0,,0,0,0,1,,,0,0,,,,,1,,,,,,,,,,,1,0,,0,,,,0,0,1,0,,1,,,,,,,,,,,,,,1,,0,,,,,0,0,,,,,,0,,1,,0,,0,0,,,,,0,0,,0,0,0,0,,0
monster#f67568cff2b0daad,mon5073.mdl,mon5073.mdl,1,,,,0,,,,,,,,,-1,,,,,,,,,,,,,,,,,,,,,,,,,,,,,,,,,,,,,,,-1,,,,,,,,,,,,,,,,,,,,-1,,,,,,,,-1,,,,,,,,,0,0,,,,0,0,0,0,0,0,0,1,0,,0,,0,0,0,0,,,0,0,,,,,0,,,,,,,,,,,0,0,,0,,,,0,0,0,0,,1,,,,,,,,,,,,,,0,,0,,,,,0,1,,,,,,0,,1,,0,,0,0,,,,,0,0,,0,0,0,0,,0
monster#f6e58c738498d53d,mon9997.mdl,mon9997.mdl,1,,,,1,,,,,,,,,-1,,,,,,,-1,,,,,,,,,,,,,,,,,,,,,-1,,,,,,,,,,,-1,,,,,,,,,,,,,-1,,,,,,,-1,,,,,,,,-1,,,,,,,,,0,0,,,,0,0,0,0,0,0,0,1,0,,0,,0,0,0,1,,,0,0,,,,,0,,,,,,,,,,,1,0,,0,,,,0,0,0,0,,1,,,,,,,,,,,,,,1,,0,,,,,0,1,,,,,,0,,1,,0,,0,0,,,,,0,0,,0,0,0,0,,0
monster#f76c916a7f2e207c,,mon5246_c01.mdl,1,,,,1,,,,,,-1,,,-1,-1,,,,-1,,-1,,,,,,,,,,,,,,,,,,,,,-1,,,,,,,,-1,,,-1,,,,,,,,,,,,,,,,,,,,-1,,,,,,,,-1,,,,,,,,,0,0,,,,1,0,0,0,0,0,0,1,1,,0,,0,1,0,1,,,0,0,,,,,0,,,,,,,,,,,1,0,,0,,,,0,0,1,0,,1,,,,,,,,,,,,,,0,,0,,,,,0,1,,,,,,0,,1,,0,,0,0,,,,,1,0,,0,0,0,0,,0
monster#f7f4de90c4540d52,,ob6100evt02.mdl,1,,,,1,,,,,,-1,,,-1,-1,,,-1,-1,,-1,,,,,,-1,,,,,,,,,,,,,,,,,,,,,,,,,,-1,,,,,,,,,,,,,,,,,,,,-1,,,,,,,,-1,,,,,-1,,,,0,0,,,,1,0,0,0,0,1,0,1,1,,0,,1,1,0,1,,,0,0,,,,,0,,,,,,,,,,,0,0,,0,,,,0,0,0,0,,1,,,,,,,,,,,,,,0,,0,,,,,0,1,,,,,,0,,1,,0,,0,1,,,,,1,0,,0,0,0,0,,0
monster#f8ca8fbbaf175f40,mon5002.mdl,mon5002.mdl,1,,,,0,,,,,,-1,,,-1,,,,,,,-1,,,,,,,,,,,,,,,,,,,,,-1,,,,,,,,-1,,,-1,,,,,,,,,,,,,,,,,,,,-1,,,,,-1,,,-1,,,,,,,,,0,0,,,,1,0,0,0,0,0,0,1,0,,0,,0,0,0,1,,,0,0,,,,,0,,,,,,,,,,,1,0,,0,,,,0,0,1,0,,1,,,,,,,,,,,,,,0,,0,,,,,0,1,,,,,,1,,1,,0,,0,0,,,,,0,0,,0,0,0,0,,0
monster#f8f282897eb6a606,,mon5231.mdl,1,,,,1,,,,,,-1,,,-1,,,,,,,,,,,,,,,,,,,,,,,,,,,,,,,,,,,,,,,,,,,,,,,,,,,,,,,,,,,-1,,,,,-1,,,-1,,,,,,,,,0,0,,,,1,0,0,0,0,0,0,1,0,,0,,0,0,0,0,,,0,0,,,,,0,,,,,,,,,,,0,0,,0,,,,0,0,0,0,,0,,,,,,,,,,,,,,0,,0,,,,,0,1,,,,,,1,,1,,0,,0,0,,,,,0,0,,0,0,0,0,,0
monster#f92b4c0ddde12557,equ8005.mdl,equ8005.mdl,1,,,,1,,,,,,-1,,,-1,,,,,,,-1,,-1,,,,,,,,,,,,,,,,,,,-1,,,,,,,,-1,,,-1,,,,,,,,,,,,,-1,,,,,,,-1,,,,,,,,-1,,,,,,,,,0,0,,,,1,0,0,0,0,0,0,1,0,,0,,0,0,0,1,,,1,0,,,,,0,,,,,,,,,,,1,0,,0,,,,0,0,1,0,,1,,,,,,,,,,,,,,1,,0,,,,,0,1,,,,,,0,,1,,0,,0,0,,,,,0,0,,0,0,0,0,,0
monster#f935a9777d14d535,,ef_obj_k000.mdl,1,,,,0,,,,,,-1,,,-1,,,,,,,,,,,,,,,,,,,,,,,,,,,,,,,,,,,,,,,,,,,,,,,,,,,,,,,,,,,-1,,,,,,,,-1,,,,,,,,,0,0,,,,1,0,0,0,0,0,0,1,0,,0,,0,0,0,0,,,0,0,,,,,0,,,,,,,,,,,0,0,,0,,,,0,0,0,0,,0,,,,,,,,,,,,,,0,,0,,,,,0,1,,,,,,0,,1,,0,,0,0,,,,,0,0,,0,0,0,0,,0
monster#f9ac7d62600a659e,,mon5260.mdl,1,,,,0,-1,,,,,,,,-1,,,,,,,,,,,,,,,,,,,-1,,,,,,,,,,,,,,,,-1,,,,,,,,,,,,,,,,,,,,,,,,,,,,,,,,,,,,,,,,,1,0,,,,0,0,0,0,0,0,0,1,0,,0,,0,0,0,0,,,0,0,,,,,1,,,,,,,,,,,0,0,,0,,,,0,1,0,0,,0,,,,,,,,,,,,,,0,,0,,,,,0,0,,,,,,0,,0,,0,,0,0,,,,,0,0,,0,0,0,0,,1
monster#fa3d1738a14122be,ef_obj_e001.mdl,,1,,,,1,,,,,,,,,-1,,,,,,,,,,,,,,,,,,,-1,,,,,,,,,,,,-1,,,,,,,,,,,,,,,,,,,,,,,,,,,,,,,,,,,,-1,,,,,,,,,0,0,,,,,0,0,0,0,0,0,1,0,,0,,0,0,0,,,,0,,,,,,1,,,,,,0,,,,,0,0,,1,,,,0,0,0,0,,,,,,,,,,,,,,,,,,0,,,,,0,0,,,,,,,0,1,,0,,0,0,,,,,0,0,,0,0,,0,,0
monster#fab9118b81c83402,,ef_obj_o003.mdl,1,,,,1,,,,,,-1,,,-1,,,,,,,,,,,,,,,,,,,,,,,,,,,,-1,,,-1,,,,,-1,,,,,,,,,,,,,,,,,,,,,,,-1,,,,,,,,-1,,,,,,,,,0,0,,,,1,0,0,0,0,0,0,1,0,,0,,0,0,0,0,,,0,0,,,,,0,,,,,,,,,,,1,0,,1,,,,0,0,1,0,,0,,,,,,,,,,,,,,0,,0,,,,,0,1,,,,,,0,,1,,0,,0,0,,,,,0,0,,0,0,0,0,,0
monster#fac222421b893abb,,ef_shp_a310.mdl,1,,,,0,-1,,,,,,,,-1,-1,,,-1,-1,,,,-1,,,,,,,,,,,,,,,,,,,,,,,,,,,,,,,,,,,,,,,,,,,,,,,,,,,,,,,,,,,,,,,,,,,1,0,,,,0,0,0,0,0,0,0,1,1,,0,,1,1,0,0,,,1,0,,,,,0,,,,,,,,,,,0,0,,0,,,,0,0,0,0,,0,,,,,,,,,,,,,,0,,0,,,,,0,0,,,,,,0,,0,,0,,0,0,,,,,1,0,,0,0,0,0,,0
monster#fcea54dfe6d8f976,chrm000_mat.mdl,chrm000_mat.mdl,1,,,,1,,,,,,-1,,,-1,,,,,,,,,-1,,,,,-1,,,,,,,,,,,,,,-1,,,-1,,,,,-1,,,-1,,,,,,,,,,,,,,,,,,,,-1,,,,,,,,-1,,,,,,,,,0,0,,,,1,0,0,0,0,0,0,1,0,,0,,0,0,0,0,,,1,1,,,,,0,,,,,,,,,,,1,0,,1,,,,0,0,1,0,,1,,,,,,,,,,,,,,0,,0,,,,,0,1,,,,,,0,,1,,0,,0,0,,,,,0,0,,0,0,0,0,,0
monster#fd2e7e90e423b5ba,ef_obj_b006.mdl,ef_obj_b006.mdl,1,,,,0,,,,,,,,,-1,,,,-1,,,,,,,,,,,,,,,,,,,,,,,,,,,,,,,-1,,,,,,,,,,,,,,,,,,,,,,,,,,,,,,,,,,,,,,,,,0,0,,,,0,0,0,0,0,0,0,1,0,,0,,1,0,0,0,,,0,0,,,,,0,,,,,,,,,,,0,0,,0,,,,0,1,0,0,,0,,,,,,,,,,,,,,0,,0,,,,,0,0,,,,,,0,,0,,0,,0,0,,,,,0,0,,0,0,0,0,,0
monster#fe5714ac98a32d8c,,ef_obj_1_002.mdl,1,,,,1,,,,,,-1,,,-1,,,,,,,,,,,,,,,,,,,,,,,,,,,,,,,,,,,,-1,,,-1,,,,,,,,,,,,,-1,,,,,,,-1,,,,,,,,-1,,,,,,,,,0,0,,,,1,0,0,0,0,0,0,1,0,,0,,0,0,0,0,,,0,0,,,,,0,,,,,,,,,,,0,0,,0,,,,0,0,1,0,,1,,,,,,,,,,,,,,1,,0,,,,,0,1,,,,,,0,,1,,0,,0,0,,,,,0,0,,0,0,0,0,,0
monster#fe580e6f6458f323,,mon5250.mdl,1,,,,0,,,,,,-1,,,-1,,,,,,,-1,,,,,,,,,,,,,,,,,,,,,,,,,,,,,-1,,,-1,,,,,,,,,,,,,,,,,,,,-1,,,,,,,,-1,,,,,,,,,0,0,,,,1,0,0,0,0,0,0,1,0,,0,,0,0,0,1,,,0,0,,,,,0,,,,,,,,,,,0,0,,0,,,,0,0,1,0,,1,,,,,,,,,,,,,,0,,0,,,,,0,1,,,,,,0,,1,,0,,0,0,,,,,0,0,,0,0,0,0,,0
monster#fea33f7452e0c6ad,,mon5031_c01.mdl,1,,,,1,,,,,,-1,,,-1,,,,,,,,,,,,,,-1,,,,,-1,,,,,,,,,,,,,,,,,-1,,,,,,,,,,,,,,,,,,,,,,,-1,,,,,,,,-1,,,,,,,,,0,0,,,,1,0,0,0,0,0,0,1,0,,0,,0,0,0,0,,,0,1,,,,,1,,,,,,,,,,,0,0,,0,,,,0,0,1,0,,0,,,,,,,,,,,,,,0,,0,,,,,0,1,,,,,,0,,1,,0,,0,0,,,,,0,0,,0,0,0,0,,0
monster#fecbd47cbcef3a5d,,mon5078.mdl,1,,,,1,,,,,,-1,,,-1,,,,-1,,,,,,,,,,,,,,,,,,,,,,,,,,,,,,,,-1,,,-1,,,,,,,,,,,,,-1,,,,,,,-1,,,,,-1,,,-1,,,,,,,,,0,0,,,,1,0,0,0,0,0,0,1,0,,0,,1,0,0,0,,,0,0,,,,,0,,,,,,,,,,,0,0,,0,,,,0,0,1,0,,1,,,,,,,,,,,,,,1,,0,,,,,0,1,,,,,,1,,1,,0,,0,0,,,,,0,0,,0,0,0,0,,0
monster#feeba2f518ab8d77,ef_obj_e000.mdl,ef_obj_e000.mdl,1,,,,1,,,,,,,,,-1,,,,,,,,,,,,,,,,,,,,,,,,,,,,,,,,,,,,,,,,,,,,,,,,,,,,,,,,,,,-1,,,,,,,,-1,,,,,,,,,0,0,,,,0,0,0,0,0,0,0,1,0,,0,,0,0,0,0,,,0,0,,,,,0,,,,,,,,,,,0,0,,0,,,,0,0,0,0,,0,,,,,,,,,,,,,,0,,0,,,,,0,1,,,,,,0,,1,,0,,0,0,,,,,0,0,,0,0,0,0,,0
monster#ff36612bb4cf91f8,,ob_s07_000.mdl,1,,,,0,,,,,,,,,-1,,,,-1,,,,,,,,,,,,,,,,,,,,,,,,,,,,,,,,,,,,,,,,,,,,,,,,,,,,,,,-1,,,,,,,,,,,,,-1,,,,0,0,,,,0,0,0,0,0,0,0,1,0,,0,,1,0,0,0,,,0,0,,,,,0,,,,,,,,,,,0,0,,0,,,,0,0,0,0,,0,,,,,,,,,,,,,,0,,0,,,,,0,1,,,,,,0,,0,,0,,0,1,,,,,0,0,,0,0,0,0,,0
monster#ffa78dfe5d057a97,ef_obj_a346.mdl,mon5000.mdl,1,,,,1,,,,,,-1,,,-1,,,,,,,-1,,-1,,,,,,,,,,,,,,,,,,,-1,,,,,,,,-1,,,-1,,,,,,,,,,,,,,,,,,,,-1,,,,,,,,-1,,,,,,,,,0,0,,,,1,0,0,0,0,0,0,1,0,,0,,0,0,0,1,,,1,0,,,,,0,,,,,,,,,,,1,0,,0,,,,0,0,1,0,,1,,,,,,,,,,,,,,0,,0,,,,,0,1,,,,,,0,,1,,0,,0,0,,,,,0,0,,0,0,0,0,,0
monster#ffe73d4852ab3ae9,ef_obj_w012.mdl,,1,,,,0,,,,,,,,,-1,,,,,,,,,-1,,,,,,,,,,-1,,,,,,,,,-1,,,,,,,,-1,,,-1,,,,,,,,,,,,,,,,,,,,-1,,,,,,,,,,,,,,,,,0,0,,,,0,0,0,0,0,0,0,1,0,,0,,0,0,0,0,,,1,0,,,,,1,,,,,,,,,,,1,0,,0,,,,0,0,1,0,,1,,,,,,,,,,,,,,0,,0,,,,,0,1,,,,,,0,,0,,0,,0,0,,,,,0,0,,0,0,0,0,,0
water#0079afc25e27acd5,,mp3030.mdl,0,,,,1,,,,,,,,,,-1,-1,,,,,,,,,,,,,,,-1,,,,,,,,,,,,,,,,,,,,,,,,,,,,,,,,,,,,-1,,,,,,-1,,,,,,-1,,,,,,-1,-1,-1,,,0,,,,,,,,,,,,0,1,1,0,0,,,,,,,0,,0,,1,0,0,0,0,0,0,,,,,,,,,,,,,,,,,,,,,,,,,,,,,,,,,,1,,1,,,,,1,,,,0,0,,,,,,,1,1,,1,,,0,,0,0,0,0,0,,
water#031f351b95ed7296,mp3041.mdl,,0,,,,1,,,,,,,,,-1,-1,-1,,,,,,,,,,,,,,,,-1,,-1,-1,,,,,,,,,,,,,,,,,,,,,,,,,,,,,,,,-1,,,,,,,,,,,,-1,,,,,,-1,-1,,,,0,,,,,,,,,,,,1,1,1,0,0,,,,,,,0,,0,,0,1,0,1,1,0,0,,,,,,,,,,,,,,,,,,,,,,,,,,,,,,,,,,1,,1,,,,,0,,,,,0,,,,,,,1,1,,,,,0,,0,0,0,0,0,,
water#0c8b62641e669198,,mp1100.mdl,0,,,,1,,,,,,,,,,-1,-1,,,,,,,,,,,,,,,-1,,,,,,,,,,,,,,,,,,,,,,,,,,,,,,,,,,,,-1,,,,,,-1,,,,,,-1,,,,,,-1,-1,,,,0,,,,,,,,,,,,0,1,1,0,0,,,,,,,0,,0,,1,0,0,0,0,0,0,,,,,,,,,,,,,,,,,,,,,,,,,,,,,,,,,,1,,1,,,,,1,,,,,0,,,,,,,1,1,,0,,,0,,0,0,0,0,0,,
water#0ce560a2d1debf64,,ob8500evt56.mdl,0,,,,1,,,,,,,,,-1,-1,-1,-1,,,,,,,,,,,,-1,,-1,,,,,,,,,,,,,,,,,,,,,,,,,,,,,,,,,,,,-1,,,,,,,,,,-1,,-1,,,,,,-1,,-1,,,0,,,,,,,,,,,,1,1,1,1,0,,,,,,,0,,1,,1,0,0,0,0,0,0,,,,,,,,,,,,,,,,,,,,,,,,,,,,,,,,,,1,,1,,,,,0,,,,0,1,,,,,,,1,0,,1,,,0,,2,0,0,0,0,,
water#0eafdfa9d23fde15,,ob0040obj07.mdl,0,,,,1,,,,,,,,,-1,-1,-1,-1,,,,,,,,,,,,-1,,-1,-1,,,,,,,,,,,,,,,,,,,,,,,,,,,,,,,,,,,-1,,,,,,-1,,,,-1,,-1,,,,,,-1,,-1,,,0,,,,,,,,,,,,1,1,1,1,0,,,,,,,0,,1,,1,1,0,0,0,0,0,,,,,,,,,,,,,,,,,,,,,,,,,,,,,,,,,,1,,1,,,,,1,,,,,1,,,,,,,1,0,,1,,,0,,2,0,0,0,0,,
water#10f941a1a315c90f,,ob4010obj12c.mdl,0,,,,0,,,,,,,,,-1,,,,,,,,,,,,,,,,,,,,,,,,,,,,,,,,,,,,,,,,,,,,,,,,,,,,,-1,,,,,,-1,,,,,,,,,,,,-1,,-1,,,0,,,,,,,,,,,,1,0,0,0,0,,,,,,,0,,0,,0,0,0,0,0,0,0,,,,,,,,,,,,,,,,,,,,,,,,,,,,,,,,,,1,,0,,,,,1,,,,,0,,,,,,,1,0,,1,,,1,,0,0,0,0,0,,
water#1b249c2d4420a1db,ef_obj_a093.mdl,,1,,,,1,,,,,,,,,-1,,,,,,,,,,,,,,,,,,,,,,,,,,,,,,,,,,,,,,,,,,,,,,,,,,,,,-1,,,,,,,,,,,,-1,,,,,,,,,,,0,,,,,,,,,,,,1,0,,0,,,,,,,,0,,,,,,0,0,,0,,,,,,,,,,,,,,,,,,,,,,,,,,,,,,,,,,,1,,1,,,,,0,,,,,,,,,,,,0,0,0,,,,0,,0,0,0,,0,,
water#1d5c35db405500f5,mp2081_01.mdl,mp2081_01.mdl,1,,,,1,,,,,,,,,-1,,,,,,,,,,,,,,,,,,,,,,,,,,,,,,,,,,,,,,,,,,,,,,,,,,,,,-1,,,,,,-1,,,,,,,,,,,,,,,,,0,,,,,,,,,,,,1,0,0,0,0,,,,,,,0,,0,,0,0,0,0,0,0,0,,,,,,,,,,,,,,,,,,,,,,,,,,,,,,,,,,1,,0,,,,,1,,,,,0,,,,,,,0,0,,,,,0,,0,0,0,0,0,,
water#21d01890b216067b,,ob5600evt01.mdl,1,,,,0,,,,,,,,,-1,-1,,-1,,,,,,,,,,,,,,-1,,,,,,,,,,,,,,,,,,,,,,,,,,,,,,,,,,,,-1,,,,,,,,,,,,-1,,,,,,-1,,-1,,,0,,,,,,,,,,,,1,1,0,1,0,,,,,,,0,,0,,1,0,0,0,0,0,0,,,,,,,,,,,,,,,,,,,,,,,,,,,,,,,,,,1,,1,,,,,0,,,,,0,,,,,,,1,0,,1,,,0,,2,0,0,0,0,,
water#2466aaa9628f0ba7,,mp6500.mdl,0,,,,1,,,,,,,,,-1,-1,-1,-1,,,,,,,,,,,,-1,,-1,,,,,,,,,,,,,,,,,,,,,,,,,,,,,,,,,,,,-1,,,,,,-1,,,,-1,,,,,,,,-1,-1,,,,0,,,,,,,,,,,,1,1,1,1,0,,,,,,,0,,1,,1,0,0,0,0,0,0,,,,,,,,,,,,,,,,,,,,,,,,,,,,,,,,,,1,,0,,,,,1,,,,0,1,,,,,,,1,1,,0,,,0,,0,0,0,0,0,,
water#2c62a6dce5303789,,ob3041obj10.mdl,0,,,,1,,,,,,,,,-1,,-1,-1,,,,,,,,,,,,,,,,,,-1,,,,,,,,,,,,,,,,,,,,,,,,,,,,,,,,-1,,,,,,,,,,,,,,,,,,-1,-1,,,,0,,,,,,,,,,,,1,0,1,1,0,,,,,,,0,,0,,0,0,0,0,1,0,0,,,,,,,,,,,,,,,,,,,,,,,,,,,,,,,,,,1,,0,,,,,0,,,,,0,,,,,,,1,1,,,,,0,,4,0,0,0,0,,
water#2e19894af829f79a,,mp4061.mdl,1,,,,1,,,,,,,,,,-1,,,,,,,,,,,,,,,,,,,,,,,,,,,,,,,,,,,,,,,,,,,,,,,,,,,,-1,,,,,,-1,,,,,,,,,,,,,,-1,,,0,,,,,,,,,,,,0,1,0,0,0,,,,,,,0,,0,,0,0,0,0,0,0,0,,,,,,,,,,,,,,,,,,,,,,,,,,,,,,,,,,1,,0,,,,,1,,,,,0,,,,,,,0,0,,1,,,0,,0,0,0,0,0,,
water#376ab5851477396f,,mp3041_03.mdl,0,,,,1,,,,,,,,,,-1,-1,,,,,,,,,,,,,,,-1,,,,,,,,,,,,,,,,,,,,,,,,,,,,,,,,,,,,-1,,,,,,,,,,,,-1,,,,,,-1,,,,,0,,,,,,,,,,,,0,1,1,0,0,,,,,,,0,,0,,1,0,0,0,0,0,0,,,,,,,,,,,,,,,,,,,,,,,,,,,,,,,,,,1,,1,,,,,0,,,,,0,,,,,,,1,0,,0,,,0,,0,0,0,0,0,,
water#41425f175b95179f,,ob5200obj01.mdl,0,,,,1,,,,,,,,,-1,-1,-1,-1,,,,,,,,,,,,-1,,-1,-1,,,,,,,,,,,,,,,,,,,,,,,,,,,,,,,,,,,-1,,,,,,-1,,,,-1,,-1,,,,,,-1,-1,,,,0,,,,,,,,,,,,1,1,1,1,0,,,,,,,0,,1,,1,1,0,0,0,0,0,,,,,,,,,,,,,,,,,,,,,,,,,,,,,,,,,,1,,1,,,,,1,,,,,1,,,,,,,1,1,,,,,0,,1,0,0,0,0,,
water#4a9dfd25945c5dfe,,mp1082.mdl,1,,,,1,,,,,,,,,-1,,,,,,,,,,,,,,,,,-1,,,,,,,,,,,,,,,,,,,,,,,,,,,,,,,,,,,,-1,,,,,,,,,,,,-1,,,,,,,,-1,,,0,,,,,,,,,,,,1,0,0,0,0,,,,,,,0,,0,,1,0,0,0,0,0,0,,,,,,,,,,,,,,,,,,,,,,,,,,,,,,,,,,1,,1,,,,,0,,,,0,0,,,,,,,0,0,,1,,,0,,0,0,0,0,0,,
water#4ed2e33b13f13d25,,ob1073obj01_t.mdl,1,,,,0,,,,,,,,,-1,-1,,-1,,,,,,,,,,,,,,,,,,,,,,,,,,,,,,,,,,,,,,,,,,,,,,,,,,-1,,,,,,-1,,,,,,,,,,,,-1,,,,,0,,,,,,,,,,,,1,1,0,1,0,,,,,,,0,,0,,0,0,0,0,0,0,0,,,,,,,,,,,,,,,,,,,,,,,,,,,,,,,,,,1,,0,,,,,1,,,,,0,,,,,,,1,0,,0,,,0,,1,0,0,0,0,,
water#4f29db9aa82bb29c,mp1010_01.mdl,mp1010_14.mdl,0,,,,0,,,,,,,,,-1,,,,,,,,,,,,,,,,,,-1,,,,,,,,,,,,,,,,,,,,,,,,,,,,,,,,,,,-1,,,,,,-1,,,,,,,,,,,,,,,,,0,,,,,,,,,,,,1,0,0,0,0,,,,,,,0,,0,,0,1,0,0,0,0,0,,,,,,,,,,,,,,,,,,,,,,,,,,,,,,,,,,1,,0,,,,,1,,,,,0,,,,,,,0,0,,,,,1,,0,0,0,0,0,,
water#5231b3227f24f2cc,,mp1051.mdl,0,,,,1,,,,,,,,,,-1,-1,,,,,,,,,,,,,,,-1,,,,,,,,,,,,,,,,,,,,,,,,,,,,,,,,,,,,-1,,,,,,-1,,,,-1,,,,,,,,-1,-1,-1,,,0,,,,,,,,,,,,0,1,1,0,0,,,,,,,0,,0,,1,0,0,0,0,0,0,,,,,,,,,,,,,,,,,,,,,,,,,,,,,,,,,,1,,0,,,,,1,,,,,1,,,,,,,1,1,,1,,,0,,0,0,0,0,0,,
water#52696471326e720b,mp0020.mdl,a1207.mdl,0,,,,1,,,,,,,,,,-1,-1,,,,,,,,,,,,,,,,,,,,,,,,,,,,,,,,,,,,,,,,,,,,,,,,,,,-1,,,,,,-1,,,,,,,,,,,,-1,-1,,,,0,,,,,,,,,,,,0,1,1,0,0,,,,,,,0,,0,,0,0,0,0,0,0,0,,,,,,,,,,,,,,,,,,,,,,,,,,,,,,,,,,1,,0,,,,,1,,,,,0,,,,,,,1,1,,,,,0,,0,0,0,0,0,,
water#54a3e6c2a2a67a20,,ob3070obj02.mdl,0,,,,1,,,,,,,,,,-1,-1,,,,,,,,,,,,,,,-1,-1,,,,,,,,,,,,,,,,,,,,,,,,,,,,,,,,,,,-1,,,,,,,,,,,,-1,,,,,,-1,,,,,0,,,,,,,,,,,,0,1,1,0,0,,,,,,,0,,0,,1,1,0,0,0,0,0,,,,,,,,,,,,,,,,,,,,,,,,,,,,,,,,,,1,,1,,,,,0,,,,,0,,,,,,,1,0,,0,,,0,,0,0,0,0,0,,
water#5c8af70a90bd3240,,ob6011obj02.mdl,0,,,,1,,,,,,,,,-1,-1,-1,-1,,,,,,,,,,,,,,-1,-1,,,,,,,,,,,,,,,,,,,,,,,,,,,,,,,,,,,-1,,,,,,-1,,,,-1,,-1,,,,,,-1,,-1,,,0,,,,,,,,,,,,1,1,1,1,0,,,,,,,0,,0,,1,1,0,0,0,0,0,,,,,,,,,,,,,,,,,,,,,,,,,,,,,,,,,,1,,1,,,,,1,,,,,1,,,,,,,1,0,,1,,,0,,1,0,0,0,0,,
water#6159106cabfe2cc6,,ob2081obj03.mdl,0,,,,0,,,,,,,,,-1,,,,,,,,,,,,,,,,,-1,-1,,,,,,,,,,,,,,,,,,,,,,,,,,,,,,,,,,,-1,,,,,,-1,,,,,,,,,,,,,,-1,,,0,,,,,,,,,,,,1,0,0,0,0,,,,,,,0,,0,,1,1,0,0,0,0,0,,,,,,,,,,,,,,,,,,,,,,,,,,,,,,,,,,1,,0,,,,,1,,,,,0,,,,,,,0,0,,1,,,0,,0,0,0,0,0,,
water#63e9133e9e5be016,,a0302.mdl,0,,,,1,,,,,,,,,-1,-1,-1,,,,,,,,,,,,,-1,,,-1,,,,,,,,,,,,,,,,,,,,,,,,,,,,,,,,,,,-1,,,,,,,,,,,,-1,,,,,,-1,,-1,,,0,,,,,,,,,,,,1,1,1,0,0,,,,,,,0,,1,,0,1,0,0,0,0,0,,,,,,,,,,,,,,,,,,,,,,,,,,,,,,,,,,1,,1,,,,,0,,,,,0,,,,,,,1,0,,1,,,0,,0,0,0,0,0,,
water#640ece19a2192857,,ob0000evt01.mdl,0,,,,1,,,,,,,,,-1,-1,-1,-1,,,,,,,,,,,,-1,,-1,-1,,,,,,,,,,,,,,,,,,,,,,,,,,,,,,,,,,,-1,,,,,,,,,,-1,,-1,,,,,,-1,,-1,,,0,,,,,,,,,,,,1,1,1,1,0,,,,,,,0,,1,,1,1,0,0,0,0,0,,,,,,,,,,,,,,,,,,,,,,,,,,,,,,,,,,1,,1,,,,,0,,,,,1,,,,,,,1,0,,1,,,0,,2,0,0,0,0,,
water#657fa3d88864d1f6,mp4061.mdl,,1,,,,1,,,,,,,,,,-1,,,,,,,,,,,,,,,,,,,,,,,,,,,,,,,,,,,,,,,,,,,,,,,,,,,,-1,,,,,,-1,,,,,,,,,,,,,,,,,0,,,,,,,,,,,,0,1,0,0,0,,,,,,,0,,0,,0,0,0,0,0,0,0,,,,,,,,,,,,,,,,,,,,,,,,,,,,,,,,,,1,,0,,,,,1,,,,,0,,,,,,,0,0,,,,,0,,0,0,0,0,0,,
water#69f9a82f0c99ed9d,,ob4061obj12.mdl,1,,,,1,,,,,,,,,,-1,,,,,,,,,,,,,,,,,-1,,,,,,,,,,,,,,,,,,,,,,,,,,,,,,,,,,,-1,,,,,,-1,,,,,,,,,,,,,,-1,,,0,,,,,,,,,,,,0,1,0,0,0,,,,,,,0,,0,,0,1,0,0,0,0,0,,,,,,,,,,,,,,,,,,,,,,,,,,,,,,,,,,1,,0,,,,,1,,,,,0,,,,,,,0,0,,1,,,0,,0,0,0,0,0,,
water#6c21e9f6e3bb4c87,ob2010obj12.mdl,ob2010obj12.mdl,1,,,,1,,,,,,,,,,-1,,,,,,,,,,,,,,,,,-1,,,,,,,,,,,,,,,,,,,,,,,,,,,,,,,,,,,-1,,,,,,-1,,,,,,,,,,,,,,,,,0,,,,,,,,,,,,0,1,0,0,0,,,,,,,0,,0,,0,1,0,0,0,0,0,,,,,,,,,,,,,,,,,,,,,,,,,,,,,,,,,,1,,0,,,,,1,,,,,0,,,,,,,0,0,,,,,0,,0,0,0,0,0,,
water#6d2deb5dbc9d1876,,ob3041obj10.mdl,0,,,,1,,,,,,,,,-1,,-1,-1,,,,,,,,,,,,,,,-1,,,-1,,,,,,,,,,,,,,,,,,,,,,,,,,,,,,,,-1,,,,,,,,,,,,,,,,,,-1,-1,,,,0,,,,,,,,,,,,1,0,1,1,0,,,,,,,0,,0,,0,1,0,0,1,0,0,,,,,,,,,,,,,,,,,,,,,,,,,,,,,,,,,,1,,0,,,,,0,,,,,0,,,,,,,1,1,,,,,0,,4,0,0,0,0,,
water#6e960f86001d3f99,mp3041.mdl,,0,,,,1,,,,,,,,,-1,-1,-1,,,,,,,,,,,,,,,,,,,-1,,,,,,,,,,,,,,,,,,,,,,,,,,,,,,,,-1,,,,,,,,,,,,-1,,,,,,-1,,,,,0,,,,,,,,,,,,1,1,1,0,0,,,,,,,0,,0,,0,0,0,0,1,0,0,,,,,,,,,,,,,,,,,,,,,,,,,,,,,,,,,,1,,1,,,,,0,,,,,0,,,,,,,1,0,,,,,0,,0,0,0,0,0,,
water#70849673885adfaa,,ob0000evt02.mdl,0,,,,1,,,,,,,,,-1,-1,-1,-1,,,,,,,,,,,,-1,,-1,-1,,,,,,,,,,,,,,,,,,,,,,,,,,,,,,,,,,,-1,,,,,,,,,,-1,,-1,,,,,,-1,,,,,0,,,,,,,,,,,,1,1,1,1,0,,,,,,,0,,1,,1,1,0,0,0,0,0,,,,,,,,,,,,,,,,,,,,,,,,,,,,,,,,,,1,,1,,,,,0,,,,,1,,,,,,,1,0,,,,,0,,2,0,0,0,0,,
water#723dc71ca8790470,ef_obj_a021.mdl,,0,,,,1,,,,,,,,,,,,,,,,,,,,,,,,,,,,,-1,,-1,,,,,,,,,,,,,,,,,,,,,,,,,,,,,,,-1,,,,,,-1,,,,,,-1,,,,,,,-1,,,,0,,,,,,,,,,,,0,0,0,0,0,,,,,,,0,,0,,,,0,1,0,1,0,,,,,,,,,,,,,,,,,,,,,,,,,,,,,,,,,,1,,1,,,,,1,,,,,,,,,,,,0,1,0,,,,0,,0,0,0,,0,,
water#83ddf7fc214a9a01,ob3041obj08.mdl,,0,,,,1,,,,,,,,,,-1,-1,,,,,,,,,,,,,,,,-1,,,-1,,,,,,,,,,,,,,,,,,,,,,,,,,,,,,,,-1,,,,,,,,,,,,-1,,,,,,-1,,,,,0,,,,,,,,,,,,0,1,1,0,0,,,,,,,0,,0,,0,1,0,0,1,0,0,,,,,,,,,,,,,,,,,,,,,,,,,,,,,,,,,,1,,1,,,,,0,,,,,0,,,,,,,1,0,,,,,0,,0,0,0,0,0,,
water#86fb5e05de8e17f3,,mp0020.mdl,0,,,,1,,,,,,,,,,-1,-1,,,,,,,,,,,,,,,-1,,,,,,,,,,,,,,,,,,,,,,,,,,,,,,,,,,,,-1,,,,,,-1,,,-1,,,-1,,,,,,-1,-1,-1,,,0,,,,,,,,,,,,0,1,1,0,0,,,,,,,0,,0,,1,0,0,0,0,0,0,,,,,,,,,,,,,,,,,,,,,,,,,,,,,,,,,,1,,1,,,,,1,,,,1,0,,,,,,,1,1,,1,,,0,,0,0,0,0,0,,
water#89a4ad149eccbcf6,mp3041_03.mdl,,0,,,,1,,,,,,,,,,-1,-1,,,,,,,,,,,,,,,,,,,-1,,,,,,,,,,,,,,,,,,,,,,,,,,,,,,,,-1,,,,,,,,,,,,-1,,,,,,-1,,,,,0,,,,,,,,,,,,0,1,1,0,0,,,,,,,0,,0,,0,0,0,0,1,0,0,,,,,,,,,,,,,,,,,,,,,,,,,,,,,,,,,,1,,1,,,,,0,,,,,0,,,,,,,1,0,,,,,0,,0,0,0,0,0,,
water#8b2957a4194dae3f,ob0010obj16.mdl,ob0061obj06.mdl,0,,,,1,,,,,,,,,-1,-1,-1,-1,,,,,,,,,,,,-1,,-1,-1,,,,,,,,,,,,,,,,,,,,,,,,,,,,,,,,,,,-1,,,,,,-1,,,,-1,,-1,,,,,,-1,,,,,0,,,,,,,,,,,,1,1,1,1,0,,,,,,,0,,1,,1,1,0,0,0,0,0,,,,,,,,,,,,,,,,,,,,,,,,,,,,,,,,,,1,,1,,,,,1,,,,,1,,,,,,,1,0,,,,,0,,1,0,0,0,0,,
water#8fa11cedf9d585d8,,mp3041.mdl,0,,,,1,,,,,,,,,-1,-1,-1,,,,,,,,,,,,,,,,,,,,,,,,,,,,,,,,,,,,,,,,,,,,,,,,,,,-1,,,,,,,,,,,,-1,,,,,,-1,,-1,,,0,,,,,,,,,,,,1,1,1,0,0,,,,,,,0,,0,,0,0,0,0,0,0,0,,,,,,,,,,,,,,,,,,,,,,,,,,,,,,,,,,1,,1,,,,,0,,,,0,0,,,,,,,1,0,,1,,,0,,0,0,0,0,0,,
water#934361bcbd9a59fe,,mp5600_02.mdl,0,,,,1,,,,,,,,,-1,-1,-1,-1,,,,,,,,,,,,,,-1,,,,,,,,,,,,,,,,,,,,,,,,,,,,,,,,,,,,-1,,,,,,-1,,,,-1,,-1,,,,,,-1,,,,,0,,,,,,,,,,,,1,1,1,1,0,,,,,,,0,,0,,1,0,0,0,0,0,0,,,,,,,,,,,,,,,,,,,,,,,,,,,,,,,,,,1,,1,,,,,1,,,,0,1,,,,,,,1,0,,0,,,0,,2,0,0,0,0,,
water#940e79ddc2b2dba9,ob4010obj12.mdl,ob4010obj12b.mdl,0,,,,1,,,,,,,,,-1,,,,,,,,,-1,,,,,,,,,,,,,,,,,,,,,,,,,,,,,,,,,,,,,,,,,,,,,,,,,,-1,,,,,,,,,,,,,-1,,,,0,,,,,,,,,,,,1,0,0,0,0,,,,,,,1,,0,,0,0,0,0,0,0,0,,,,,,,,,,,,,,,,,,,,,,,,,,,,,,,,,,0,,0,,,,,1,,,,,0,,,,,,,0,1,,,,,1,,1,0,0,0,0,,
water#97d218b04e571a9e,,ob2082obj03.mdl,0,,,,1,,,,,,,,,,-1,-1,-1,,,,,,,,,,,,-1,,-1,-1,,,,,,,,,,,,,,,,,,,,,,,,,,,,,,,,,,,-1,,,,,,-1,,,,-1,,-1,,,,,,-1,,-1,,,0,,,,,,,,,,,,0,1,1,1,0,,,,,,,0,,1,,1,1,0,0,0,0,0,,,,,,,,,,,,,,,,,,,,,,,,,,,,,,,,,,1,,1,,,,,1,,,,,1,,,,,,,1,0,,1,,,0,,0,0,0,0,0,,
water#98bbca3d1048d400,,ob3070evt01.mdl,0,,,,1,,,,,,,,,,-1,-1,,,,,,,,,,,,,,,-1,-1,,,,,,,,,,,,,,,,,,,,,,,,,,,,,,,,,,,-1,,,,,,-1,,,,-1,,,,,,,,-1,-1,-1,,,0,,,,,,,,,,,,0,1,1,0,0,,,,,,,0,,0,,1,1,0,0,0,0,0,,,,,,,,,,,,,,,,,,,,,,,,,,,,,,,,,,1,,0,,,,,1,,,,,1,,,,,,,1,1,,1,,,0,,0,0,0,0,0,,
water#98f937175540775b,,ob0054obj01b_t.mdl,1,,,,1,,,,,,,,,-1,-1,,-1,,,,,,,,,,,,,,,,,,,,,,,,,,,,,,,,,,,,,,,,,,,,,,,,,,-1,,,,,,-1,,,,,,,,,,,,-1,,,,,0,,,,,,,,,,,,1,1,0,1,0,,,,,,,0,,0,,0,0,0,0,0,0,0,,,,,,,,,,,,,,,,,,,,,,,,,,,,,,,,,,1,,0,,,,,1,,,,,0,,,,,,,1,0,,0,,,0,,1,0,0,0,0,,
water#9bf1c458795631cc,,ob3041obj08.mdl,0,,,,1,,,,,,,,,,-1,-1,,,,,,,,,,,,,,,,-1,,,,,,,,,,,,,,,,,,,,,,,,,,,,,,,,,,,-1,,,,,,,,,,,,-1,,,,,,-1,,-1,,,0,,,,,,,,,,,,0,1,1,0,0,,,,,,,0,,0,,0,1,0,0,0,0,0,,,,,,,,,,,,,,,,,,,,,,,,,,,,,,,,,,1,,1,,,,,0,,,,,0,,,,,,,1,0,,1,,,0,,0,0,0,0,0,,
water#9e2f8349f0ab0214,,ob5100obj02.mdl,0,,,,1,,,,,,,,,-1,-1,-1,-1,,,,,,,,,,,,-1,,-1,,,,,,,,,,,,,,,,,,,,,,,,,,,,,,,,,,,,-1,,,,,,-1,,,,-1,,-1,,,,,,-1,,-1,,,0,,,,,,,,,,,,1,1,1,1,0,,,,,,,0,,1,,1,0,0,0,0,0,0,,,,,,,,,,,,,,,,,,,,,,,,,,,,,,,,,,1,,1,,,,,1,,,,0,1,,,,,,,1,0,,1,,,0,,2,0,0,0,0,,
water#9e8844ac7846f674,a0302.mdl,,0,,,,1,,,,,,,,,-1,-1,-1,,,,,,,,,,,,,-1,,,-1,,,-1,,,,,,,,,,,,,,,,,,,,,,,,,,,,,,,,-1,,,,,,,,,,,,-1,,,,,,-1,,,,,0,,,,,,,,,,,,1,1,1,0,0,,,,,,,0,,1,,0,1,0,0,1,0,0,,,,,,,,,,,,,,,,,,,,,,,,,,,,,,,,,,1,,1,,,,,0,,,,,0,,,,,,,1,0,,,,,0,,0,0,0,0,0,,
water#b51a8d6d9fb9f244,mp3061_03.mdl,mp3061_03.mdl,0,,,,1,,,,,,,,,-1,-1,-1,-1,,,,,,,,,,,,,,-1,-1,,,,,,,,,,,,,,,,,,,,,,,,,,,,,,,,,,,-1,,,,,,-1,,,,-1,,-1,,,,,,-1,,,,,0,,,,,,,,,,,,1,1,1,1,0,,,,,,,0,,0,,1,1,0,0,0,0,0,,,,,,,,,,,,,,,,,,,,,,,,,,,,,,,,,,1,,1,,,,,1,,,,,1,,,,,,,1,0,,,,,0,,2,0,0,0,0,,
water#bab546b4740b8b00,mp1010_01.mdl,ob1010obj03.mdl,1,,,,1,,,,,,,,,,-1,,,,,,,,,,,,,,-1,,,-1,,,,,,,,,,,,,,,,,,,,,,,,,,,,,,,,,,,-1,,,,,,-1,,,,,,,,,,,,-1,-1,,,,0,,,,,,,,,,,,0,1,0,0,0,,,,,,,0,,1,,0,1,0,0,0,0,0,,,,,,,,,,,,,,,,,,,,,,,,,,,,,,,,,,1,,0,,,,,1,,,,,0,,,,,,,1,1,,,,,0,,0,0,0,0,0,,
water#be5334d97d0b3a6a,ob2090obj00.mdl,,0,,,,1,,,,,,,,,-1,-1,-1,-1,,,,,,,,,,,,-1,,-1,-1,,,-1,,,,,,,,,,,,,,,,,,,,,,,,,,,,,,,,-1,,,,,,-1,,,,-1,,-1,,,,,,-1,,,,,0,,,,,,,,,,,,1,1,1,1,0,,,,,,,0,,1,,1,1,0,0,1,0,0,,,,,,,,,,,,,,,,,,,,,,,,,,,,,,,,,,1,,1,,,,,1,,,,,1,,,,,,,1,0,,,,,0,,0,0,0,0,0,,
water#c05a3e14be2f5d2e,ob2082obj03.mdl,,0,,,,1,,,,,,,,,,-1,-1,-1,,,,,,,,,,,,-1,,-1,-1,,,-1,,,,,,,,,,,,,,,,,,,,,,,,,,,,,,,,-1,,,,,,-1,,,,-1,,-1,,,,,,-1,,,,,0,,,,,,,,,,,,0,1,1,1,0,,,,,,,0,,1,,1,1,0,0,1,0,0,,,,,,,,,,,,,,,,,,,,,,,,,,,,,,,,,,1,,1,,,,,1,,,,,1,,,,,,,1,0,,,,,0,,0,0,0,0,0,,
water#c31c412dcaa7392b,a0001.mdl,,0,,,,1,,,,,,,,,-1,-1,-1,,,,,,,,,,,,,-1,,,-1,,,-1,,,,,,,,,,,,,,,,,,,,,,,,,,,,,,,,-1,,,,,,,,,,,,,,,,,,-1,,,,,0,,,,,,,,,,,,1,1,1,0,0,,,,,,,0,,1,,0,1,0,0,1,0,0,,,,,,,,,,,,,,,,,,,,,,,,,,,,,,,,,,1,,0,,,,,0,,,,,0,,,,,,,1,0,,,,,0,,0,0,0,0,0,,
water#cb59ba02049a5847,ob2000obj00.mdl,,0,,,,1,,,,,,,,,-1,-1,-1,-1,,,,,,,,,,,,-1,,-1,-1,,,-1,,,,,,,,,,,,,,,,,,,,,,,,,,,,,,,,-1,,,,,,-1,,,,-1,,-1,,,,,,-1,-1,,,,0,,,,,,,,,,,,1,1,1,1,0,,,,,,,0,,1,,1,1,0,0,1,0,0,,,,,,,,,,,,,,,,,,,,,,,,,,,,,,,,,,1,,1,,,,,1,,,,,1,,,,,,,1,1,,,,,0,,0,0,0,0,0,,
water#cf7f994946da8010,,ob0010obj16.mdl,0,,,,1,,,,,,,,,-1,-1,-1,-1,,,,,,,,,,,,-1,,-1,-1,,,,,,,,,,,,,,,,,,,,,,,,,,,,,,,,,,,-1,,,,,,-1,,,,-1,,-1,,,,,,-1,,-1,,,0,,,,,,,,,,,,1,1,1,1,0,,,,,,,0,,1,,1,1,0,0,0,0,0,,,,,,,,,,,,,,,,,,,,,,,,,,,,,,,,,,1,,1,,,,,1,,,,,1,,,,,,,1,0,,1,,,0,,1,0,0,0,0,,
water#d00d42dadf517b97,,ob2084obj01b_t.mdl,1,,,,0,,,,,,,,,-1,-1,,-1,,,,,,,,,,,,,,,,,,,,,,,,,,,,,,,,,,,,,,,,,,,,,,,,,,-1,,,,,,-1,,,,,,,,,,,,-1,,-1,,,0,,,,,,,,,,,,1,1,0,1,0,,,,,,,0,,0,,0,0,0,0,0,0,0,,,,,,,,,,,,,,,,,,,,,,,,,,,,,,,,,,1,,0,,,,,1,,,,,0,,,,,,,1,0,,1,,,0,,1,0,0,0,0,,
water#dac51a62780556e7,,ob3041obj08.mdl,0,,,,1,,,,,,,,,,-1,-1,,,,,,,,,,,,,,,,,,,,,,,,,,,,,,,,,,,,,,,,,,,,,,,,,,,-1,,,,,,,,,,,,-1,,,,,,-1,,-1,,,0,,,,,,,,,,,,0,1,1,0,0,,,,,,,0,,0,,0,0,0,0,0,0,0,,,,,,,,,,,,,,,,,,,,,,,,,,,,,,,,,,1,,1,,,,,0,,,,,0,,,,,,,1,0,,1,,,0,,0,0,0,0,0,,
water#de136844b96f610e,,ob2000obj00.mdl,0,,,,1,,,,,,,,,-1,-1,-1,-1,,,,,,,,,,,,-1,,-1,-1,,,,,,,,,,,,,,,,,,,,,,,,,,,,,,,,,,,-1,,,,,,-1,,,,-1,,-1,,,,,,-1,-1,-1,,,0,,,,,,,,,,,,1,1,1,1,0,,,,,,,0,,1,,1,1,0,0,0,0,0,,,,,,,,,,,,,,,,,,,,,,,,,,,,,,,,,,1,,1,,,,,1,,,,,1,,,,,,,1,1,,1,,,0,,0,0,0,0,0,,
water#e3d332ac0e20601c,,mp5600_01.mdl,0,,,,1,,,,,,,,,-1,-1,-1,-1,,,,,,,,,,,,-1,,-1,,,,,,,,,,,,,,,,,,,,,,,,,,,,,,,,,,,,-1,,,,,,-1,,,,-1,,-1,,,,,,-1,,,,,0,,,,,,,,,,,,1,1,1,1,0,,,,,,,0,,1,,1,0,0,0,0,0,0,,,,,,,,,,,,,,,,,,,,,,,,,,,,,,,,,,1,,1,,,,,1,,,,0,1,,,,,,,1,0,,0,,,0,,2,0,0,0,0,,
water#e7194def7653f010,,ob4010obj12b.mdl,0,,,,0,,,,,,,,,-1,-1,,,,,,,,,,,,,,,,,,,,,,,,,,,,,,,,,,,,,,,,,,,,,,,,,,,,-1,,,,,,-1,,,,,,,,,,,,-1,,-1,,,0,,,,,,,,,,,,1,1,0,0,0,,,,,,,0,,0,,0,0,0,0,0,0,0,,,,,,,,,,,,,,,,,,,,,,,,,,,,,,,,,,1,,0,,,,,1,,,,,0,,,,,,,1,0,,1,,,1,,0,0,0,0,0,,
water#e998fc80c255802a,,ob2090obj00.mdl,0,,,,1,,,,,,,,,-1,-1,-1,-1,,,,,,,,,,,,-1,,-1,-1,,,,,,,,,,,,,,,,,,,,,,,,,,,,,,,,,,,-1,,,,,,-1,,,,-1,,-1,,,,,,-1,,,,,0,,,,,,,,,,,,1,1,1,1,0,,,,,,,0,,1,,1,1,0,0,0,0,0,,,,,,,,,,,,,,,,,,,,,,,,,,,,,,,,,,1,,1,,,,,1,,,,,1,,,,,,,1,0,,,,,0,,0,0,0,0,0,,
water#ec60c8fcce5eabf3,ob0061hou03.mdl,ob0061hou03.mdl,1,,,,1,,,,,,,,,-1,,,,,,,,,,,,,,,,,,,,,,,,,,,,,,,,,,,,,,,,,,,,,,,,,,,,,-1,,,,,,,,,,,,,,,,,,,,,,,0,,,,,,,,,,,,1,0,0,0,0,,,,,,,0,,0,,,0,0,0,0,0,0,,,,,,,,,,,,,,,,,,,,,,,,,,,,,,,,,,1,,0,,,,,0,,,,,,,,,,,,0,0,,,,,0,,0,0,0,0,0,,
water#ee4457c3c02e5dc9,ob4010obj12.mdl,,0,,,,0,,,,,,,,,-1,-1,,,,,,,,,,,,,,,,,,,,,,,,,,,,,,,,,,,,,,,,,,,,,,,,,,,,-1,,,,,,-1,,,,,,,,,,,,-1,,,,,0,,,,,,,,,,,,1,1,0,0,0,,,,,,,0,,0,,0,0,0,0,0,0,0,,,,,,,,,,,,,,,,,,,,,,,,,,,,,,,,,,1,,0,,,,,1,,,,,0,,,,,,,1,0,,,,,1,,0,0,0,0,0,,
water#ee610b3f3a65f60d,,ob1010obj04.mdl,0,,,,0,,,,,,,,,-1,,,,,,,,,,,,,,,,,,,,,,,,,,,,,,,,,,,,,,,,,,,,,,,,,,,,,-1,,,,,,-1,,,,,,,,,,,,,,-1,,,0,,,,,,,,,,,,1,0,0,0,0,,,,,,,0,,0,,0,0,0,0,0,0,0,,,,,,,,,,,,,,,,,,,,,,,,,,,,,,,,,,1,,0,,,,,1,,,,,0,,,,,,,0,0,,1,,,1,,0,0,0,0,0,,
water#f0c1853936be1283,,ob0055obj01.mdl,0,,,,1,,,,,,,,,-1,-1,-1,-1,,,,,,,,,,,,,,-1,-1,,,,,,,,,,,,,,,,,,,,,,,,,,,,,,,,,,,-1,,,,,,-1,,,,-1,,-1,,,,,,-1,,-1,,,0,,,,,,,,,,,,1,1,1,1,0,,,,,,,0,,0,,1,1,0,0,0,0,0,,,,,,,,,,,,,,,,,,,,,,,,,,,,,,,,,,1,,1,,,,,1,,,,0,1,,,,,,,1,0,,1,,,0,,2,0,0,0,0,,
water#f79710c843c1d041,ob0000evt01.mdl,a1205.mdl,0,,,,1,,,,,,,,,-1,-1,-1,-1,,,,,,,,,,,,-1,,-1,-1,,,,,,,,,,,,,,,,,,,,,,,,,,,,,,,,,,,-1,,,,,,-1,,,,-1,,-1,,,,,,-1,,,,,0,,,,,,,,,,,,1,1,1,1,0,,,,,,,0,,1,,1,1,0,0,0,0,0,,,,,,,,,,,,,,,,,,,,,,,,,,,,,,,,,,1,,1,,,,,1,,,,,1,,,,,,,1,0,,,,,0,,2,0,0,0,0,,
water#ffb0092636133c4d,,ob1010obj04.mdl,0,,,,0,,,,,,,,,-1,,,,,,,,,,,,,,,,,,-1,,,,,,,,,,,,,,,,,,,,,,,,,,,,,,,,,,,-1,,,,,,-1,,,,,,,,,,,,,,-1,,,0,,,,,,,,,,,,1,0,0,0,0,,,,,,,0,,0,,0,1,0,0,0,0,0,,,,,,,,,,,,,,,,,,,,,,,,,,,,,,,,,,1,,0,,,,,1,,,,,0,,,,,,,0,0,,1,,,1,,0,0,0,0,0,,
water#ffcbc06fa18196e5,,ob4000obj00.mdl,0,,,,1,,,,,,,,,-1,-1,-1,-1,,,,,,,,,,,,-1,,-1,-1,,,,,,,,,,,,,,,,,,,,,,,,,,,,,,,,,,,-1,,,,,,-1,,,,-1,,,,,,,,-1,,-1,,,0,,,,,,,,,,,,1,1,1,1,0,,,,,,,0,,1,,1,1,0,0,0,0,0,,,,,,,,,,,,,,,,,,,,,,,,,,,,,,,,,,1,,0,,,,,1,,,,0,1,,,,,,,1,0,,1,,,0,,2,0,0,0,0,,
